资料组ID,公司,产品或能力,层级,已有描述,证据状态,来源,原记录,资料日期,继承快照日期,本轮新增核验,本轮新增来源,该对象的连接与交付问题,该对象的测试问题,尚需产品证据,原目录锚点
N1,Fabrinet,光学封装及精密光机电电子制造服务,工艺与制造服务,面向OEM的光通信组件、模块、子系统等复杂产品；资料证明制造服务范围，未证明自有品牌模块。,依据现有记录的命中引语整理；本次未额外网页核验，原记录状态不能视为最新量产状态。,有锚；发行人自述（Fabrinet 10-K）,P001,见对应 points 检索/判定日期；不等于产品发布日期,2026-10-03,,,核对来料、在制品与交付件的要求。,核对受托步骤、验收规格和客户产品对应关系。,未列具体客户产品型号、工艺组合与材料；不能把受托制造写成自有模块产品。；公司池纳入理由不能替代产品说明书；需继续对齐型号、配置和阶段。；无本次可得自有光模块SKU；具体客户设计、BOM和封装配置保留不公开。；合同制造目录不是产品IP所有权目录；通用工艺能力不自动绑定某800G/1.6T模块。,PVIEW1
N2,Fabrinet,[线索] 光通信制造交付服务,工艺与制造服务,光通信制造交付与产能验证方,现有公司池/观察理由线索；尚未逐产品核验,calls/universe.csv：FN，纳入理由；无逐产品原文锚,FN,公司池资料日期未标；不冒充产品发布日期,2026-10-03,,,核对来料、在制品与交付件的要求。,核对受托步骤、验收规格和客户产品对应关系。,未列具体客户产品型号、工艺组合与材料；不能把受托制造写成自有模块产品。；公司池纳入理由不能替代产品说明书；需继续对齐型号、配置和阶段。；无本次可得自有光模块SKU；具体客户设计、BOM和封装配置保留不公开。；合同制造目录不是产品IP所有权目录；通用工艺能力不自动绑定某800G/1.6T模块。,PVIEW2
N3,Fabrinet,800G scale-out模块制造项目,工艺与制造服务,Fabrinet确认其向超大规模客户推进的两个datacom模块项目均为800G scale-out应用,现有已审主张摘录；fact；非本轮重新核验,https://www.fool.com/earnings/call-transcripts/2026/05/04/fabrinet-fn-q3-2026-earnings-transcript/,CL034 | S_FN_2026Q3_C,2026-05-04,2026-10-03,,,核对来料、在制品与交付件的要求。,核对受托步骤、验收规格和客户产品对应关系。,未列具体客户产品型号、工艺组合与材料；不能把受托制造写成自有模块产品。；公司池纳入理由不能替代产品说明书；需继续对齐型号、配置和阶段。；无本次可得自有光模块SKU；具体客户设计、BOM和封装配置保留不公开。；合同制造目录不是产品IP所有权目录；通用工艺能力不自动绑定某800G/1.6T模块。,PVIEW3
N4,Fabrinet,CPO制造项目,工艺与制造服务,Fabrinet称已有少量CPO收入并正与三家客户推进项目,现有已审主张摘录；fact；非本轮重新核验,https://www.fool.com/earnings/call-transcripts/2026/05/04/fabrinet-fn-q3-2026-earnings-transcript/,CL035 | S_FN_2026Q3_C,2026-05-04,2026-10-03,,,核对来料、在制品与交付件的要求。,核对受托步骤、验收规格和客户产品对应关系。,未列具体客户产品型号、工艺组合与材料；不能把受托制造写成自有模块产品。；公司池纳入理由不能替代产品说明书；需继续对齐型号、配置和阶段。；无本次可得自有光模块SKU；具体客户设计、BOM和封装配置保留不公开。；合同制造目录不是产品IP所有权目录；通用工艺能力不自动绑定某800G/1.6T模块。,PVIEW4
N5,Fabrinet,100G 光模块原型及工艺开发服务 N/A（客户产品，未公布型号）,工艺与制造服务,客户定义；未公开配置。；100G光模块实例；具体PMD/平台未列。；客户定义，未公开。；客户定义，未公开。；客户定义，未公开。；客户定义，未公开。；服务工艺包括SMT、die attach、wire bonding、active alignment、光纤管理；非某SKU逐步工艺清单。；N/A（客户具体产品未列）。；N/A（服务无独立模块W规格）。；官网列工艺开发/原型服务实例；不能把原型实例当当前某SKU量产。；对象边界：原厂资料主张；不等于独立测试或客户验收。；服务商有模块制造能力不等于持有每款客户模块设计IP或自产全部光芯片。,制造服务；本轮归集；原文复核范围见来源标题；来源定位：Fabrinet Process Development（原型及工艺服务范围）；Fabrinet Optical Components（制造服务范围）,https://fabrinet.com/services/process-development | https://fabrinet.com/services/optical-components,产品扩展:Fabrinet,UNKNOWN；UNKNOWN,2026-10-03,,,核对来料、在制品与交付件的要求。,核对受托步骤、验收规格和客户产品对应关系。,未列具体客户产品型号、工艺组合与材料；不能把受托制造写成自有模块产品。；公司池纳入理由不能替代产品说明书；需继续对齐型号、配置和阶段。；无本次可得自有光模块SKU；具体客户设计、BOM和封装配置保留不公开。；合同制造目录不是产品IP所有权目录；通用工艺能力不自动绑定某800G/1.6T模块。,PVIEW5
N6,Fabrinet,800G 客户模块制造项目族 UNKNOWN（客户/PMD未披露）,工艺与制造服务,800G；内部配置未披露。；现有CL034称两种800G均为scale-out不同应用；光学配置未披露。；客户定义，未公开。；客户定义，未公开。；客户定义，未公开。；客户定义，未公开。；合同制造；各客户封装工艺未公开。；UNKNOWN（不同应用不可合并）。；N/A（本条为制造服务，客户产品规格未列）。；2026-05-04现有管理层引语谈800G业务；未对齐客户SKU。；对象边界：原厂资料主张；不等于独立测试或客户验收。；阶段只依据当前账本第三方逐字稿短锚，未本轮重核原文；不作为具体产品独立确认。,制造服务；本轮归集；原文复核范围见来源标题；来源定位：Fabrinet FY2026 Q3；现有CL034第三方逐字稿锚，未本轮重开；Fabrinet Optical Components（制造服务范围）,https://www.fool.com/earnings/call-transcripts/2026/05/04/fabrinet-fn-q3-2026-earnings-transcript/ | https://fabrinet.com/services/optical-components,产品扩展:Fabrinet,2026-05-04；UNKNOWN,2026-10-03,,,核对来料、在制品与交付件的要求。,核对受托步骤、验收规格和客户产品对应关系。,未列具体客户产品型号、工艺组合与材料；不能把受托制造写成自有模块产品。；公司池纳入理由不能替代产品说明书；需继续对齐型号、配置和阶段。；无本次可得自有光模块SKU；具体客户设计、BOM和封装配置保留不公开。；合同制造目录不是产品IP所有权目录；通用工艺能力不自动绑定某800G/1.6T模块。,PVIEW6
N7,"OharaQuartzCo.,Ltd.",石英片,材料,仕佳光子招股书供应商表列示的材料；未给规格、材料等级或具体光学件对应。,依据现有记录的命中引语整理；本次未额外网页核验，原记录状态不能视为最新量产状态。,有锚；披露方产品列（仕佳光子招股书供应商表）,P004,见对应 points 检索/判定日期；不等于产品发布日期,2026-10-03,,,查看材料进入哪道加工或装配工序。,核对尺寸、厚度、纯度、光学或热学参数；按实际材料选指标。,原记录锚为来源说明，未给可点击URL；具体使用环节与产品规格待补。,PVIEW7
N8,上海普恩化工有限公司,EVA树脂,材料,仕佳光子招股书供应商表列示的材料；未给配方、加工环节或光器件型号对应。,依据现有记录的命中引语整理；本次未额外网页核验，原记录状态不能视为最新量产状态。,有锚；披露方产品列（仕佳光子招股书供应商表）,P007,见对应 points 检索/判定日期；不等于产品发布日期,2026-10-03,,,查看材料进入哪道加工或装配工序。,核对尺寸、厚度、纯度、光学或热学参数；按实际材料选指标。,原记录锚为来源说明，未给可点击URL；树脂在光通信产品中的具体用途待补。,PVIEW8
N9,东田微,光隔离器,器件,年报引语明确布局并称进入供应商行列；具体磁光材料、结构及型号未列。,依据现有记录的命中引语整理；本次未额外网页核验，原记录状态不能视为最新量产状态。,S0a本地扫描2025年报（301183__em_东田微_em__2025_2025年年度报告.pdf）,P010,见对应 points 检索/判定日期；不等于产品发布日期,2026-10-03,,,核对光接口、电接口和安装基准。,按器件功能测损耗、增益、带宽或误差。,未列具体型号、客户与模块采用关系；FAU不可标规模量产。,PVIEW9
N10,东田微,CWDM/DWDM/LWDM WDM滤光片及组件,器件,应用于波分复用器件，含z-block组件；相关高端产品处于客户送样或小批量出货语境，不能推广为每个型号均量产。,依据现有记录的命中引语整理；本次未额外网页核验，原记录状态不能视为最新量产状态。,S0a本地扫描2025年报（301183__em_东田微_em__2025_2025年年度报告.pdf） | https://static.cninfo.com.cn/finalpage/2026-04-27/1225179306.PDF,P010 | P106,见对应 points 检索/判定日期；不等于产品发布日期,2026-10-03,,,核对光接口、电接口和安装基准。,按器件功能测损耗、增益、带宽或误差。,未列具体型号、客户与模块采用关系；FAU不可标规模量产。,PVIEW10
N11,东田微,硅透镜组件,器件,面向硅光和下一代高速光模块；2026-08-20引语称送样、小批量验证，部分客户小批量交付。,依据现有记录的命中引语整理；本次未额外网页核验，原记录状态不能视为最新量产状态。,https://static.cninfo.com.cn/finalpage/2026-08-21/1225488816.PDF,P272,见对应 points 检索/判定日期；不等于产品发布日期,2026-10-03,,,核对光接口、电接口和安装基准。,按器件功能测损耗、增益、带宽或误差。,未列具体型号、客户与模块采用关系；FAU不可标规模量产。,PVIEW11
N12,东田微,FAU产品,器件,面向下一代光互连的技术储备；2026-08-20为研发送样、客户验证，尚未形成大规模收入。,依据现有记录的命中引语整理；本次未额外网页核验，原记录状态不能视为最新量产状态。,https://static.cninfo.com.cn/finalpage/2026-08-21/1225488816.PDF,P273,见对应 points 检索/判定日期；不等于产品发布日期,2026-10-03,,,核对光接口、电接口和安装基准。,按器件功能测损耗、增益、带宽或误差。,未列具体型号、客户与模块采用关系；FAU不可标规模量产。,PVIEW12
N13,仕佳光子,PLC分路器芯片系列,芯片,主营产品构成明确列示PLC分路器芯片；具体波导材料、通道数与封装待补。,依据现有记录的命中引语整理；本次未额外网页核验，原记录状态不能视为最新量产状态。,"有锚；发行人自述，产品构成条目升级：招股书""仕佳光子主要产品包括光芯片及器件…AWG芯片系列产品…""（ledger-SJZ SJZ284/286）+ 2024年报""应用于400G和800G光模块的CWDM/LAN WDM AWG组件已实现大批量出货""""60通道100GHz AWG…芯片及模块已在骨干及城域网…相干通信应用中实现批量出货""（ledger-SJ24 SJ24-32起）；供货边 E110",P013,见对应 points 检索/判定日期；不等于产品发布日期,2026-10-03,,,分别核对供电、驱动/信号焊盘、光入口和光出口。,晶圆级或单芯片的电学、光学测试；装配后还需复测。,P071是混列的应用/封装/产品片段，未据此新增独立TOSA、DML型号；缺少精确型号与器件到模块采用关系。；P013来源说明另含AWG组件/相干应用出货摘要，其原始主张需与芯片系列区分。,PVIEW13
N14,仕佳光子,AWG芯片系列,芯片,主营产品构成明确列示AWG芯片系列；不能只凭AWG名称推断某个芯片的具体材料或模块BOM。,依据现有记录的命中引语整理；本次未额外网页核验，原记录状态不能视为最新量产状态。,"有锚；发行人自述，产品构成条目升级：招股书""仕佳光子主要产品包括光芯片及器件…AWG芯片系列产品…""（ledger-SJZ SJZ284/286）+ 2024年报""应用于400G和800G光模块的CWDM/LAN WDM AWG组件已实现大批量出货""""60通道100GHz AWG…芯片及模块已在骨干及城域网…相干通信应用中实现批量出货""（ledger-SJ24 SJ24-32起）；供货边 E110",P013,见对应 points 检索/判定日期；不等于产品发布日期,2026-10-03,,,分别核对供电、驱动/信号焊盘、光入口和光出口。,晶圆级或单芯片的电学、光学测试；装配后还需复测。,P071是混列的应用/封装/产品片段，未据此新增独立TOSA、DML型号；缺少精确型号与器件到模块采用关系。；P013来源说明另含AWG组件/相干应用出货摘要，其原始主张需与芯片系列区分。,PVIEW14
N15,仕佳光子,DFB激光器芯片系列,芯片,已建立包含外延生长的完整工艺线，掌握MQW有源区设计和MOCVD外延；接入网引语称稳定批量供货。外延是内制工序，不是外延片外售证明。,依据现有记录的命中引语整理；本次未额外网页核验，原记录状态不能视为最新量产状态。,"有锚；发行人自述，产品构成条目升级：招股书""仕佳光子主要产品包括光芯片及器件…AWG芯片系列产品…""（ledger-SJZ SJZ284/286）+ 2024年报""应用于400G和800G光模块的CWDM/LAN WDM AWG组件已实现大批量出货""""60通道100GHz AWG…芯片及模块已在骨干及城域网…相干通信应用中实现批量出货""（ledger-SJ24 SJ24-32起）；供货边 E110 | https://static.cninfo.com.cn/finalpage/2026-04-18/1225122538.PDF",P013 | P094 | P141,见对应 points 检索/判定日期；不等于产品发布日期,2026-10-03,,,分别核对供电、驱动/信号焊盘、光入口和光出口。,晶圆级或单芯片的电学、光学测试；装配后还需复测。,P071是混列的应用/封装/产品片段，未据此新增独立TOSA、DML型号；缺少精确型号与器件到模块采用关系。；P013来源说明另含AWG组件/相干应用出货摘要，其原始主张需与芯片系列区分。,PVIEW15
N16,仕佳光子,CWDFB连续波光源及器件,器件,用于数据中心硅光的连续波光源及器件，当前引语称小批量供货；具体功率、封装及平台映射未列。,依据现有记录的命中引语整理；本次未额外网页核验，原记录状态不能视为最新量产状态。,https://static.cninfo.com.cn/finalpage/2026-04-18/1225122538.PDF,P141,见对应 points 检索/判定日期；不等于产品发布日期,2026-10-03,,,核对光接口、电接口和安装基准。,按器件功能测损耗、增益、带宽或误差。,P071是混列的应用/封装/产品片段，未据此新增独立TOSA、DML型号；缺少精确型号与器件到模块采用关系。；P013来源说明另含AWG组件/相干应用出货摘要，其原始主张需与芯片系列区分。,PVIEW16
N17,仕佳光子,光纤连接器,器件,主营产品构成列示光纤连接器；未给连接器接口或型号。,依据现有记录的命中引语整理；本次未额外网页核验，原记录状态不能视为最新量产状态。,"有锚；发行人自述，产品构成条目升级：招股书""仕佳光子主要产品包括光芯片及器件…AWG芯片系列产品…""（ledger-SJZ SJZ284/286）+ 2024年报""应用于400G和800G光模块的CWDM/LAN WDM AWG组件已实现大批量出货""""60通道100GHz AWG…芯片及模块已在骨干及城域网…相干通信应用中实现批量出货""（ledger-SJ24 SJ24-32起）；供货边 E110",P013,见对应 points 检索/判定日期；不等于产品发布日期,2026-10-03,,,核对光接口、电接口和安装基准。,按器件功能测损耗、增益、带宽或误差。,P071是混列的应用/封装/产品片段，未据此新增独立TOSA、DML型号；缺少精确型号与器件到模块采用关系。；P013来源说明另含AWG组件/相干应用出货摘要，其原始主张需与芯片系列区分。,PVIEW17
N18,仕佳光子,MT-FA产品与高通道FAU,器件,800G/1.6T光模块用MT-FA部分批量应用，部分客户验证和推广；CPO用高通道FAU小批量出货。,依据现有记录的命中引语整理；本次未额外网页核验，原记录状态不能视为最新量产状态。,https://static.cninfo.com.cn/finalpage/2026-04-18/1225122538.PDF,P142,见对应 points 检索/判定日期；不等于产品发布日期,2026-10-03,,,核对光接口、电接口和安装基准。,按器件功能测损耗、增益、带宽或误差。,P071是混列的应用/封装/产品片段，未据此新增独立TOSA、DML型号；缺少精确型号与器件到模块采用关系。；P013来源说明另含AWG组件/相干应用出货摘要，其原始主张需与芯片系列区分。,PVIEW18
N19,仕佳光子,室内光缆及线缆材料,材料,主营产品构成列示研发、生产和销售；具体线材种类和光缆结构未列。,依据现有记录的命中引语整理；本次未额外网页核验，原记录状态不能视为最新量产状态。,"有锚；发行人自述，产品构成条目升级：招股书""仕佳光子主要产品包括光芯片及器件…AWG芯片系列产品…""（ledger-SJZ SJZ284/286）+ 2024年报""应用于400G和800G光模块的CWDM/LAN WDM AWG组件已实现大批量出货""""60通道100GHz AWG…芯片及模块已在骨干及城域网…相干通信应用中实现批量出货""（ledger-SJ24 SJ24-32起）；供货边 E110",P013,见对应 points 检索/判定日期；不等于产品发布日期,2026-10-03,,,查看材料进入哪道加工或装配工序。,核对尺寸、厚度、纯度、光学或热学参数；按实际材料选指标。,P071是混列的应用/封装/产品片段，未据此新增独立TOSA、DML型号；缺少精确型号与器件到模块采用关系。；P013来源说明另含AWG组件/相干应用出货摘要，其原始主张需与芯片系列区分。,PVIEW19
N20,仕佳光子,OTDR用内置DML激光器；TDLAS气体传感TOSA,器件,P071片段列工温、同轴封装与4G/5G等应用；TDLAS为气体传感旁支，不等于高速光模块采用。片段截断，精确SKU和对应关系待回原文。,依据现有记录的命中引语整理；本次未额外网页核验，原记录状态不能视为最新量产状态。,https://static.cninfo.com.cn/finalpage/2026-04-18/1225122538.PDF,P071,见对应 points 检索/判定日期；不等于产品发布日期,2026-10-03,,,核对光接口、电接口和安装基准。,按器件功能测损耗、增益、带宽或误差。,P071是混列的应用/封装/产品片段，未据此新增独立TOSA、DML型号；缺少精确型号与器件到模块采用关系。；P013来源说明另含AWG组件/相干应用出货摘要，其原始主张需与芯片系列区分。,PVIEW20
N21,光迅科技,光放大器,器件,主营产品引语列示光放大器，未给EDFA/SOA等具体路线。,依据现有记录的命中引语整理；本次未额外网页核验，原记录状态不能视为最新量产状态。 P088自研硅光/外部代工主张的原锚仍待复核，平台集合主张与型号产品分开。,有锚；发行人自述（2023年报）,P016,见对应 points 检索/判定日期；不等于产品发布日期,2026-10-03,,,核对光接口、电接口和安装基准。,按器件功能测损耗、增益、带宽或误差。,平台拥有/量产支撑不等于每类芯片的独立销售证明；P088原始锚仍待复核。；内部材料、芯片型号、模块级采用关系及具体子系统待补。,PVIEW21
N22,光迅科技,WSS、OTDR及相干器件,器件,智能光网络应用产品列示，保持相干器件集合粒度，不推独立激光器或DSP型号。,依据现有记录的命中引语整理；本次未额外网页核验，原记录状态不能视为最新量产状态。 P088自研硅光/外部代工主张的原锚仍待复核，平台集合主张与型号产品分开。,https://static.cninfo.com.cn/finalpage/2026-04-23/1225148212.PDF,P103,见对应 points 检索/判定日期；不等于产品发布日期,2026-10-03,,,核对光接口、电接口和安装基准。,按器件功能测损耗、增益、带宽或误差。,平台拥有/量产支撑不等于每类芯片的独立销售证明；P088原始锚仍待复核。；内部材料、芯片型号、模块级采用关系及具体子系统待补。,PVIEW22
N23,光迅科技,FP/DFB/EML/VCSEL激光器芯片平台,工艺与制造服务,公司集合性自述拥有多种激光器芯片平台，为调制方案及稳定量产提供支撑；不能当作每一具体芯片型号均独立外售。,依据现有记录的命中引语整理；本次未额外网页核验，原记录状态不能视为最新量产状态。 P088自研硅光/外部代工主张的原锚仍待复核，平台集合主张与型号产品分开。,https://static.cninfo.com.cn/finalpage/2026-04-23/1225148212.PDF,P100 | P147,见对应 points 检索/判定日期；不等于产品发布日期,2026-10-03,,,核对来料、在制品与交付件的要求。,核对受托步骤、验收规格和客户产品对应关系。,平台拥有/量产支撑不等于每类芯片的独立销售证明；P088原始锚仍待复核。；内部材料、芯片型号、模块级采用关系及具体子系统待补。,PVIEW23
N24,光迅科技,PD/APD探测器芯片平台,工艺与制造服务,公司集合性自述拥有PD/APD芯片平台；具体材料、波段、型号及模块采用未列。,依据现有记录的命中引语整理；本次未额外网页核验，原记录状态不能视为最新量产状态。 P088自研硅光/外部代工主张的原锚仍待复核，平台集合主张与型号产品分开。,https://static.cninfo.com.cn/finalpage/2026-04-23/1225148212.PDF,P100 | P148,见对应 points 检索/判定日期；不等于产品发布日期,2026-10-03,,,核对来料、在制品与交付件的要求。,核对受托步骤、验收规格和客户产品对应关系。,平台拥有/量产支撑不等于每类芯片的独立销售证明；P088原始锚仍待复核。；内部材料、芯片型号、模块级采用关系及具体子系统待补。,PVIEW24
N25,光迅科技,自研硅光芯片/SiP芯片平台,工艺与制造服务,自研硅光芯片设计，流片采用外部代工；P088既有记录注明锚待复核，不能升级为本次已核型号产品。SiP平台为集合性描述。,依据现有记录的命中引语整理；本次未额外网页核验，原记录状态不能视为最新量产状态。 P088自研硅光/外部代工主张的原锚仍待复核，平台集合主张与型号产品分开。,https://notice.10jqka.com.cn/api/pdf/d08042a17d68d6e8.pdf | https://static.cninfo.com.cn/finalpage/2026-04-23/1225148212.PDF,P088 | P100 | P147,见对应 points 检索/判定日期；不等于产品发布日期,2026-10-03,,,核对来料、在制品与交付件的要求。,核对受托步骤、验收规格和客户产品对应关系。,平台拥有/量产支撑不等于每类芯片的独立销售证明；P088原始锚仍待复核。；内部材料、芯片型号、模块级采用关系及具体子系统待补。,PVIEW25
N26,光迅科技,AWG、VMUX、WDM、VOA无源产品,器件,无源产品线明确列AWG阵列波导光栅、光功率可调VMUX、WDM和可调VOA；具体材料与集成位置未列。,依据现有记录的命中引语整理；本次未额外网页核验，原记录状态不能视为最新量产状态。 P088自研硅光/外部代工主张的原锚仍待复核，平台集合主张与型号产品分开。,https://static.cninfo.com.cn/finalpage/2026-04-23/1225148212.PDF,P149,见对应 points 检索/判定日期；不等于产品发布日期,2026-10-03,,,核对光接口、电接口和安装基准。,按器件功能测损耗、增益、带宽或误差。,平台拥有/量产支撑不等于每类芯片的独立销售证明；P088原始锚仍待复核。；内部材料、芯片型号、模块级采用关系及具体子系统待补。,PVIEW26
N27,光迅科技,XGSPON/GPON OLT/ONU BOSA及10G PON BOSA,器件,固网FTTH接入应用；引语列XGSPON/GPON OLT/ONU与10GEPON/10GGPON/10GComboPON BOSA。,依据现有记录的命中引语整理；本次未额外网页核验，原记录状态不能视为最新量产状态。 P088自研硅光/外部代工主张的原锚仍待复核，平台集合主张与型号产品分开。,https://static.cninfo.com.cn/finalpage/2026-04-23/1225148212.PDF,P072 | P150,见对应 points 检索/判定日期；不等于产品发布日期,2026-10-03,,,核对光接口、电接口和安装基准。,按器件功能测损耗、增益、带宽或误差。,平台拥有/量产支撑不等于每类芯片的独立销售证明；P088原始锚仍待复核。；内部材料、芯片型号、模块级采用关系及具体子系统待补。,PVIEW27
N28,光迅科技,光纤放大器；AWG/VMUX/WDM/VOA/OPM/WSS/OTDR；光连接器；OSA,器件,详规与型号仍需逐产品补齐,本轮核对目录/年报分类,https://www.accelink.com/upload/1/cms/20260427/1777270551534.pdf,A25AR,2026-04-23,2026-10-03,,,核对光接口、电接口和安装基准。,按器件功能测损耗、增益、带宽或误差。,平台拥有/量产支撑不等于每类芯片的独立销售证明；P088原始锚仍待复核。；内部材料、芯片型号、模块级采用关系及具体子系统待补。,PVIEW28
N29,博敏电子,400G/800G光模块PCB,器件,引语称400G、800G PCB已批量供货；1.6T光模块PCB仍为积极推动量产的工作。,依据现有记录的命中引语整理；本次未额外网页核验，原记录状态不能视为最新量产状态。,S0a本地扫描2025年报（603936__em_博敏电子_em__2025_博敏电子2025年年度报告.pdf）,P019,见对应 points 检索/判定日期；不等于产品发布日期,2026-10-03,,,核对光接口、电接口和安装基准。,按器件功能测损耗、增益、带宽或误差。,1.6T不得沿用400G/800G批量供货状态；未列板材、层数、线宽、客户及型号。,PVIEW29
N30,大阳日酸特殊气体,磷化氢、砷化氢,材料,源杰招股书供应商表列示的材料；未给纯度、交付形式或具体外延工序。,依据现有记录的命中引语整理；本次未额外网页核验，原记录状态不能视为最新量产状态。,有锚；披露方产品列（源杰招股书供应商表）,P022,见对应 points 检索/判定日期；不等于产品发布日期,2026-10-03,,,查看材料进入哪道加工或装配工序。,核对尺寸、厚度、纯度、光学或热学参数；按实际材料选指标。,来源仅为供应商表说明；具体光芯片工序与材料规格待补。,PVIEW30
N31,广东瑞谷光网通信股份有限公司,芯片封装委托加工,工艺与制造服务,源杰招股书委托加工表列示的服务；不是该企业自有芯片产品证明。,依据现有记录的命中引语整理；本次未额外网页核验，原记录状态不能视为最新量产状态。,有锚；披露方产品列（源杰招股书委托加工表）,P027,见对应 points 检索/判定日期；不等于产品发布日期,2026-10-03,,,核对来料、在制品与交付件的要求。,核对受托步骤、验收规格和客户产品对应关系。,未给COC/TO/蝶形等封装路线、所加工芯片型号或客户关系细节。,PVIEW31
N32,斯瑞新材,光模块芯片基座/壳体,器件,引语列主要产品并称壳体批量供应；未列基座与壳体具体材料和结构。,依据现有记录的命中引语整理；本次未额外网页核验，原记录状态不能视为最新量产状态。,https://static.cninfo.com.cn/finalpage/2026-04-28/1225214766.PDF,P030,见对应 points 检索/判定日期；不等于产品发布日期,2026-10-03,,,核对光接口、电接口和安装基准。,按器件功能测损耗、增益、带宽或误差。,不得凭公司材料主业推定该基座为某合金；缺少尺寸、散热指标及模块型号采用。,PVIEW32
N33,武汉云岭光电有限公司,光通信用激光器芯片及封装类产品,芯片,源杰招股书同业描述列示激光器芯片及封装类产品，未明确DFB/EML等路线。,依据现有记录的命中引语整理；本次未额外网页核验，原记录状态不能视为最新量产状态。,有锚；同业描述（源杰招股书同业段）,P036,见对应 points 检索/判定日期；不等于产品发布日期,2026-10-03,,,分别核对供电、驱动/信号焊盘、光入口和光出口。,晶圆级或单芯片的电学、光学测试；装配后还需复测。,这是同业描述而非本次官网产品核验；具体平台、器件型号与封装待补。,PVIEW33
N34,武汉云岭光电有限公司,光通信用探测器芯片及封装类产品,芯片,同业描述列示探测器芯片及封装类产品，未明确PIN/APD或材料体系。,依据现有记录的命中引语整理；本次未额外网页核验，原记录状态不能视为最新量产状态。,有锚；同业描述（源杰招股书同业段）,P036,见对应 points 检索/判定日期；不等于产品发布日期,2026-10-03,,,分别核对供电、驱动/信号焊盘、光入口和光出口。,晶圆级或单芯片的电学、光学测试；装配后还需复测。,这是同业描述而非本次官网产品核验；具体平台、器件型号与封装待补。,PVIEW34
N35,泛孟新材料,异丙醇、光刻胶去除液,材料,源杰招股书供应商表列示材料；未给配方和使用工序。,依据现有记录的命中引语整理；本次未额外网页核验，原记录状态不能视为最新量产状态。,有锚；披露方产品列（源杰招股书供应商表）,P045,见对应 points 检索/判定日期；不等于产品发布日期,2026-10-03,,,查看材料进入哪道加工或装配工序。,核对尺寸、厚度、纯度、光学或热学参数；按实际材料选指标。,材料纯度、对应芯片工序与采购规格待补；不推其生产光芯片。,PVIEW35
N36,深圳市东飞凌科技有限公司,芯片封装委托加工,工艺与制造服务,源杰招股书委托加工表列示，未给具体封装形态。,依据现有记录的命中引语整理；本次未额外网页核验，原记录状态不能视为最新量产状态。,有锚；披露方产品列（源杰招股书委托加工表）,P048,见对应 points 检索/判定日期；不等于产品发布日期,2026-10-03,,,核对来料、在制品与交付件的要求。,核对受托步骤、验收规格和客户产品对应关系。,自有芯片产品、COC/TO封装路线与加工型号未证明。,PVIEW36
N37,湖北安一辰光电科技有限公司,芯片封装委托加工,工艺与制造服务,源杰招股书委托加工表列示，未给具体封装形态。,依据现有记录的命中引语整理；本次未额外网页核验，原记录状态不能视为最新量产状态。,有锚；披露方产品列（源杰招股书委托加工表）,P051,见对应 points 检索/判定日期；不等于产品发布日期,2026-10-03,,,核对来料、在制品与交付件的要求。,核对受托步骤、验收规格和客户产品对应关系。,自有芯片产品、COC/TO封装路线与加工型号未证明。,PVIEW37
N38,猎奇智能,贴片、光学耦合、老化测试智能生产装备,设备,发行人引语明确装备应用于三个核心生产环节；同句还覆盖半导体/汽车自动化，不能将全部装备视为光模块专用。,依据现有记录的命中引语整理；本次未额外网页核验，原记录状态不能视为最新量产状态。,有锚；发行人自述（招股书第五节）,P055,见对应 points 检索/判定日期；不等于产品发布日期,2026-10-03,,,这里的接口是工件、夹具、探针和自动化接口。,核对处理材料、行程、精度、重复性和测试覆盖；不是模块性能指标。,未列设备型号、精度、耦合方式、测试项目及具体客户。,PVIEW38
N39,福晶科技,球面透镜、柱面透镜、非球面透镜,器件,精密光学元件类别明确，应用包括光通信波分复用器；不宣称透镜专供光模块或已匹配具体模块。,依据现有记录的命中引语整理；本次未额外网页核验，原记录状态不能视为最新量产状态。,https://static.cninfo.com.cn/finalpage/2026-04-29/1225227139.pdf,P058,见对应 points 检索/判定日期；不等于产品发布日期,2026-10-03,,,核对光接口、电接口和安装基准。,按器件功能测损耗、增益、带宽或误差。,来源标部分证实；具体透镜材料、规格、WDM组件型号与供应关系待补。,PVIEW39
N40,联讯仪器,电子测量仪器,设备,引语明确研发、制造、销售及服务；没有给光通信具体测量对象与型号。,依据现有记录的命中引语整理；本次未额外网页核验，原记录状态不能视为最新量产状态。,有锚；发行人自述（招股书）,P061,见对应 points 检索/判定日期；不等于产品发布日期,2026-10-03,,,这里的接口是工件、夹具、探针和自动化接口。,核对处理材料、行程、精度、重复性和测试覆盖；不是模块性能指标。,当前引语只支持设备大类；不能补成某光模块测试仪、老化机或特定带宽产品。,PVIEW40
N41,联讯仪器,半导体测试设备,设备,引语明确研发、制造、销售及服务；没有给光通信专用测试路线。,依据现有记录的命中引语整理；本次未额外网页核验，原记录状态不能视为最新量产状态。,有锚；发行人自述（招股书）,P061,见对应 points 检索/判定日期；不等于产品发布日期,2026-10-03,,,这里的接口是工件、夹具、探针和自动化接口。,核对处理材料、行程、精度、重复性和测试覆盖；不是模块性能指标。,当前引语只支持设备大类；不能补成某光模块测试仪、老化机或特定带宽产品。,PVIEW41
N42,诺力昂化学品,金属有机物（MO源类）,材料,源杰招股书供应商表列示材料，具体化合物、纯度与外延流程未列。,依据现有记录的命中引语整理；本次未额外网页核验，原记录状态不能视为最新量产状态。,有锚；披露方产品列（源杰招股书供应商表）,P064,见对应 points 检索/判定日期；不等于产品发布日期,2026-10-03,,,查看材料进入哪道加工或装配工序。,核对尺寸、厚度、纯度、光学或热学参数；按实际材料选指标。,未列具体MO源品种；不能从MO源大类推定TMIn/TMGa等型号。,PVIEW42
N43,长盈通,CWDM及LAN WDM AWG器件,器件,年报产品简介列示AWG器件，称小尺寸、低损耗及低成本；没有定量比较条件或具体材料。,依据现有记录的命中引语整理；本次未额外网页核验，原记录状态不能视为最新量产状态。,S0a本地扫描2025年报（688143__em_长盈通_em__2025_2025年年度报告.pdf）,P068,见对应 points 检索/判定日期；不等于产品发布日期,2026-10-03,,,核对光接口、电接口和安装基准。,按器件功能测损耗、增益、带宽或误差。,并购所获能力与主体自制/具体子公司应区分；AWG材料、型号、客户及规模数据待补。,PVIEW43
N44,长盈通,光模块用无源内连光器件和光纤阵列研发生产销售能力,工艺与制造服务,并购后构建该类研发、生产、销售能力的公司自述；不等于每一产品型号已经规模交付。,依据现有记录的命中引语整理；本次未额外网页核验，原记录状态不能视为最新量产状态。,S0a本地扫描2025年报（688143__em_长盈通_em__2025_2025年年度报告.pdf）,P069,见对应 points 检索/判定日期；不等于产品发布日期,2026-10-03,,,核对来料、在制品与交付件的要求。,核对受托步骤、验收规格和客户产品对应关系。,并购所获能力与主体自制/具体子公司应区分；AWG材料、型号、客户及规模数据待补。,PVIEW44
N45,铭普光磁,TOSA、BOSA、TriOSA、QOSA、ComboBOSA,器件,光器件系列产品明确列示这些封装组件类别；未列激光器/探测器平台及封装细节。,依据现有记录的命中引语整理；本次未额外网页核验，原记录状态不能视为最新量产状态。,https://static.cninfo.com.cn/finalpage/2026-04-25/1225190103.PDF,P181 | P182,见对应 points 检索/判定日期；不等于产品发布日期,2026-10-03,,,核对光接口、电接口和安装基准。,按器件功能测损耗、增益、带宽或误差。,每一速率/组件的SKU、材料平台与交付阶段需独立对应；不能继承整个公司生产状态。；ONU与Stick OLT暂不强制套成整模块卡；需产品规格书先确定对象。,PVIEW45
N46,深南电路,光模块应用PCB,器件,PCB业务引语明确包含光模块领域，并称2024年以来相关需求增长；未给光模块专项规模或PCB技术规格。,依据现有记录的命中引语整理；本次未额外网页核验，原记录状态不能视为最新量产状态。,https://static.cninfo.com.cn/finalpage/2026-03-13/1225006760.PDF,P083,见对应 points 检索/判定日期；不等于产品发布日期,2026-10-03,,,核对光接口、电接口和安装基准。,按器件功能测损耗、增益、带宽或误差。,交换机/加速卡/服务器PCB不能当作光模块PCB同一配置；板材、叠层与目标速率待补。,PVIEW46
N47,南亚新材,高速板、LowDK板材,材料,产品应用矩阵把交换机/路由器/光模块等通信设备列为应用；未给具体型号或材料配方。,依据现有记录的命中引语整理；本次未额外网页核验，原记录状态不能视为最新量产状态。,https://static.cninfo.com.cn/finalpage/2026-03-26/1225031388.PDF,P086,见对应 points 检索/判定日期；不等于产品发布日期,2026-10-03,,,查看材料进入哪道加工或装配工序。,核对尺寸、厚度、纯度、光学或热学参数；按实际材料选指标。,客户应用矩阵不等于某光模块实际采用；介电参数、频率与板材型号待补。,PVIEW47
N48,AIXTRON,[线索] InP/GaAs MOCVD设备,设备,InP与GaAs MOCVD设备和扩产交期观察方,现有公司池/观察理由线索；尚未逐产品核验,calls/universe.csv：AIXA，纳入理由；无逐产品原文锚,AIXA,公司池资料日期未标；不冒充产品发布日期,2026-10-03,AIXTRON G10-AsP是用于GaAs/InP材料的自动化MOCVD设备；原厂列晶圆自动装卸和多种尺寸能力。,https://www.aixtron.com/de/produkte/verbindungshalbleiter-mocvd/g10-asp,这里的接口是工件、夹具、探针和自动化接口。,核对处理材料、行程、精度、重复性和测试覆盖；不是模块性能指标。,英文命中句仅说明InP激光器/探测器需求，不能作为AIXTRON自有设备产品原句。；记录括注提G10-AsP订单但来源为官方稿转载镜像，既有判定要求待换原稿；设备名、用途和订单应补原文后再纳入已证产品。；公司池纳入理由不能替代产品说明书；需继续对齐型号、配置和阶段。,PVIEW48
N49,Samco,[线索] InP刻蚀与沉积设备,设备,InP刻蚀沉积设备产品与订单事件监控,现有公司池/观察理由线索；尚未逐产品核验,https://www.samco.co.jp/en/disclosure/,WATCH_SAMCO,公司池资料日期未标；不冒充产品发布日期,2026-10-03,,,这里的接口是工件、夹具、探针和自动化接口。,核对处理材料、行程、精度、重复性和测试覆盖；不是模块性能指标。,当前命中引语只说明InP用于高速光子/通信；页面语境为InP刻蚀工艺，尚不足以证明具体设备产品。；具体工艺能力、刻蚀设备型号与光通信器件适配待补。；公司池纳入理由不能替代产品说明书；需继续对齐型号、配置和阶段。,PVIEW49
N50,燕东微,8英寸SiN工艺量产平台,工艺与制造服务,引语称建成量产生产线，产能3000片/月、年内累计产出1.48万片；统计为原记录年度口径，非本次现时产能核验。,依据现有记录的命中引语整理；本次未额外网页核验，原记录状态不能视为最新量产状态。,https://static.cninfo.com.cn/finalpage/2026-04-29/1225238474.PDF,P101,见对应 points 检索/判定日期；不等于产品发布日期,2026-10-03,,,核对来料、在制品与交付件的要求。,核对受托步骤、验收规格和客户产品对应关系。,工艺平台不等于每款PIC成品或特定客户器件；晶圆代工服务范围、PDK和器件库待补。,PVIEW50
N51,燕东微,12英寸SOI硅光工艺平台,工艺与制造服务,引语称建成平台；不能沿用8英寸SiN的量产/产出状态，既有记录注明SOI平台导入阶段。,依据现有记录的命中引语整理；本次未额外网页核验，原记录状态不能视为最新量产状态。,https://static.cninfo.com.cn/finalpage/2026-04-29/1225238474.PDF,P101,见对应 points 检索/判定日期；不等于产品发布日期,2026-10-03,,,核对来料、在制品与交付件的要求。,核对受托步骤、验收规格和客户产品对应关系。,工艺平台不等于每款PIC成品或特定客户器件；晶圆代工服务范围、PDK和器件库待补。,PVIEW51
N52,拓荆科技,晶圆对晶圆混合键合三维集成设备,设备,引语明确混合键合设备应用包括硅光，并列设备收入及量产规模增长；未给硅光专项收入。,依据现有记录的命中引语整理；本次未额外网页核验，原记录状态不能视为最新量产状态。,https://static.cninfo.com.cn/finalpage/2026-04-28/1225222226.PDF,P113,见对应 points 检索/判定日期；不等于产品发布日期,2026-10-03,,,这里的接口是工件、夹具、探针和自动化接口。,核对处理材料、行程、精度、重复性和测试覆盖；不是模块性能指标。,键合材料、设备型号、对准精度、晶圆尺寸和客户项目未列；不能推定某CPO器件采用。,PVIEW52
N53,罗博特科,光子器件集成耦合设备,设备,主营产品表列示耦合设备；面向硅光芯片、光模块等光子器件的微组装、封装和测试。,依据现有记录的命中引语整理；本次未额外网页核验，原记录状态不能视为最新量产状态。,https://static.cninfo.com.cn/finalpage/2026-03-31/1225059372.PDF,P116 | P172 | P173,见对应 points 检索/判定日期；不等于产品发布日期,2026-10-03,,,这里的接口是工件、夹具、探针和自动化接口。,核对处理材料、行程、精度、重复性和测试覆盖；不是模块性能指标。,P116末尾光纤预…为截断文本，不补造产品名；具体测试项/设备型号与精度待补。,PVIEW53
N54,罗博特科,Bond自动化超高精度贴片设备,设备,主营产品表列示贴片设备；未给共晶/焊接/胶接细节、精度数字或型号。,依据现有记录的命中引语整理；本次未额外网页核验，原记录状态不能视为最新量产状态。,https://static.cninfo.com.cn/finalpage/2026-03-31/1225059372.PDF,P116 | P173,见对应 points 检索/判定日期；不等于产品发布日期,2026-10-03,,,这里的接口是工件、夹具、探针和自动化接口。,核对处理材料、行程、精度、重复性和测试覆盖；不是模块性能指标。,P116末尾光纤预…为截断文本，不补造产品名；具体测试项/设备型号与精度待补。,PVIEW54
N55,罗博特科,高速光电子、半导体硅光模组/CPO模组测试设备,设备,引语明确硅光/CPO模组测试设备；不等于该公司自制光模块或光芯片。,依据现有记录的命中引语整理；本次未额外网页核验，原记录状态不能视为最新量产状态。,https://static.cninfo.com.cn/finalpage/2026-03-31/1225059372.PDF,P173,见对应 points 检索/判定日期；不等于产品发布日期,2026-10-03,,,这里的接口是工件、夹具、探针和自动化接口。,核对处理材料、行程、精度、重复性和测试覆盖；不是模块性能指标。,P116末尾光纤预…为截断文本，不补造产品名；具体测试项/设备型号与精度待补。,PVIEW55
N56,聚飞光电,10G/25G/100G/200G SR光引擎,器件,公司自研项目引语称持续稳定量产；具体VCSEL/PD材料与封装未列。,依据现有记录的命中引语整理；本次未额外网页核验，原记录状态不能视为最新量产状态。,https://static.cninfo.com.cn/finalpage/2026-04-18/1225120883.PDF,P123,见对应 points 检索/判定日期；不等于产品发布日期,2026-10-03,,,核对光接口、电接口和安装基准。,按器件功能测损耗、增益、带宽或误差。,光引擎与整模块边界、具体客户、材料平台及代工交付阶段待补。；800G SR8代工开发项目：代工项目的客户、具体料号、当前进展与制造测试流程未确认。,PVIEW56
N57,聚飞光电,400G SR、800G SR8光引擎,器件,相关项目持续出货；不能据SR名称自动补具体芯片材料或模块内部结构。,依据现有记录的命中引语整理；本次未额外网页核验，原记录状态不能视为最新量产状态。,https://static.cninfo.com.cn/finalpage/2026-04-18/1225120883.PDF,P123,见对应 points 检索/判定日期；不等于产品发布日期,2026-10-03,,,核对光接口、电接口和安装基准。,按器件功能测损耗、增益、带宽或误差。,光引擎与整模块边界、具体客户、材料平台及代工交付阶段待补。；800G SR8代工开发项目：代工项目的客户、具体料号、当前进展与制造测试流程未确认。,PVIEW57
N58,聚飞光电,400G/800G数据中心光模块工艺平台与量产线,工艺与制造服务,引语称已经搭建平台及量产线；不证明整模块全部为自有品牌且实际采用某光引擎。,依据现有记录的命中引语整理；本次未额外网页核验，原记录状态不能视为最新量产状态。,https://static.cninfo.com.cn/finalpage/2026-04-18/1225120883.PDF,P123,见对应 points 检索/判定日期；不等于产品发布日期,2026-10-03,,,核对来料、在制品与交付件的要求。,核对受托步骤、验收规格和客户产品对应关系。,光引擎与整模块边界、具体客户、材料平台及代工交付阶段待补。；800G SR8代工开发项目：代工项目的客户、具体料号、当前进展与制造测试流程未确认。,PVIEW58
N59,聚飞光电,800G SR8合作代工项目,工艺与制造服务,与部分客户合作开发的代工项目正在推进；不能标已完成或已量产。,依据现有记录的命中引语整理；本次未额外网页核验，原记录状态不能视为最新量产状态。,https://static.cninfo.com.cn/finalpage/2026-04-18/1225120883.PDF,P123,见对应 points 检索/判定日期；不等于产品发布日期,2026-10-03,,,核对来料、在制品与交付件的要求。,核对受托步骤、验收规格和客户产品对应关系。,光引擎与整模块边界、具体客户、材料平台及代工交付阶段待补。；800G SR8代工开发项目：代工项目的客户、具体料号、当前进展与制造测试流程未确认。,PVIEW59
N60,聚飞光电,800G SR8代工开发项目,工艺与制造服务,"""公司自研的10G、25G、100G、200GSR光引擎项目持续稳定量产…原已搭建完成应用于数据中心的400G、800G光模块项目工艺平台及量产线,其中400GSR、800GSR8光引擎项目持续出货,与部分客户合作开发的800GSR8代工项目正在推进中""；只将合作代工项目记为服务，未据此认定自有品牌整模块或该代工项目已量产。",现有points原引语摘录；本轮未回读原PDF,https://static.cninfo.com.cn/finalpage/2026-04-18/1225120883.PDF,P123,账本检索日期2026-07-26；原披露见PDF，未重新回读,2026-10-03,,,核对来料、在制品与交付件的要求。,核对受托步骤、验收规格和客户产品对应关系。,光引擎与整模块边界、具体客户、材料平台及代工交付阶段待补。；800G SR8代工开发项目：代工项目的客户、具体料号、当前进展与制造测试流程未确认。,PVIEW60
N61,东睦股份,用于光模块散热的MIM结构件,器件,开发金属注射成形结构件，承接800G/1600G相关项目；原引语明确开发阶段且尚未实现销售收入。,依据现有记录的命中引语整理；本次未额外网页核验，原记录状态不能视为最新量产状态。 现有引语明确开发或量产导入阶段，不标已规模量产。,https://static.cninfo.com.cn/finalpage/2026-04-21/1225127680.PDF,P126,见对应 points 检索/判定日期；不等于产品发布日期,2026-10-03,,,核对光接口、电接口和安装基准。,按器件功能测损耗、增益、带宽或误差。,不能标销售/规模供货；合金、导热指标、尺寸、客户与模块应用待补。,PVIEW61
N62,中天科技,MPO连接器,器件,引语称MPO连接器批量供货，未列芯数、端面规格或产品型号。,依据现有记录的命中引语整理；本次未额外网页核验，原记录状态不能视为最新量产状态。,https://static.cninfo.com.cn/finalpage/2026-04-25/1225177318.PDF,P136,见对应 points 检索/判定日期；不等于产品发布日期,2026-10-03,,,核对光接口、电接口和安装基准。,按器件功能测损耗、增益、带宽或误差。,不把判定说明中的800G、客户名作为本次原引语已证内容；型号级速率/平台/客户关系待补。,PVIEW62
N63,南大光电,MO源系列产品,材料,核心原材料用途包含半导体激光器、射频IC等；自述为主要MO源制造商。具体光芯片用化合物和纯度未列。,依据现有记录的命中引语整理；本次未额外网页核验，原记录状态不能视为最新量产状态。,https://static.cninfo.com.cn/finalpage/2026-04-10/1225087469.PDF,P152,见对应 points 检索/判定日期；不等于产品发布日期,2026-10-03,,,查看材料进入哪道加工或装配工序。,核对尺寸、厚度、纯度、光学或热学参数；按实际材料选指标。,原引语未明确磷烷/砷烷产品，不据判定备注增加；材料到具体光模块的供应链映射待补。,PVIEW63
N64,思瑞浦,光模块控制芯片,芯片,主要用于激光器和调制器的电压、电流偏置；引语未证明是MCU、DSP或高速调制Driver。,依据现有记录的命中引语整理；本次未额外网页核验，原记录状态不能视为最新量产状态。,https://static.cninfo.com.cn/finalpage/2026-03-31/1225060234.PDF,P161,见对应 points 检索/判定日期；不等于产品发布日期,2026-10-03,,,分别核对供电、驱动/信号焊盘、光入口和光出口。,晶圆级或单芯片的电学、光学测试；装配后还需复测。,具体芯片型号、控制精度、供电及支持速率在命中句中未列。,PVIEW64
N65,蘅东光,400G/800G/1.6T光模块用无源内连光器件,器件,引语称所列档位无源内连器件均规模交付；未明示硅光内连、MMC插芯等具体子类。,依据现有记录的命中引语整理；本次未额外网页核验，原记录状态不能视为最新量产状态。,https://static.cninfo.com.cn/finalpage/2026-04-24/1225197157.PDF,P180,见对应 points 检索/判定日期；不等于产品发布日期,2026-10-03,,,核对光接口、电接口和安装基准。,按器件功能测损耗、增益、带宽或误差。,不采用判定备注扩大具体产品类别；器件结构、连接标准和型号待补。,PVIEW65
N66,兆龙互连,光缆、光纤跳线,材料,光布线系列明确列示光缆及跳线；未给光纤类型、线缆结构和连接器规格。,依据现有记录的命中引语整理；本次未额外网页核验，原记录状态不能视为最新量产状态。,corpus/qa/300913/qa.jsonl#indexId=2245405493460426752；irm.cninfo.com.cn 互动易(准披露渠道),P190,见对应 points 检索/判定日期；不等于产品发布日期,2026-10-03,,,查看材料进入哪道加工或装配工序。,核对尺寸、厚度、纯度、光学或热学参数；按实际材料选指标。,互动易引语支持系列能力及客户供给，不表示每一型号均独立量产；具体型号与性能待补。,PVIEW66
N67,兆龙互连,MPO预端接组件、光纤连接器,器件,系列产品明确列示预端接组件与连接器；未给芯数/端面/损耗及具体型号。,依据现有记录的命中引语整理；本次未额外网页核验，原记录状态不能视为最新量产状态。,corpus/qa/300913/qa.jsonl#indexId=2245405493460426752；irm.cninfo.com.cn 互动易(准披露渠道),P190,见对应 points 检索/判定日期；不等于产品发布日期,2026-10-03,,,核对光接口、电接口和安装基准。,按器件功能测损耗、增益、带宽或误差。,互动易引语支持系列能力及客户供给，不表示每一型号均独立量产；具体型号与性能待补。,PVIEW67
N68,通富微电,光电合封（CPO）研发工艺能力,工艺与制造服务,研发产品已通过可靠性测试，进入量产导入阶段；不等于已经规模量产，不将封装服务主体写成自有CPO模块供应商。,依据现有记录的命中引语整理；本次未额外网页核验，原记录状态不能视为最新量产状态。 现有引语明确开发或量产导入阶段，不标已规模量产。,https://static.cninfo.com.cn/finalpage/2026-04-17/1225112762.PDF,P194,见对应 points 检索/判定日期；不等于产品发布日期,2026-10-03,,,核对来料、在制品与交付件的要求。,核对受托步骤、验收规格和客户产品对应关系。,未给组件型号、封装结构、材料和量产导入规模；代工服务的明确客户/商业供货待补。,PVIEW68
N69,红板科技,光模块应用PCB,器件,通讯电子领域PCB应用列示含光模块；引语未单列光模块收入或800G/1.6T技术规格。,依据现有记录的命中引语整理；本次未额外网页核验，原记录状态不能视为最新量产状态。,https://static.sse.com.cn/disclosure/listedinfo/announcement/c/new/2026-04-02/603459_20260402_0GH0.pdf,P198,见对应 points 检索/判定日期；不等于产品发布日期,2026-10-03,,,核对光接口、电接口和安装基准。,按器件功能测损耗、增益、带宽或误差。,研发项目、盲孔阶数等仅在判定备注出现，未按原引语新增产品；板材、叠层与客户待补。,PVIEW69
N70,云南鑫耀半导体材料有限公司,砷化镓晶片（衬底）,材料,子公司生产GaAs衬底，用途列VCSEL、大功率激光器及光通信用激光器/探测器等；用途并列，未分别匹配材料与器件。,依据现有记录的命中引语整理；本次未额外网页核验，原记录状态不能视为最新量产状态。,https://static.cninfo.com.cn/finalpage/2026-04-23/1225152695.PDF,P202,见对应 points 检索/判定日期；不等于产品发布日期,2026-10-03,,,查看材料进入哪道加工或装配工序。,核对尺寸、厚度、纯度、光学或热学参数；按实际材料选指标。,用途能力不是特定光芯片厂已采用的证明；晶体生长工艺、尺寸、掺杂、客户和出货阶段待补。,PVIEW70
N71,云南鑫耀半导体材料有限公司,磷化铟晶片（衬底）,材料,子公司生产InP衬底，光通信用激光器/探测器为同句用途之一；未给晶片尺寸和规格。,依据现有记录的命中引语整理；本次未额外网页核验，原记录状态不能视为最新量产状态。,https://static.cninfo.com.cn/finalpage/2026-04-23/1225152695.PDF,P202,见对应 points 检索/判定日期；不等于产品发布日期,2026-10-03,,,查看材料进入哪道加工或装配工序。,核对尺寸、厚度、纯度、光学或热学参数；按实际材料选指标。,用途能力不是特定光芯片厂已采用的证明；晶体生长工艺、尺寸、掺杂、客户和出货阶段待补。,PVIEW71
N72,博众精工,共晶贴片机,设备,引语称在400G/800G高速光模块规模生产中批量应用，并进入头部供应链及出口；设备用于制造环节，不是自有光模块。,依据现有记录的命中引语整理；本次未额外网页核验，原记录状态不能视为最新量产状态。,https://static.cninfo.com.cn/finalpage/2026-04-11/1225096862.PDF,P206,见对应 points 检索/判定日期；不等于产品发布日期,2026-10-03,,,这里的接口是工件、夹具、探针和自动化接口。,核对处理材料、行程、精度、重复性和测试覆盖；不是模块性能指标。,未列型号、精度、共晶材料、客户名；不能根据收购/布局备注增加已供货耦合机。,PVIEW72
N73,华工科技,自研硅光芯片,芯片,引语称用于400G、800G及1.6T光模块交付；未给工艺平台或独立芯片销售证据。,依据现有记录的命中引语整理；本次未额外网页核验，原记录状态不能视为最新量产状态。,https://static.cninfo.com.cn/finalpage/2026-03-26/1225031509.PDF,P212,见对应 points 检索/判定日期；不等于产品发布日期,2026-10-03,,,分别核对供电、驱动/信号焊盘、光入口和光出口。,晶圆级或单芯片的电学、光学测试；装配后还需复测。,不得把全公司交付状态套到首发光引擎；模块精确型号、组件对应关系与内部结构待补。；旧网页送样计划与2025年报量产叙述须按日期区分；精确SKU及其芯片、内部连接、材料设备测试仍待对齐。；读取范围：复用补充公司产品.json和P209–P212；新读OSFP目录、1.6T正文及3张800G规格图，未穷尽SFP/QSFP等二级目录；历史送样计划、年报家族交付、当前型号规格三种证据分别记录；未证明各P/N截至2026-10-03的出货状态；2FR4/DR8规格图未列EML/SiPh或PD/TIA；SR8的VCSEL/PIN/TIA直接已知不能抹成UNKNOWN,PVIEW73
N74,华工科技,光通信用半导体激光器组件及探测器组件,器件,分部业务范围列开发、生产、销售；按原组件类别保留，不自动等同特定TOSA/ROSA型号。,依据现有记录的命中引语整理；本次未额外网页核验，原记录状态不能视为最新量产状态。,https://static.cninfo.com.cn/finalpage/2026-03-26/1225031509.PDF,P213 | P214,见对应 points 检索/判定日期；不等于产品发布日期,2026-10-03,,,核对光接口、电接口和安装基准。,按器件功能测损耗、增益、带宽或误差。,不得把全公司交付状态套到首发光引擎；模块精确型号、组件对应关系与内部结构待补。；旧网页送样计划与2025年报量产叙述须按日期区分；精确SKU及其芯片、内部连接、材料设备测试仍待对齐。；读取范围：复用补充公司产品.json和P209–P212；新读OSFP目录、1.6T正文及3张800G规格图，未穷尽SFP/QSFP等二级目录；历史送样计划、年报家族交付、当前型号规格三种证据分别记录；未证明各P/N截至2026-10-03的出货状态；2FR4/DR8规格图未列EML/SiPh或PD/TIA；SR8的VCSEL/PIN/TIA直接已知不能抹成UNKNOWN,PVIEW74
N75,华工科技,面向3.2T的单波400G光引擎,器件,引语为首发产品，既有记录为在建；发布不等于规模交付或现时量产。,依据现有记录的命中引语整理；本次未额外网页核验，原记录状态不能视为最新量产状态。,https://static.cninfo.com.cn/finalpage/2026-03-26/1225031509.PDF,P216,见对应 points 检索/判定日期；不等于产品发布日期,2026-10-03,,,核对光接口、电接口和安装基准。,按器件功能测损耗、增益、带宽或误差。,不得把全公司交付状态套到首发光引擎；模块精确型号、组件对应关系与内部结构待补。；旧网页送样计划与2025年报量产叙述须按日期区分；精确SKU及其芯片、内部连接、材料设备测试仍待对齐。；读取范围：复用补充公司产品.json和P209–P212；新读OSFP目录、1.6T正文及3张800G规格图，未穷尽SFP/QSFP等二级目录；历史送样计划、年报家族交付、当前型号规格三种证据分别记录；未证明各P/N截至2026-10-03的出货状态；2FR4/DR8规格图未列EML/SiPh或PD/TIA；SR8的VCSEL/PIN/TIA直接已知不能抹成UNKNOWN,PVIEW75
N76,Cisco,Silicon One交换芯片,芯片,Cisco在下一季确认已出货第100万颗Silicon One交换芯片,现有已审主张摘录；fact；非本轮重新核验,https://investor.cisco.com/files/doc_events/2026/02/Q2FY26-Prepared-Remarks-1.pdf,CL010 | S_CSCO_2026Q2_A,2026-02-11,2026-10-03,,,分别核对供电、驱动/信号焊盘、光入口和光出口。,晶圆级或单芯片的电学、光学测试；装配后还需复测。,不能凭母公司业务描述增加Acacia硅光芯片或具体速率产品；型号级路线待补。；公司池纳入理由不能替代产品说明书；需继续对齐型号、配置和阶段。；内部光源/调制、DSP和PD/TIA未在所核Cisco型号datasheet公开。；QSFP-DD目录显示2026-09-21更新，但打开正文仍为2022版本；不拿目录更新时间替代正文配置日期。；OSFP VR8表5/订购文案混入DR8/500m描述，目录保留VR8，实际距离按明确的30/50m段落，不从错误表文案推路线。,PVIEW76
N77,Lumentum,高速激光发射器,器件,FY2025 10-K自述制造光收发及数据互连用高速激光发射器，未在命中句明确EML/DFB。,依据现有记录的命中引语整理；本次未额外网页核验，原记录状态不能视为最新量产状态。,https://www.sec.gov/Archives/edgar/data/1633978/000162828025040830/lite-20250628.htm,P233,见对应 points 检索/判定日期；不等于产品发布日期,2026-10-03,,,核对光接口、电接口和安装基准。,按器件功能测损耗、增益、带宽或误差。,只限命中引语粒度：InP工厂、泵浦产品线、具体速率等判定备注不是本次新增产品证据。；PIC材料、激光器类型、芯片型号和模块采用关系待补。；公司池纳入理由不能替代产品说明书；需继续对齐型号、配置和阶段。；三族SKU未披露；1.6T CW颗数和driver/PD/TIA/MCU/PMIC未知；原对话没有真实datasheet URL；不可用占位符宣布已获得内部资料,PVIEW77
N78,Lumentum,光子集成电路（PIC）,芯片,同句自述制造PIC，未列材料平台、功能和型号。,依据现有记录的命中引语整理；本次未额外网页核验，原记录状态不能视为最新量产状态。,https://www.sec.gov/Archives/edgar/data/1633978/000162828025040830/lite-20250628.htm,P233,见对应 points 检索/判定日期；不等于产品发布日期,2026-10-03,,,分别核对供电、驱动/信号焊盘、光入口和光出口。,晶圆级或单芯片的电学、光学测试；装配后还需复测。,只限命中引语粒度：InP工厂、泵浦产品线、具体速率等判定备注不是本次新增产品证据。；PIC材料、激光器类型、芯片型号和模块采用关系待补。；公司池纳入理由不能替代产品说明书；需继续对齐型号、配置和阶段。；三族SKU未披露；1.6T CW颗数和driver/PD/TIA/MCU/PMIC未知；原对话没有真实datasheet URL；不可用占位符宣布已获得内部资料,PVIEW78
N79,Lumentum,光电二极管,器件,同句自述制造光收发/互连用photodiodes，未列PIN/APD和材料。,依据现有记录的命中引语整理；本次未额外网页核验，原记录状态不能视为最新量产状态。,https://www.sec.gov/Archives/edgar/data/1633978/000162828025040830/lite-20250628.htm,P233 | P235,见对应 points 检索/判定日期；不等于产品发布日期,2026-10-03,,,核对光接口、电接口和安装基准。,按器件功能测损耗、增益、带宽或误差。,只限命中引语粒度：InP工厂、泵浦产品线、具体速率等判定备注不是本次新增产品证据。；PIC材料、激光器类型、芯片型号和模块采用关系待补。；公司池纳入理由不能替代产品说明书；需继续对齐型号、配置和阶段。；三族SKU未披露；1.6T CW颗数和driver/PD/TIA/MCU/PMIC未知；原对话没有真实datasheet URL；不可用占位符宣布已获得内部资料,PVIEW79
N80,Lumentum,高功率激光光源,器件,同句自述制造高功率激光光源，未证明一定为CPO外置光源、泵浦激光器或某功率档。,依据现有记录的命中引语整理；本次未额外网页核验，原记录状态不能视为最新量产状态。,https://www.sec.gov/Archives/edgar/data/1633978/000162828025040830/lite-20250628.htm,P233,见对应 points 检索/判定日期；不等于产品发布日期,2026-10-03,,,核对光接口、电接口和安装基准。,按器件功能测损耗、增益、带宽或误差。,只限命中引语粒度：InP工厂、泵浦产品线、具体速率等判定备注不是本次新增产品证据。；PIC材料、激光器类型、芯片型号和模块采用关系待补。；公司池纳入理由不能替代产品说明书；需继续对齐型号、配置和阶段。；三族SKU未披露；1.6T CW颗数和driver/PD/TIA/MCU/PMIC未知；原对话没有真实datasheet URL；不可用占位符宣布已获得内部资料,PVIEW80
N81,Lumentum,VCSEL及VCSEL阵列,器件,明确用于短距数据传输，未给速率、阵列通道数和型号。,依据现有记录的命中引语整理；本次未额外网页核验，原记录状态不能视为最新量产状态。,https://www.sec.gov/Archives/edgar/data/1633978/000162828025040830/lite-20250628.htm,P233 | P234,见对应 points 检索/判定日期；不等于产品发布日期,2026-10-03,,,核对光接口、电接口和安装基准。,按器件功能测损耗、增益、带宽或误差。,只限命中引语粒度：InP工厂、泵浦产品线、具体速率等判定备注不是本次新增产品证据。；PIC材料、激光器类型、芯片型号和模块采用关系待补。；公司池纳入理由不能替代产品说明书；需继续对齐型号、配置和阶段。；三族SKU未披露；1.6T CW颗数和driver/PD/TIA/MCU/PMIC未知；原对话没有真实datasheet URL；不可用占位符宣布已获得内部资料,PVIEW81
N82,Lumentum,超窄线宽激光器和相干组件,器件,与自有相干模块并列的客户供给产品；未列ITLA、调制器或接收组件型号。,依据现有记录的命中引语整理；本次未额外网页核验，原记录状态不能视为最新量产状态。,https://www.sec.gov/Archives/edgar/data/1633978/000162828025040830/lite-20250628.htm,P236 | P238,见对应 points 检索/判定日期；不等于产品发布日期,2026-10-03,,,核对光接口、电接口和安装基准。,按器件功能测损耗、增益、带宽或误差。,只限命中引语粒度：InP工厂、泵浦产品线、具体速率等判定备注不是本次新增产品证据。；PIC材料、激光器类型、芯片型号和模块采用关系待补。；公司池纳入理由不能替代产品说明书；需继续对齐型号、配置和阶段。；三族SKU未披露；1.6T CW颗数和driver/PD/TIA/MCU/PMIC未知；原对话没有真实datasheet URL；不可用占位符宣布已获得内部资料,PVIEW82
N83,Lumentum,高速相干组件,器件,原引语与可调谐收发/发射模块并列，明确DWDM系统应用；组件功能、型号与材料未列。,依据现有记录的命中引语整理；本次未额外网页核验，原记录状态不能视为最新量产状态。,https://www.sec.gov/Archives/edgar/data/1633978/000162828025040830/lite-20250628.htm,P239,见对应 points 检索/判定日期；不等于产品发布日期,2026-10-03,,,核对光接口、电接口和安装基准。,按器件功能测损耗、增益、带宽或误差。,只限命中引语粒度：InP工厂、泵浦产品线、具体速率等判定备注不是本次新增产品证据。；PIC材料、激光器类型、芯片型号和模块采用关系待补。；公司池纳入理由不能替代产品说明书；需继续对齐型号、配置和阶段。；三族SKU未披露；1.6T CW颗数和driver/PD/TIA/MCU/PMIC未知；原对话没有真实datasheet URL；不可用占位符宣布已获得内部资料,PVIEW83
N84,Lumentum,[线索] 激光器；光通信器件,芯片 / 器件,激光器与光通信器件核心同业,现有公司池/观察理由线索；尚未逐产品核验,calls/universe.csv：LITE，纳入理由；无逐产品原文锚,LITE,公司池资料日期未标；不冒充产品发布日期,2026-10-03,,,分别核对供电、驱动/信号焊盘、光入口和光出口。 | 核对光接口、电接口和安装基准。,晶圆级或单芯片的电学、光学测试；装配后还需复测。 | 按器件功能测损耗、增益、带宽或误差。,只限命中引语粒度：InP工厂、泵浦产品线、具体速率等判定备注不是本次新增产品证据。；PIC材料、激光器类型、芯片型号和模块采用关系待补。；公司池纳入理由不能替代产品说明书；需继续对齐型号、配置和阶段。；三族SKU未披露；1.6T CW颗数和driver/PD/TIA/MCU/PMIC未知；原对话没有真实datasheet URL；不可用占位符宣布已获得内部资料,PVIEW84
N85,Lumentum,800mW SHP激光器,器件,Lumentum博客称演示800mW超高功率激光器以支持更多光引擎功率分发,现有已审主张摘录；technical_demo；非本轮重新核验,https://www.lumentum.com/en/blog/enabling-next-phase-ai-optical-infrastructure,CL019 | S_LITE_BLOG_20260430,2026-04-30,2026-10-03,,,核对光接口、电接口和安装基准。,按器件功能测损耗、增益、带宽或误差。,只限命中引语粒度：InP工厂、泵浦产品线、具体速率等判定备注不是本次新增产品证据。；PIC材料、激光器类型、芯片型号和模块采用关系待补。；公司池纳入理由不能替代产品说明书；需继续对齐型号、配置和阶段。；三族SKU未披露；1.6T CW颗数和driver/PD/TIA/MCU/PMIC未知；原对话没有真实datasheet URL；不可用占位符宣布已获得内部资料,PVIEW85
N86,Lumentum,200G EML激光器,器件,Lumentum披露200G EML收入环比增长超过一倍,现有已审主张摘录；fact；非本轮重新核验,https://s21.q4cdn.com/377324469/files/doc_financials/2026/q3/Q3-FY26-Earnings-Presentation_final.pdf,CL020 | S_LITE_2026Q3,2026-05-05,2026-10-03,,,核对光接口、电接口和安装基准。,按器件功能测损耗、增益、带宽或误差。,只限命中引语粒度：InP工厂、泵浦产品线、具体速率等判定备注不是本次新增产品证据。；PIC材料、激光器类型、芯片型号和模块采用关系待补。；公司池纳入理由不能替代产品说明书；需继续对齐型号、配置和阶段。；三族SKU未披露；1.6T CW颗数和driver/PD/TIA/MCU/PMIC未知；原对话没有真实datasheet URL；不可用占位符宣布已获得内部资料,PVIEW86
N87,Lumentum,400G QSFP-DD AOC ,器件,当前数通目录另列，非800/1.6T本轮主比较,本轮核对原厂资料；型号/产品族/演示按正文区分,https://www.lumentum.com/en/products/data-center/datacom-transceivers,OG10,UNKNOWN,2026-10-03,,,核对光接口、电接口和安装基准。,按器件功能测损耗、增益、带宽或误差。,只限命中引语粒度：InP工厂、泵浦产品线、具体速率等判定备注不是本次新增产品证据。；PIC材料、激光器类型、芯片型号和模块采用关系待补。；公司池纳入理由不能替代产品说明书；需继续对齐型号、配置和阶段。；三族SKU未披露；1.6T CW颗数和driver/PD/TIA/MCU/PMIC未知；原对话没有真实datasheet URL；不可用占位符宣布已获得内部资料,PVIEW87
N88,Lumentum,[导航线索] EML/DML/CW激光器、ELS外置光源、相干调制器与传输组件,器件,组件/系统能力单列，不作为自有整模块BOM证据,导航/类别线索；现有锚未逐类证明，需补产品原文,https://www.lumentum.com/en/products/data-center/datacom-transceivers | https://www.lumentum.com/en/events/ofc-2026,OG10 | OG34,UNKNOWN；UNKNOWN,2026-10-03,导航线索可细化为HL13BSCP00-Ln：InP DFB激光器；支持SiGe驱动芯片直接电流调制。此器件不等于已确认由目录内任一整模块采用。 | 该25G CWDM DML产品页声明GR-468可靠性合格；给出20–65°C温度范围。没有列实际老化时长、应力组合或测试设备型号。,https://www.lumentum.com/en/products/dml-25g-cwdm-laser | https://www.lumentum.com/en/products/dml-25g-cwdm-laser,核对光接口、电接口和安装基准。,按器件功能测损耗、增益、带宽或误差。,只限命中引语粒度：InP工厂、泵浦产品线、具体速率等判定备注不是本次新增产品证据。；PIC材料、激光器类型、芯片型号和模块采用关系待补。；公司池纳入理由不能替代产品说明书；需继续对齐型号、配置和阶段。；三族SKU未披露；1.6T CW颗数和driver/PD/TIA/MCU/PMIC未知；原对话没有真实datasheet URL；不可用占位符宣布已获得内部资料,PVIEW88
N89,四川飞普科技有限公司,精密金属元件,器件,官网引语列示产品，并说明精密机械加工产业链优势；未列光模块专用结构。,依据现有记录的命中引语整理；本次未额外网页核验，原记录状态不能视为最新量产状态。,http://www.cnfinetop.com/Selector.aspx?cid=309,P245,见对应 points 检索/判定日期；不等于产品发布日期,2026-10-03,,,核对光接口、电接口和安装基准。,按器件功能测损耗、增益、带宽或误差。,关联公司归并说明不等于新增产品；材料、加工精度、连接标准和客户待补。,PVIEW89
N90,四川飞普科技有限公司,精密陶瓷插芯、插芯套组件,器件,明确列示陶瓷插芯及插芯套组件配套生产，未给陶瓷种类、孔数或精度。,依据现有记录的命中引语整理；本次未额外网页核验，原记录状态不能视为最新量产状态。,http://www.cnfinetop.com/Selector.aspx?cid=309,P245,见对应 points 检索/判定日期；不等于产品发布日期,2026-10-03,,,核对光接口、电接口和安装基准。,按器件功能测损耗、增益、带宽或误差。,关联公司归并说明不等于新增产品；材料、加工精度、连接标准和客户待补。,PVIEW90
N91,四川飞普科技有限公司,尾纤组件、光纤连接器,器件,明确列示光连接产品，未给接口、端面或具体型号。,依据现有记录的命中引语整理；本次未额外网页核验，原记录状态不能视为最新量产状态。,http://www.cnfinetop.com/Selector.aspx?cid=309,P245,见对应 points 检索/判定日期；不等于产品发布日期,2026-10-03,,,核对光接口、电接口和安装基准。,按器件功能测损耗、增益、带宽或误差。,关联公司归并说明不等于新增产品；材料、加工精度、连接标准和客户待补。,PVIEW91
N92,青岛海信宽带多媒体技术有限公司,DFB激光芯片及75mW CW-DFB芯片,芯片,官网引语称成功开发并批量生产，包括75mW连续波DFB；未列精确型号和封装。,依据现有记录的命中引语整理；本次未额外网页核验，原记录状态不能视为最新量产状态。,https://hbmt.hisense.com/,P253,见对应 points 检索/判定日期；不等于产品发布日期,2026-10-03,,,分别核对供电、驱动/信号焊盘、光入口和光出口。,晶圆级或单芯片的电学、光学测试；装配后还需复测。,发布时间与现时状态分开；完整SKU、平台变体、芯片材料及独立供货关系待补。；旧海信公司原名保留；与纳真各法人/历史SKU归属未作法律主体合并。；具体模块光平台、驱动、PD/TIA、耦合、材料设备与量产阶段未由目录表证明。；读取范围：复用补充公司产品.json与P254，当前定向读取英文1.6T目录；未逐项展开800G、PON或芯片规格；当前型号光平台与电处理芯片未列不等于公司没有SiPh/EML能力；已知历史产品族另保留；当前P/N量产/出货、品牌迁移后的制造法人及旧SKU承接关系未证明,PVIEW92
N93,青岛海信宽带多媒体技术有限公司,100G/200G EML、50G EML及100mW以上CW-DFB芯片,芯片,同句明确正在开发；不能继承已批量生产DFB的状态。,依据现有记录的命中引语整理；本次未额外网页核验，原记录状态不能视为最新量产状态。,https://hbmt.hisense.com/,P253,见对应 points 检索/判定日期；不等于产品发布日期,2026-10-03,,,分别核对供电、驱动/信号焊盘、光入口和光出口。,晶圆级或单芯片的电学、光学测试；装配后还需复测。,发布时间与现时状态分开；完整SKU、平台变体、芯片材料及独立供货关系待补。；旧海信公司原名保留；与纳真各法人/历史SKU归属未作法律主体合并。；具体模块光平台、驱动、PD/TIA、耦合、材料设备与量产阶段未由目录表证明。；读取范围：复用补充公司产品.json与P254，当前定向读取英文1.6T目录；未逐项展开800G、PON或芯片规格；当前型号光平台与电处理芯片未列不等于公司没有SiPh/EML能力；已知历史产品族另保留；当前P/N量产/出货、品牌迁移后的制造法人及旧SKU承接关系未证明,PVIEW93
N94,青岛海信宽带多媒体技术有限公司,FTTx、传输网络及无线应用产品能力,工艺与制造服务,官网集合性自述有这些应用领域全品类产品的研发与量产交付能力，未逐项给具体模块。,依据现有记录的命中引语整理；本次未额外网页核验，原记录状态不能视为最新量产状态。,https://hbmt.hisense.com/,P255,见对应 points 检索/判定日期；不等于产品发布日期,2026-10-03,,,核对来料、在制品与交付件的要求。,核对受托步骤、验收规格和客户产品对应关系。,发布时间与现时状态分开；完整SKU、平台变体、芯片材料及独立供货关系待补。；旧海信公司原名保留；与纳真各法人/历史SKU归属未作法律主体合并。；具体模块光平台、驱动、PD/TIA、耦合、材料设备与量产阶段未由目录表证明。；读取范围：复用补充公司产品.json与P254，当前定向读取英文1.6T目录；未逐项展开800G、PON或芯片规格；当前型号光平台与电处理芯片未列不等于公司没有SiPh/EML能力；已知历史产品族另保留；当前P/N量产/出货、品牌迁移后的制造法人及旧SKU承接关系未证明,PVIEW94
N95,青岛海信宽带多媒体技术有限公司,光芯片（同一来源另列模块和终端）,芯片,非模块对象见标题；同一来源的上下文（包含其他对象，不自动归到本对象）：仅记录旧官网到当前官网的实际跳转，不据跳转推定每个法人、资产和历史产品都完全相同。,本轮原厂目录核对；目录登记不等于型号量产,https://hbmt.hisense.com/,补充目录,网页未标；2026-10-03取回,2026-10-03,,,分别核对供电、驱动/信号焊盘、光入口和光出口。,晶圆级或单芯片的电学、光学测试；装配后还需复测。,发布时间与现时状态分开；完整SKU、平台变体、芯片材料及独立供货关系待补。；旧海信公司原名保留；与纳真各法人/历史SKU归属未作法律主体合并。；具体模块光平台、驱动、PD/TIA、耦合、材料设备与量产阶段未由目录表证明。；读取范围：复用补充公司产品.json与P254，当前定向读取英文1.6T目录；未逐项展开800G、PON或芯片规格；当前型号光平台与电处理芯片未列不等于公司没有SiPh/EML能力；已知历史产品族另保留；当前P/N量产/出货、品牌迁移后的制造法人及旧SKU承接关系未证明,PVIEW95
N96,青岛海信宽带多媒体技术有限公司,光芯片（同一来源另列模块和终端）,芯片,非模块对象见标题；同一来源的上下文（包含其他对象，不自动归到本对象）：8:4；500m；MPO12；32W；0–70°C；页面未列DSP和光平台。,本轮原厂目录核对；目录登记不等于型号量产,https://www.ligent.com/products/products_module/16t/,补充目录,网页未标；2026-10-03取回,2026-10-03,,,分别核对供电、驱动/信号焊盘、光入口和光出口。,晶圆级或单芯片的电学、光学测试；装配后还需复测。,发布时间与现时状态分开；完整SKU、平台变体、芯片材料及独立供货关系待补。；旧海信公司原名保留；与纳真各法人/历史SKU归属未作法律主体合并。；具体模块光平台、驱动、PD/TIA、耦合、材料设备与量产阶段未由目录表证明。；读取范围：复用补充公司产品.json与P254，当前定向读取英文1.6T目录；未逐项展开800G、PON或芯片规格；当前型号光平台与电处理芯片未列不等于公司没有SiPh/EML能力；已知历史产品族另保留；当前P/N量产/出货、品牌迁移后的制造法人及旧SKU承接关系未证明,PVIEW96
N97,青岛海信宽带多媒体技术有限公司,光芯片（同一来源另列模块和终端）,芯片,非模块对象见标题；同一来源的上下文（包含其他对象，不自动归到本对象）：8:8；500m；双MPO12；25W；IHS/RHS版本；页面未列光平台。,本轮原厂目录核对；目录登记不等于型号量产,https://www.ligent.com/products/products_module/16t/,补充目录,网页未标；2026-10-03取回,2026-10-03,,,分别核对供电、驱动/信号焊盘、光入口和光出口。,晶圆级或单芯片的电学、光学测试；装配后还需复测。,发布时间与现时状态分开；完整SKU、平台变体、芯片材料及独立供货关系待补。；旧海信公司原名保留；与纳真各法人/历史SKU归属未作法律主体合并。；具体模块光平台、驱动、PD/TIA、耦合、材料设备与量产阶段未由目录表证明。；读取范围：复用补充公司产品.json与P254，当前定向读取英文1.6T目录；未逐项展开800G、PON或芯片规格；当前型号光平台与电处理芯片未列不等于公司没有SiPh/EML能力；已知历史产品族另保留；当前P/N量产/出货、品牌迁移后的制造法人及旧SKU承接关系未证明,PVIEW97
N98,青岛海信宽带多媒体技术有限公司,光芯片（同一来源另列模块和终端）,芯片,非模块对象见标题；同一来源的上下文（包含其他对象，不自动归到本对象）：2km；双LC；26.5W；IHS/RHS；光源与DSP型号待补。,本轮原厂目录核对；目录登记不等于型号量产,https://www.ligent.com/products/products_module/16t/,补充目录,网页未标；2026-10-03取回,2026-10-03,,,分别核对供电、驱动/信号焊盘、光入口和光出口。,晶圆级或单芯片的电学、光学测试；装配后还需复测。,发布时间与现时状态分开；完整SKU、平台变体、芯片材料及独立供货关系待补。；旧海信公司原名保留；与纳真各法人/历史SKU归属未作法律主体合并。；具体模块光平台、驱动、PD/TIA、耦合、材料设备与量产阶段未由目录表证明。；读取范围：复用补充公司产品.json与P254，当前定向读取英文1.6T目录；未逐项展开800G、PON或芯片规格；当前型号光平台与电处理芯片未列不等于公司没有SiPh/EML能力；已知历史产品族另保留；当前P/N量产/出货、品牌迁移后的制造法人及旧SKU承接关系未证明,PVIEW98
N99,青岛海信宽带多媒体技术有限公司,光芯片（同一来源另列模块和终端）,芯片,非模块对象见标题；同一来源的上下文（包含其他对象，不自动归到本对象）：RTLR；500m；双MPO12；17W。,本轮原厂目录核对；目录登记不等于型号量产,https://www.ligent.com/products/products_module/16t/,补充目录,网页未标；2026-10-03取回,2026-10-03,,,分别核对供电、驱动/信号焊盘、光入口和光出口。,晶圆级或单芯片的电学、光学测试；装配后还需复测。,发布时间与现时状态分开；完整SKU、平台变体、芯片材料及独立供货关系待补。；旧海信公司原名保留；与纳真各法人/历史SKU归属未作法律主体合并。；具体模块光平台、驱动、PD/TIA、耦合、材料设备与量产阶段未由目录表证明。；读取范围：复用补充公司产品.json与P254，当前定向读取英文1.6T目录；未逐项展开800G、PON或芯片规格；当前型号光平台与电处理芯片未列不等于公司没有SiPh/EML能力；已知历史产品族另保留；当前P/N量产/出货、品牌迁移后的制造法人及旧SKU承接关系未证明,PVIEW99
N100,青岛海信宽带多媒体技术有限公司,光芯片（同一来源另列模块和终端）,芯片,非模块对象见标题；同一来源的上下文（包含其他对象，不自动归到本对象）：RTLR；2km；双LC；17.5W。,本轮原厂目录核对；目录登记不等于型号量产,https://www.ligent.com/products/products_module/16t/,补充目录,网页未标；2026-10-03取回,2026-10-03,,,分别核对供电、驱动/信号焊盘、光入口和光出口。,晶圆级或单芯片的电学、光学测试；装配后还需复测。,发布时间与现时状态分开；完整SKU、平台变体、芯片材料及独立供货关系待补。；旧海信公司原名保留；与纳真各法人/历史SKU归属未作法律主体合并。；具体模块光平台、驱动、PD/TIA、耦合、材料设备与量产阶段未由目录表证明。；读取范围：复用补充公司产品.json与P254，当前定向读取英文1.6T目录；未逐项展开800G、PON或芯片规格；当前型号光平台与电处理芯片未列不等于公司没有SiPh/EML能力；已知历史产品族另保留；当前P/N量产/出货、品牌迁移后的制造法人及旧SKU承接关系未证明,PVIEW100
N101,青岛海信宽带多媒体技术有限公司,光芯片（同一来源另列模块和终端）,芯片,非模块对象见标题；同一来源的上下文（包含其他对象，不自动归到本对象）：8:8；10km；双LC；29W。,本轮原厂目录核对；目录登记不等于型号量产,https://www.ligent.com/products/products_module/16t/,补充目录,网页未标；2026-10-03取回,2026-10-03,,,分别核对供电、驱动/信号焊盘、光入口和光出口。,晶圆级或单芯片的电学、光学测试；装配后还需复测。,发布时间与现时状态分开；完整SKU、平台变体、芯片材料及独立供货关系待补。；旧海信公司原名保留；与纳真各法人/历史SKU归属未作法律主体合并。；具体模块光平台、驱动、PD/TIA、耦合、材料设备与量产阶段未由目录表证明。；读取范围：复用补充公司产品.json与P254，当前定向读取英文1.6T目录；未逐项展开800G、PON或芯片规格；当前型号光平台与电处理芯片未列不等于公司没有SiPh/EML能力；已知历史产品族另保留；当前P/N量产/出货、品牌迁移后的制造法人及旧SKU承接关系未证明,PVIEW101
N102,青岛海信宽带多媒体技术有限公司,光芯片（同一来源另列模块和终端）,芯片,非模块对象见标题；同一来源的上下文（包含其他对象，不自动归到本对象）：当前首页按200G与100G每光通道、并行与波分、线性/重定时、相干分组；不能把这些标签任意组合成全部已售配置。,本轮原厂目录核对；目录登记不等于型号量产,https://www.ligent.com.cn/,补充目录,网页未标；2026-10-03取回,2026-10-03,,,分别核对供电、驱动/信号焊盘、光入口和光出口。,晶圆级或单芯片的电学、光学测试；装配后还需复测。,发布时间与现时状态分开；完整SKU、平台变体、芯片材料及独立供货关系待补。；旧海信公司原名保留；与纳真各法人/历史SKU归属未作法律主体合并。；具体模块光平台、驱动、PD/TIA、耦合、材料设备与量产阶段未由目录表证明。；读取范围：复用补充公司产品.json与P254，当前定向读取英文1.6T目录；未逐项展开800G、PON或芯片规格；当前型号光平台与电处理芯片未列不等于公司没有SiPh/EML能力；已知历史产品族另保留；当前P/N量产/出货、品牌迁移后的制造法人及旧SKU承接关系未证明,PVIEW102
N103,青岛海信宽带多媒体技术有限公司,光芯片（同一来源另列模块和终端）,芯片,非模块对象见标题；同一来源的上下文（包含其他对象，不自动归到本对象）：当前网站导航与产品大类；光芯片具体EML/DFB/CW型号和各自成熟阶段需再对齐。,本轮原厂目录核对；目录登记不等于型号量产,https://www.ligent.com.cn/,补充目录,网页未标；2026-10-03取回,2026-10-03,,,分别核对供电、驱动/信号焊盘、光入口和光出口。,晶圆级或单芯片的电学、光学测试；装配后还需复测。,发布时间与现时状态分开；完整SKU、平台变体、芯片材料及独立供货关系待补。；旧海信公司原名保留；与纳真各法人/历史SKU归属未作法律主体合并。；具体模块光平台、驱动、PD/TIA、耦合、材料设备与量产阶段未由目录表证明。；读取范围：复用补充公司产品.json与P254，当前定向读取英文1.6T目录；未逐项展开800G、PON或芯片规格；当前型号光平台与电处理芯片未列不等于公司没有SiPh/EML能力；已知历史产品族另保留；当前P/N量产/出货、品牌迁移后的制造法人及旧SKU承接关系未证明,PVIEW103
N104,深圳市宏钢机械设备有限公司,光通讯器件/激光器件用金属封装外壳及盖板,器件,主要产品句列示金属封装外壳及盖板的应用范围，光通讯器件和激光器件在其中；不据该句增添陶瓷壳体产品。,依据现有记录的命中引语整理；本次未额外网页核验，原记录状态不能视为最新量产状态。,https://www.oeshow.cn/storedetail/1268,P258,见对应 points 检索/判定日期；不等于产品发布日期,2026-10-03,,,核对光接口、电接口和安装基准。,按器件功能测损耗、增益、带宽或误差。,企业更名/陶瓷工艺/产线仅在判定备注，未作为原引语产品采用；材料、封装外形和型号待补。,PVIEW104
N105,江苏兴光半导体有限公司,2英寸、3英寸磷化铟衬底,材料,收购资产组团队掌握相应生产工艺，衬底已获所列客户认证并小批量交付；这是资产组/团队口径，不自动等同新主体在本次日期已完成整合。,依据现有记录的命中引语整理；本次未额外网页核验，原记录状态不能视为最新量产状态。,https://static.cninfo.com.cn/finalpage/2026-07-24/1225439744.PDF,P261,见对应 points 检索/判定日期；不等于产品发布日期,2026-10-03,,,查看材料进入哪道加工或装配工序。,核对尺寸、厚度、纯度、光学或热学参数；按实际材料选指标。,收购交割及产能归属、晶体生长工艺、掺杂/缺陷规格和现时生产规模待补。,PVIEW105
N106,东莞福可喜玛通讯科技有限公司,MT插芯、导向针,器件,官网引语明确核心产品的研发及规模化应用；未给孔数、材料与精度。,依据现有记录的命中引语整理；本次未额外网页核验，原记录状态不能视为最新量产状态。,https://www.china-fsg.com/about.html,P266,见对应 points 检索/判定日期；不等于产品发布日期,2026-10-03,,,核对光接口、电接口和安装基准。,按器件功能测损耗、增益、带宽或误差。,MOFC/ELSFP等新品仅在判定备注，不据此增加；连接标准、端面/损耗、型号与客户待补。,PVIEW106
N107,东莞福可喜玛通讯科技有限公司,MPO配套散件及适配器,器件,官网引语明确高速光通信连接解决方案用配套产品；未列完整MPO组件型号。,依据现有记录的命中引语整理；本次未额外网页核验，原记录状态不能视为最新量产状态。,https://www.china-fsg.com/about.html,P266,见对应 points 检索/判定日期；不等于产品发布日期,2026-10-03,,,核对光接口、电接口和安装基准。,按器件功能测损耗、增益、带宽或误差。,MOFC/ELSFP等新品仅在判定备注，不据此增加；连接标准、端面/损耗、型号与客户待补。,PVIEW107
N108,汇聚科技,数据中心光纤电线组件,器件,2025年报引语明确该业务收入增长及较高出货水平；收入是数据中心分部/业务原口径，不推独立MPO产品收入。,依据现有记录的命中引语整理；本次未额外网页核验，原记录状态不能视为最新量产状态。,https://www1.hkexnews.hk/listedco/listconews/sehk/2026/0429/2026042900387.pdf,P270,见对应 points 检索/判定日期；不等于产品发布日期,2026-10-03,,,核对光接口、电接口和安装基准。,按器件功能测损耗、增益、带宽或误差。,命中句未明示MPO、跳线、连接器等具体形态；不以行业常见配置补造名称。；光纤/电线组件边界、连接标准、产品规格及客户待补。,PVIEW108
N109,"Maruwa Co.,Ltd",热沉,器件,仅有热沉品名；材料、结构、散热指标和光模块适用范围未列,现有账本引语提取；未回读原始来源或外部核验；记录生产状态不自动归给每个品目,有锚；披露方产品列（长光华芯招股书供应商表）,P002,见对应 points 检索/判定日期；不等于产品发布日期,2026-10-03,,,核对光接口、电接口和安装基准。,按器件功能测损耗、增益、带宽或误差。,缺原厂型号、热沉材料与具体光通信产品匹配；原锚没有直开URL,PVIEW109
N110,三环集团,光芯片封装陶瓷管壳,器件,高可靠性陶瓷封装；引语称已推向市场,现有账本引语提取；未回读原始来源或外部核验；记录生产状态不自动归给每个品目,https://static.cninfo.com.cn/finalpage/2026-03-28/1225041594.PDF,P005,见对应 points 检索/判定日期；不等于产品发布日期,2026-10-03,,,核对光接口、电接口和安装基准。,按器件功能测损耗、增益、带宽或误差。,未列陶瓷配方、尺寸/系列、客户模块SKU、良率,PVIEW110
N111,三环集团,陶瓷插芯及配套产品,器件,陶瓷插芯；尺寸、连接器型号及制造工艺未列，原引语末尾截断,现有账本引语提取；未回读原始来源或外部核验；记录生产状态不自动归给每个品目,https://static.cninfo.com.cn/finalpage/2026-03-28/1225041594.PDF,P080,见对应 points 检索/判定日期；不等于产品发布日期,2026-10-03,,,核对光接口、电接口和安装基准。,按器件功能测损耗、增益、带宽或误差。,未列陶瓷配方、尺寸/系列、客户模块SKU、良率,PVIEW111
N112,上海景仓通信技术有限公司,光纤,材料,仅列光纤；单模/多模、波导参数、是否自制或经销未明,现有账本引语提取；未回读原始来源或外部核验；记录生产状态不自动归给每个品目,有锚；披露方产品列（仕佳光子招股书供应商表）,P008,见对应 points 检索/判定日期；不等于产品发布日期,2026-10-03,,,查看材料进入哪道加工或装配工序。,核对尺寸、厚度、纯度、光学或热学参数；按实际材料选指标。,缺原厂产品系列与原URL；不得按仕佳产品自动归为景仓自制产品,PVIEW112
N113,中瓷电子,光通信器件陶瓷外壳,器件,陶瓷器件外壳及光模块封装外壳；材料/金属化/密封结构未列,现有账本引语提取；未回读原始来源或外部核验；记录生产状态不自动归给每个品目,https://static.cninfo.com.cn/finalpage/2024-04-26/1219832754.PDF | https://static.cninfo.com.cn/finalpage/2026-04-29/1225224991.PDF,P011 | P137,见对应 points 检索/判定日期；不等于产品发布日期,2026-10-03,,,核对光接口、电接口和安装基准。,按器件功能测损耗、增益、带宽或误差。,缺封装尺寸/热阻、薄膜制程、具体模块型号采用关系,PVIEW113
N114,中瓷电子,氮化铝薄膜基板,材料,氮化铝薄膜基板；引语称已批量供货，不将外壳全部推为AlN,现有账本引语提取；未回读原始来源或外部核验；记录生产状态不自动归给每个品目,https://static.cninfo.com.cn/finalpage/2026-04-29/1225224991.PDF,P137,见对应 points 检索/判定日期；不等于产品发布日期,2026-10-03,,,查看材料进入哪道加工或装配工序。,核对尺寸、厚度、纯度、光学或热学参数；按实际材料选指标。,缺封装尺寸/热阻、薄膜制程、具体模块型号采用关系,PVIEW114
N115,优迅股份,高速率跨阻放大器芯片（TIA）,芯片,自研高带宽、低噪声、宽动态TIA设计；技术表称成熟应用,现有账本引语提取；未回读原始来源或外部核验；记录生产状态不自动归给每个品目,S0a本地扫描2025年报（688807__em_优迅股份_em__2025_优迅股份：2025年年度报告.pdf），全文扩看核实,P014,见对应 points 检索/判定日期；不等于产品发布日期,2026-10-03,,,分别核对供电、驱动/信号焊盘、光入口和光出口。,晶圆级或单芯片的电学、光学测试；装配后还需复测。,速率、Driver/CDR具体P/N、工艺制程、代工及模块客户映射缺失,PVIEW115
N116,优迅股份,光通信前端收发电芯片,芯片,电信号放大、驱动、重定时；引语未列逐一芯片P/N，不能自行补DSP/制程,现有账本引语提取；未回读原始来源或外部核验；记录生产状态不自动归给每个品目,https://static.cninfo.com.cn/finalpage/2026-04-10/1225088673.PDF,P118,见对应 points 检索/判定日期；不等于产品发布日期,2026-10-03,,,分别核对供电、驱动/信号焊盘、光入口和光出口。,晶圆级或单芯片的电学、光学测试；装配后还需复测。,速率、Driver/CDR具体P/N、工艺制程、代工及模块客户映射缺失,PVIEW116
N117,北京康特睿科光电科技有限公司,芯片封装委托加工,工艺与制造服务,仅明确委托芯片封装，未列封装方法和受加工具体芯片,现有账本引语提取；未回读原始来源或外部核验；记录生产状态不自动归给每个品目,有锚；披露方产品列（源杰招股书委托加工表）,P017,见对应 points 检索/判定日期；不等于产品发布日期,2026-10-03,,,核对来料、在制品与交付件的要求。,核对受托步骤、验收规格和客户产品对应关系。,缺加工工序/封装形态、服务阶段和原URL；不得写为自制激光器芯片,PVIEW117
N118,博通(Broadcom),物理层器件（PHY）,芯片,AI半导体解决方案中的PHY；该引语未列具体电/光处理架构或型号,现有账本引语提取；未回读原始来源或外部核验；记录生产状态不自动归给每个品目,"FY2025 10-K产品段(sec.gov avgo-20251102.htm,共识结构层补锚2026-07-24)",P020,见对应 points 检索/判定日期；不等于产品发布日期,2026-10-03,,,分别核对供电、驱动/信号焊盘、光入口和光出口。,晶圆级或单芯片的电学、光学测试；装配后还需复测。,引语末段截断；本分组不能补DSP型号、EML/PD与客户SKU；公司池纳入理由不能替代产品说明书；需继续对齐型号、配置和阶段。,PVIEW118
N119,博通(Broadcom),光组件,器件,引语仅列optical components；激光器/探测器细类未列,现有账本引语提取；未回读原始来源或外部核验；记录生产状态不自动归给每个品目,"FY2025 10-K产品段(sec.gov avgo-20251102.htm,共识结构层补锚2026-07-24)",P020,见对应 points 检索/判定日期；不等于产品发布日期,2026-10-03,,,核对光接口、电接口和安装基准。,按器件功能测损耗、增益、带宽或误差。,引语末段截断；本分组不能补DSP型号、EML/PD与客户SKU；公司池纳入理由不能替代产品说明书；需继续对齐型号、配置和阶段。,PVIEW119
N120,博通(Broadcom),[线索] 交换ASIC；SerDes；光DSP；EML；CPO平台,芯片,交换ASIC、SerDes、光DSP、EML与CPO上游平台,现有公司池/观察理由线索；尚未逐产品核验,calls/universe.csv：AVGO，纳入理由；无逐产品原文锚,AVGO,公司池资料日期未标；不冒充产品发布日期,2026-10-03,,,分别核对供电、驱动/信号焊盘、光入口和光出口。,晶圆级或单芯片的电学、光学测试；装配后还需复测。,引语末段截断；本分组不能补DSP型号、EML/PD与客户SKU；公司池纳入理由不能替代产品说明书；需继续对齐型号、配置和阶段。,PVIEW120
N121,天孚通信,光隔离器/隔离器组件,器件,无源光隔离器；参数表OCR列损耗<0.3dB、隔离>30dB，但条件和具体型号未列,现有账本引语提取；未回读原始来源或外部核验；记录生产状态不自动归给每个品目,https://static.cninfo.com.cn/finalpage/2020-08-03/1208119960.PDF | https://static.cninfo.com.cn/finalpage/2026-04-08/1225082705.PDF,P023 | P154,见对应 points 检索/判定日期；不等于产品发布日期,2026-10-03,,,核对光接口、电接口和安装基准。,按器件功能测损耗、增益、带宽或误差。,OSA采用/自制关系需原文补锚；CPO品名、光引擎平台到SKU和材料设备映射未列,PVIEW121
N122,天孚通信,OSA光器件（TOSA/ROSA/BOSA；上下文线索）,器件,P024为context_only，不能凭该词确认全部类型自产或采用某激光器,现有账本引语提取；未回读原始来源或外部核验；记录生产状态不自动归给每个品目,https://static.cninfo.com.cn/finalpage/2020-08-03/1208119960.PDF,P024,见对应 points 检索/判定日期；不等于产品发布日期,2026-10-03,,,核对光接口、电接口和安装基准。,按器件功能测损耗、增益、带宽或误差。,OSA采用/自制关系需原文补锚；CPO品名、光引擎平台到SKU和材料设备映射未列,PVIEW122
N123,天孚通信,光滤波片/Filter Block/WDM器件,器件,产品表列光滤波及波分器件；记录引语称配套光器件规模量产、全工序厂内生产，逐品目工艺未列,现有账本引语提取；未回读原始来源或外部核验；记录生产状态不自动归给每个品目,https://static.cninfo.com.cn/finalpage/2026-04-08/1225082705.PDF,P107,见对应 points 检索/判定日期；不等于产品发布日期,2026-10-03,,,核对光接口、电接口和安装基准。,按器件功能测损耗、增益、带宽或误差。,OSA采用/自制关系需原文补锚；CPO品名、光引擎平台到SKU和材料设备映射未列,PVIEW123
N124,天孚通信,波分复用器件、高密度连接器及微光学组件,器件,持续研发升级的精密无源产品，服务客户新产品交付,现有账本引语提取；未回读原始来源或外部核验；记录生产状态不自动归给每个品目,https://static.cninfo.com.cn/finalpage/2026-04-08/1225082705.PDF,P153,见对应 points 检索/判定日期；不等于产品发布日期,2026-10-03,,,核对光接口、电接口和安装基准。,按器件功能测损耗、增益、带宽或误差。,OSA采用/自制关系需原文补锚；CPO品名、光引擎平台到SKU和材料设备映射未列,PVIEW124
N125,天孚通信,AWG器件,器件,阵列波导光栅波分复用；OCR参数表有损耗/隔离指标，型号和测试条件未列,现有账本引语提取；未回读原始来源或外部核验；记录生产状态不自动归给每个品目,https://static.cninfo.com.cn/finalpage/2026-04-08/1225082705.PDF,P154,见对应 points 检索/判定日期；不等于产品发布日期,2026-10-03,,,核对光接口、电接口和安装基准。,按器件功能测损耗、增益、带宽或误差。,OSA采用/自制关系需原文补锚；CPO品名、光引擎平台到SKU和材料设备映射未列,PVIEW125
N126,天孚通信,FAU光纤阵列设计与制造平台,工艺与制造服务,FAU设计制造技术平台；不能直接写为特定FAU型号量产,现有账本引语提取；未回读原始来源或外部核验；记录生产状态不自动归给每个品目,https://static.cninfo.com.cn/finalpage/2026-04-08/1225082705.PDF,P155,见对应 points 检索/判定日期；不等于产品发布日期,2026-10-03,,,核对来料、在制品与交付件的要求。,核对受托步骤、验收规格和客户产品对应关系。,OSA采用/自制关系需原文补锚；CPO品名、光引擎平台到SKU和材料设备映射未列,PVIEW126
N127,天孚通信,并行光学设计/光学模拟及高速光引擎设计封装平台,工艺与制造服务,并行光学、光学模拟/设计、高速光引擎设计与封装平台,现有账本引语提取；未回读原始来源或外部核验；记录生产状态不自动归给每个品目,https://static.cninfo.com.cn/finalpage/2026-04-08/1225082705.PDF,P155,见对应 points 检索/判定日期；不等于产品发布日期,2026-10-03,,,核对来料、在制品与交付件的要求。,核对受托步骤、验收规格和客户产品对应关系。,OSA采用/自制关系需原文补锚；CPO品名、光引擎平台到SKU和材料设备映射未列,PVIEW127
N128,天孚通信,CPO配套产品（具体品名待补）,器件,2026-08-19引语称量产交付、良率满足规模量产；未列该产品内部结构或型号,现有账本引语提取；未回读原始来源或外部核验；记录生产状态不自动归给每个品目,https://static.cninfo.com.cn/finalpage/2026-08-19/1225483926.PDF,P271,见对应 points 检索/判定日期；不等于产品发布日期,2026-10-03,,,核对光接口、电接口和安装基准。,按器件功能测损耗、增益、带宽或误差。,OSA采用/自制关系需原文补锚；CPO品名、光引擎平台到SKU和材料设备映射未列,PVIEW128
N129,弘景光电,光通信非球面透镜,器件,成功开发光通信非球面透镜；加工/材料/镀膜与量产阶段未明,现有账本引语提取；未回读原始来源或外部核验；记录生产状态不自动归给每个品目,S0a本地扫描2025年报（301479__em_弘景光电_em__2025_2025年年度报告.pdf）,P028,见对应 points 检索/判定日期；不等于产品发布日期,2026-10-03,,,核对光接口、电接口和安装基准。,按器件功能测损耗、增益、带宽或误差。,研发成功不等逐型号量产；原锚仅本地扫描定位,PVIEW129
N130,弘景光电,光纤阵列组件,器件,成功开发光通信光纤阵列；纤芯数、精度、耦合结构未明,现有账本引语提取；未回读原始来源或外部核验；记录生产状态不自动归给每个品目,S0a本地扫描2025年报（301479__em_弘景光电_em__2025_2025年年度报告.pdf）,P028,见对应 points 检索/判定日期；不等于产品发布日期,2026-10-03,,,核对光接口、电接口和安装基准。,按器件功能测损耗、增益、带宽或误差。,研发成功不等逐型号量产；原锚仅本地扫描定位,PVIEW130
N131,景旺电子,800G光模块高速PCB,器件,PCB产品；引语直接称已量产，不是800G光模块整机自产,现有账本引语提取；未回读原始来源或外部核验；记录生产状态不自动归给每个品目,https://static.cninfo.com.cn/finalpage/2025-04-29/1223377812.PDF,P031,见对应 points 检索/判定日期；不等于产品发布日期,2026-10-03,,,核对光接口、电接口和安装基准。,按器件功能测损耗、增益、带宽或误差。,层数、板材、线路/孔/互联结构、客户SKU未列,PVIEW131
N132,杜邦(含关联方),芳纶纱,材料,仅列芳纶纱；牌号及光缆结构用途未在引语说明,现有账本引语提取；未回读原始来源或外部核验；记录生产状态不自动归给每个品目,有锚；披露方产品列（仕佳光子招股书供应商表）,P034,见对应 points 检索/判定日期；不等于产品发布日期,2026-10-03,,,查看材料进入哪道加工或装配工序。,核对尺寸、厚度、纯度、光学或热学参数；按实际材料选指标。,关联方身份、牌号、实际生产/经销分工和原URL未给,PVIEW132
N133,武汉云岭光电股份有限公司,光通信激光器芯片,芯片,同业段列激光器芯片；DML/EML/VCSEL/CW未细分,现有账本引语提取；未回读原始来源或外部核验；记录生产状态不自动归给每个品目,有锚；同业描述（源杰招股书同业段）,P037,见对应 points 检索/判定日期；不等于产品发布日期,2026-10-03,,,分别核对供电、驱动/信号焊盘、光入口和光出口。,晶圆级或单芯片的电学、光学测试；装配后还需复测。,精确产品系列、速率、材料、封装类型及原URL缺失,PVIEW133
N134,武汉云岭光电股份有限公司,光通信探测器芯片,芯片,同业段列探测器芯片；PIN/APD及材料未细分,现有账本引语提取；未回读原始来源或外部核验；记录生产状态不自动归给每个品目,有锚；同业描述（源杰招股书同业段）,P037,见对应 points 检索/判定日期；不等于产品发布日期,2026-10-03,,,分别核对供电、驱动/信号焊盘、光入口和光出口。,晶圆级或单芯片的电学、光学测试；装配后还需复测。,精确产品系列、速率、材料、封装类型及原URL缺失,PVIEW134
N135,武汉云岭光电股份有限公司,封装类光芯片产品,器件,同业描述含封装类产品，具体器件形态未明,现有账本引语提取；未回读原始来源或外部核验；记录生产状态不自动归给每个品目,有锚；同业描述（源杰招股书同业段）,P037,见对应 points 检索/判定日期；不等于产品发布日期,2026-10-03,,,核对光接口、电接口和安装基准。,按器件功能测损耗、增益、带宽或误差。,精确产品系列、速率、材料、封装类型及原URL缺失,PVIEW135
N136,永鼎股份,70mW/100mW CW-DFB激光器,芯片,连续光DFB；引语为推进批量化生产与性能迭代，不给逐型号量产规模,现有账本引语提取；未回读原始来源或外部核验；记录生产状态不自动归给每个品目,https://static.cninfo.com.cn/finalpage/2026-04-21/1225133679.PDF,P165,见对应 points 检索/判定日期；不等于产品发布日期,2026-10-03,,,分别核对供电、驱动/信号焊盘、光入口和光出口。,晶圆级或单芯片的电学、光学测试；装配后还需复测。,CW/EML具体SKU、批量规模、芯片工艺、AWG与滤波片的各自实现/客户映射未列,PVIEW136
N137,永鼎股份,100G EML产品,芯片,外调制激光器；推进批量化生产与迭代，未披露EML工艺结构,现有账本引语提取；未回读原始来源或外部核验；记录生产状态不自动归给每个品目,https://static.cninfo.com.cn/finalpage/2026-04-21/1225133679.PDF,P165,见对应 points 检索/判定日期；不等于产品发布日期,2026-10-03,,,分别核对供电、驱动/信号焊盘、光入口和光出口。,晶圆级或单芯片的电学、光学测试；装配后还需复测。,CW/EML具体SKU、批量规模、芯片工艺、AWG与滤波片的各自实现/客户映射未列,PVIEW137
N138,永鼎股份,IDM激光器FAB,工艺与制造服务,芯片—光器件—MPO产业链及自有IDM激光器晶圆制造能力；不由此补各芯片自制比例,现有账本引语提取；未回读原始来源或外部核验；记录生产状态不自动归给每个品目,S0a本地扫描2025年报（600105__em_永鼎股份_em__2025_永鼎股份2025年年度报告.pdf）,P041,见对应 points 检索/判定日期；不等于产品发布日期,2026-10-03,,,核对来料、在制品与交付件的要求。,核对受托步骤、验收规格和客户产品对应关系。,CW/EML具体SKU、批量规模、芯片工艺、AWG与滤波片的各自实现/客户映射未列,PVIEW138
N139,永鼎股份,AWG/MT-FA,器件,阵列波导光栅及MT光纤阵列，无源光器件,现有账本引语提取；未回读原始来源或外部核验；记录生产状态不自动归给每个品目,S0a本地扫描2025年报（600105__em_永鼎股份_em__2025_永鼎股份2025年年度报告.pdf） | https://static.cninfo.com.cn/finalpage/2026-04-21/1225133679.PDF,P041 | P042 | P166,见对应 points 检索/判定日期；不等于产品发布日期,2026-10-03,,,核对光接口、电接口和安装基准。,按器件功能测损耗、增益、带宽或误差。,CW/EML具体SKU、批量规模、芯片工艺、AWG与滤波片的各自实现/客户映射未列,PVIEW139
N140,永鼎股份,Filter/Z-BLOCK/MUX-DEMUX/DWDM-CCWDM-CDWDM组件,器件,滤波片、Z型滤波片、合分波组件；具体材料及滤波制程未列,现有账本引语提取；未回读原始来源或外部核验；记录生产状态不自动归给每个品目,https://static.cninfo.com.cn/finalpage/2026-04-21/1225133679.PDF,P166,见对应 points 检索/判定日期；不等于产品发布日期,2026-10-03,,,核对光接口、电接口和安装基准。,按器件功能测损耗、增益、带宽或误差。,CW/EML具体SKU、批量规模、芯片工艺、AWG与滤波片的各自实现/客户映射未列,PVIEW140
N141,永鼎股份,环形器/隔离器,器件,光无源环形与隔离器件，型号及光路结构未列,现有账本引语提取；未回读原始来源或外部核验；记录生产状态不自动归给每个品目,S0a本地扫描2025年报（600105__em_永鼎股份_em__2025_永鼎股份2025年年度报告.pdf） | https://static.cninfo.com.cn/finalpage/2026-04-21/1225133679.PDF,P043 | P166,见对应 points 检索/判定日期；不等于产品发布日期,2026-10-03,,,核对光接口、电接口和安装基准。,按器件功能测损耗、增益、带宽或误差。,CW/EML具体SKU、批量规模、芯片工艺、AWG与滤波片的各自实现/客户映射未列,PVIEW141
N142,泰库尼思科电子,热沉,器件,仅列热沉品名；材料/工艺/指标未明,现有账本引语提取；未回读原始来源或外部核验；记录生产状态不自动归给每个品目,有锚；披露方产品列（长光华芯招股书供应商表）,P046,见对应 points 检索/判定日期；不等于产品发布日期,2026-10-03,,,核对光接口、电接口和安装基准。,按器件功能测损耗、增益、带宽或误差。,缺准确主体/原URL/型号；不得由M3节点补钨铜或AlN材质,PVIEW142
N143,深圳市力子光电科技有限公司,芯片封装委托加工,工艺与制造服务,仅明确芯片封装加工，具体封装流程未明,现有账本引语提取；未回读原始来源或外部核验；记录生产状态不自动归给每个品目,有锚；披露方产品列（源杰招股书委托加工表）,P049,见对应 points 检索/判定日期；不等于产品发布日期,2026-10-03,,,核对来料、在制品与交付件的要求。,核对受托步骤、验收规格和客户产品对应关系。,缺受加工芯片、封装工艺和原URL,PVIEW143
N144,源杰科技,激光器芯片系列,芯片,芯片研发、设计、生产与销售；本组引语没有具体DML/EML/CW型号分类,现有账本引语提取；未回读原始来源或外部核验；记录生产状态不自动归给每个品目,有锚；发行人自述（招股书/年报主营句）,P052,见对应 points 检索/判定日期；不等于产品发布日期,2026-10-03,,,分别核对供电、驱动/信号焊盘、光入口和光出口。,晶圆级或单芯片的电学、光学测试；装配后还需复测。,本组缺激光器各技术路线/型号、速率功率、封装形态；不要按cell_id或客户硅光路线补BOM,PVIEW144
N145,源杰科技,激光器芯片封装销售产品,器件,为部分客户需求，将激光器芯片封装后销售；不能由此写成光模块整机,现有账本引语提取；未回读原始来源或外部核验；记录生产状态不自动归给每个品目,https://static.cninfo.com.cn/finalpage/2026-03-25/1225028582.PDF,P167,见对应 points 检索/判定日期；不等于产品发布日期,2026-10-03,,,核对光接口、电接口和安装基准。,按器件功能测损耗、增益、带宽或误差。,本组缺激光器各技术路线/型号、速率功率、封装形态；不要按cell_id或客户硅光路线补BOM,PVIEW145
N146,源杰科技,MOCVD外延与光栅工艺生产线,工艺与制造服务,多条覆盖MOCVD外延生长、光栅工艺的自主可控生产线,现有账本引语提取；未回读原始来源或外部核验；记录生产状态不自动归给每个品目,https://static.cninfo.com.cn/finalpage/2026-03-25/1225028582.PDF,P095,见对应 points 检索/判定日期；不等于产品发布日期,2026-10-03,,,核对来料、在制品与交付件的要求。,核对受托步骤、验收规格和客户产品对应关系。,本组缺激光器各技术路线/型号、速率功率、封装形态；不要按cell_id或客户硅光路线补BOM,PVIEW146
N147,生益电子,高速光模块PCB,器件,研发并实现产业化；具体速率、层数及板材未列，原记录提示版面错位,现有账本引语提取；未回读原始来源或外部核验；记录生产状态不自动归给每个品目,S0a本地扫描2025年报（688183__em_生益电子_em__2025_生益电子2025年年度报告.pdf）,P056,见对应 points 检索/判定日期；不等于产品发布日期,2026-10-03,,,核对光接口、电接口和安装基准。,按器件功能测损耗、增益、带宽或误差。,须补产品表定位/速率/材料和原URL；不将PCB写为光模块制造,PVIEW147
N148,罗博特科/ficonTEC,高精度光学组件及光电元件生产设备,设备,记录引语明确光学/光电生产设备，精确型号未列,现有账本引语提取；未回读原始来源或外部核验；记录生产状态不自动归给每个品目,有锚；竞品描述（发行人披露）；BOM词表 E011/E012 标注CPO耦合设备；C35内容台账补充：正基于硅光/CPO光模块技术需求研发激光辅助键合、倒装热压等先进封装工艺（发行人自述，设备-工序能力条目）,P059,见对应 points 检索/判定日期；不等于产品发布日期,2026-10-03,,,这里的接口是工件、夹具、探针和自动化接口。,核对处理材料、行程、精度、重复性和测试覆盖；不是模块性能指标。,原锚注释另提硅光/CPO激光辅助键合、倒装热压研发；非引语原文，需补直接证据后再列工艺；量产设备与在研工艺应分开,PVIEW148
N149,罗博特科/ficonTEC,半导体自动化微组装及精密测试设备,设备,自动化微组装和精密测试，未披露每型号动作及适用组件,现有账本引语提取；未回读原始来源或外部核验；记录生产状态不自动归给每个品目,有锚；竞品描述（发行人披露）；BOM词表 E011/E012 标注CPO耦合设备；C35内容台账补充：正基于硅光/CPO光模块技术需求研发激光辅助键合、倒装热压等先进封装工艺（发行人自述，设备-工序能力条目）,P059,见对应 points 检索/判定日期；不等于产品发布日期,2026-10-03,,,这里的接口是工件、夹具、探针和自动化接口。,核对处理材料、行程、精度、重复性和测试覆盖；不是模块性能指标。,原锚注释另提硅光/CPO激光辅助键合、倒装热压研发；非引语原文，需补直接证据后再列工艺；量产设备与在研工艺应分开,PVIEW149
N150,芯思杰技术,芯片封装委托加工,工艺与制造服务,仅列委托芯片封装；未给封装技术及芯片类型,现有账本引语提取；未回读原始来源或外部核验；记录生产状态不自动归给每个品目,有锚；披露方产品列（源杰招股书委托加工表）,P062,见对应 points 检索/判定日期；不等于产品发布日期,2026-10-03,,,核对来料、在制品与交付件的要求。,核对受托步骤、验收规格和客户产品对应关系。,主体全称、具体工序、原URL及客户产品对应待补,PVIEW150
N151,迅捷兴,800G/1.6T光模块PCB,器件,任意互联HDI结构技术研发已完成；原引语不证明两速率板已量产,现有账本引语提取；未回读原始来源或外部核验；记录生产状态不自动归给每个品目,S0a本地扫描2025年报（688655__em_迅捷兴_em__2025_2025年年度报告.pdf）,P065,见对应 points 检索/判定日期；不等于产品发布日期,2026-10-03,,,核对光接口、电接口和安装基准。,按器件功能测损耗、增益、带宽或误差。,记录整体生产中标签不能把研发完成写成800G/1.6T PCB量产；板材/层数/原URL未列,PVIEW151
N152,迅捷兴,400G光模块PCB生产工艺,工艺与制造服务,自主研发PCB生产工艺；工艺参数、实际交付未列,现有账本引语提取；未回读原始来源或外部核验；记录生产状态不自动归给每个品目,S0a本地扫描2025年报（688655__em_迅捷兴_em__2025_2025年年度报告.pdf）,P065,见对应 points 检索/判定日期；不等于产品发布日期,2026-10-03,,,核对来料、在制品与交付件的要求。,核对受托步骤、验收规格和客户产品对应关系。,记录整体生产中标签不能把研发完成写成800G/1.6T PCB量产；板材/层数/原URL未列,PVIEW152
N153,陕西兴化集团有限责任公司,氢气/氮气,材料,仅列两类气体；纯度、用于哪道工艺、是否自制/经销未列,现有账本引语提取；未回读原始来源或外部核验；记录生产状态不自动归给每个品目,有锚；披露方产品列（源杰招股书供应商表）,P070,见对应 points 检索/判定日期；不等于产品发布日期,2026-10-03,,,查看材料进入哪道加工或装配工序。,核对尺寸、厚度、纯度、光学或热学参数；按实际材料选指标。,不能自动配至MOCVD/外延或具体芯片厂；缺原URL和规格,PVIEW153
N154,腾景科技,数据中心高速光模块CWDM滤光片,器件,CWDM滤光片；薄膜结构、镀膜工艺未明,现有账本引语提取；未回读原始来源或外部核验；记录生产状态不自动归给每个品目,https://static.cninfo.com.cn/finalpage/2026-04-25/1225177429.PDF,P176,见对应 points 检索/判定日期；不等于产品发布日期,2026-10-03,,,核对光接口、电接口和安装基准。,按器件功能测损耗、增益、带宽或误差。,未给光引擎各速率/实现、仪器型号/测试动作及制造设备材料匹配；P076为主营大类不另造SKU,PVIEW154
N155,腾景科技,WSS/OCS用光学元组件,器件,提供供WSS模块/OCS交换机使用的光学组件；不是整机WSS/OCS制造证据,现有账本引语提取；未回读原始来源或外部核验；记录生产状态不自动归给每个品目,https://static.cninfo.com.cn/finalpage/2026-04-25/1225177429.PDF,P176,见对应 points 检索/判定日期；不等于产品发布日期,2026-10-03,,,核对光接口、电接口和安装基准。,按器件功能测损耗、增益、带宽或误差。,未给光引擎各速率/实现、仪器型号/测试动作及制造设备材料匹配；P076为主营大类不另造SKU,PVIEW155
N156,腾景科技,非球面透镜/高功率镀膜光纤线,器件,非球面透镜及高功率镀膜光纤线；材料与光路结构未列,现有账本引语提取；未回读原始来源或外部核验；记录生产状态不自动归给每个品目,https://static.cninfo.com.cn/finalpage/2026-04-25/1225177429.PDF,P176,见对应 points 检索/判定日期；不等于产品发布日期,2026-10-03,,,核对光接口、电接口和安装基准。,按器件功能测损耗、增益、带宽或误差。,未给光引擎各速率/实现、仪器型号/测试动作及制造设备材料匹配；P076为主营大类不另造SKU,PVIEW156
N157,腾景科技,高速EML/硅光COB光引擎,器件,适用于可插拔光模块的EML及硅光COB光引擎；各自完整SKU、器件链与量产阶段未列,现有账本引语提取；未回读原始来源或外部核验；记录生产状态不自动归给每个品目,https://static.cninfo.com.cn/finalpage/2026-04-25/1225177429.PDF,P177,见对应 points 检索/判定日期；不等于产品发布日期,2026-10-03,,,核对光接口、电接口和安装基准。,按器件功能测损耗、增益、带宽或误差。,未给光引擎各速率/实现、仪器型号/测试动作及制造设备材料匹配；P076为主营大类不另造SKU,PVIEW157
N158,腾景科技,光引擎配套无源及有源集成组件,器件,配套光引擎的无源组件与有源集成组件，具体品目未列,现有账本引语提取；未回读原始来源或外部核验；记录生产状态不自动归给每个品目,https://static.cninfo.com.cn/finalpage/2026-04-25/1225177429.PDF,P177,见对应 points 检索/判定日期；不等于产品发布日期,2026-10-03,,,核对光接口、电接口和安装基准。,按器件功能测损耗、增益、带宽或误差。,未给光引擎各速率/实现、仪器型号/测试动作及制造设备材料匹配；P076为主营大类不另造SKU,PVIEW158
N159,腾景科技,光测试仪器及模块（GouMax）,设备,可调谐激光器、激光扫描分析仪、光谱仪、波长计、可调谐滤波器、梳状滤波器；控股子公司产品,现有账本引语提取；未回读原始来源或外部核验；记录生产状态不自动归给每个品目,https://static.cninfo.com.cn/finalpage/2026-04-25/1225177429.PDF,P178,见对应 points 检索/判定日期；不等于产品发布日期,2026-10-03,,,这里的接口是工件、夹具、探针和自动化接口。,核对处理材料、行程、精度、重复性和测试覆盖；不是模块性能指标。,未给光引擎各速率/实现、仪器型号/测试动作及制造设备材料匹配；P076为主营大类不另造SKU,PVIEW159
N160,腾景科技,精密光学元组件；光纤器件；光测试仪器,器件 / 设备,P076主营业务片段列的产品大类；具体型号和光模块应用对应待补。,现有账本引语提取；未回读原始来源或外部核验；记录生产状态不自动归给每个品目,https://static.cninfo.com.cn/finalpage/2026-04-25/1225177429.PDF,P076,见对应 points 检索/判定日期；不等于产品发布日期,2026-10-03,,,核对光接口、电接口和安装基准。 | 这里的接口是工件、夹具、探针和自动化接口。,按器件功能测损耗、增益、带宽或误差。 | 核对处理材料、行程、精度、重复性和测试覆盖；不是模块性能指标。,未给光引擎各速率/实现、仪器型号/测试动作及制造设备材料匹配；P076为主营大类不另造SKU,PVIEW160
N161,中船特气,磷烷混气/砷烷混气,材料,新增气体产品；混合配比、纯度、外延或掺杂用途未在引语确认,现有账本引语提取；未回读原始来源或外部核验；记录生产状态不自动归给每个品目,https://static.cninfo.com.cn/finalpage/2026-04-21/1225127119.PDF,P081,见对应 points 检索/判定日期；不等于产品发布日期,2026-10-03,,,查看材料进入哪道加工或装配工序。,核对尺寸、厚度、纯度、光学或热学参数；按实际材料选指标。,不得将新增气体目录直接写成特定光芯片工厂使用；客户、纯度、工序对应缺失,PVIEW161
N162,中船特气,五氟乙烷/七氟丙烷,材料,新增产品品名；与光通信制造工艺的对应关系未披露,现有账本引语提取；未回读原始来源或外部核验；记录生产状态不自动归给每个品目,https://static.cninfo.com.cn/finalpage/2026-04-21/1225127119.PDF,P081,见对应 points 检索/判定日期；不等于产品发布日期,2026-10-03,,,查看材料进入哪道加工或装配工序。,核对尺寸、厚度、纯度、光学或热学参数；按实际材料选指标。,不得将新增气体目录直接写成特定光芯片工厂使用；客户、纯度、工序对应缺失,PVIEW162
N163,徕木股份,800G光模块壳体技术开发项目,工艺与制造服务,2023年度投资计划列技术开发，总预算220万元；不是已量产在售型号证据,现有账本在建记录；引语是项目计划，未外查当前进度,https://static.cninfo.com.cn/finalpage/2026-03-13/1225006760.PDF,P084,见对应 points 检索/判定日期；不等于产品发布日期,2026-10-03,,,核对来料、在制品与交付件的要求。,核对受托步骤、验收规格和客户产品对应关系。,研发进度/验收/实际交付、壳体材质和具体型号缺失,PVIEW163
N164,德科立,800G相干模块器件,器件,非模块对象见标题；同一来源的上下文（包含其他对象，不自动归到本对象）：400G相干模块小批量试产；800G相干模块器件取得突破并订单交付，两者阶段分别记录,现有账本引语提取；未回读原始来源或外部核验；记录生产状态不自动归给每个品目,http://static.cninfo.com.cn/finalpage/2026-03-31/1225064041.PDF,P087,见对应 points 检索/判定日期；不等于产品发布日期,2026-10-03,,,核对光接口、电接口和安装基准。,按器件功能测损耗、增益、带宽或误差。,同一记录生产中不代替各相干/硅光型号阶段；内部TX/RX链和材料设备、P159/P160扫描原URL缺失,PVIEW164
N165,德科立,光开关、相干器件、WSS、OXC光背板,器件,原引语归光无源模块；按器件族呈现，不自行补MEMS/LCOS等技术,现有账本引语提取；未回读原始来源或外部核验；记录生产状态不自动归给每个品目,http://static.cninfo.com.cn/finalpage/2026-03-31/1225064041.PDF,P104,见对应 points 检索/判定日期；不等于产品发布日期,2026-10-03,,,核对光接口、电接口和安装基准。,按器件功能测损耗、增益、带宽或误差。,同一记录生产中不代替各相干/硅光型号阶段；内部TX/RX链和材料设备、P159/P160扫描原URL缺失,PVIEW165
N166,德科立,BOSA光组件,器件,宽带接入BOSA产品，内部激光器/探测器及封装形态未列,现有账本引语提取；未回读原始来源或外部核验；记录生产状态不自动归给每个品目,本地扫描(),P160,见对应 points 检索/判定日期；不等于产品发布日期,2026-10-03,,,核对光接口、电接口和安装基准。,按器件功能测损耗、增益、带宽或误差。,同一记录生产中不代替各相干/硅光型号阶段；内部TX/RX链和材料设备、P159/P160扫描原URL缺失,PVIEW166
N167,Veeco,300mm兼容钛酸钡硅基集成工艺,工艺与制造服务,Veeco与imec联合研发BTO在硅上集成工艺；引语未列具体设备型号及交付,现有记录状态宇宙外观察；研发工艺线索，不记量产设备,https://www.imec-int.com/en/press/veeco-and-imec-develop-300mm-compatible-process-enable-integration-barium-titanate-silicon,P091,见对应 points 检索/判定日期；不等于产品发布日期,2026-10-03,,,核对来料、在制品与交付件的要求。,核对受托步骤、验收规格和客户产品对应关系。,原锚注硅光MBE；不能在引语层直接补MBE设备型号或量产；公司池纳入理由不能替代产品说明书；需继续对齐型号、配置和阶段。,PVIEW167
N168,Veeco,[线索] InP MOCVD；离子束设备,设备,InP MOCVD与离子束设备订单观察激光产能约束,现有公司池/观察理由线索；尚未逐产品核验,calls/universe.csv：VECO，纳入理由；无逐产品原文锚,VECO,公司池资料日期未标；不冒充产品发布日期,2026-10-03,,,这里的接口是工件、夹具、探针和自动化接口。,核对处理材料、行程、精度、重复性和测试覆盖；不是模块性能指标。,原锚注硅光MBE；不能在引语层直接补MBE设备型号或量产；公司池纳入理由不能替代产品说明书；需继续对齐型号、配置和阶段。,PVIEW168
N169,Veeco,LUMINA+ MOCVD,设备,Veeco称LUMINA+ MOCVD获Ennostar首次商业验收与资格认证,现有事件摘录；fact_assertion；单方公告虽具名对手方仍不算独立来源；应用范围跨多个市场,https://ir.veeco.com/news-and-events/news-details/2026/Ennostar-Qualifies-Veecos-New-LUMINA-MOCVD-System-for-Advanced-Product-Applications/default.aspx,ECL027 | D_VECO_20260611_ENNOSTAR,2026-06-11,2026-10-03,,,这里的接口是工件、夹具、探针和自动化接口。,核对处理材料、行程、精度、重复性和测试覆盖；不是模块性能指标。,原锚注硅光MBE；不能在引语层直接补MBE设备型号或量产；公司池纳入理由不能替代产品说明书；需继续对齐型号、配置和阶段。,PVIEW169
N170,三安光电,CW光源/EML/VCSEL/DFB/FP芯片,芯片,CW、EML、VCSEL、DFB、FP多路线；引语称400G/800G应用光芯片批量出货，不将所有路线全配到两速率,现有账本引语提取；未回读原始来源或外部核验；记录生产状态不自动归给每个品目,https://static.cninfo.com.cn/finalpage/2026-04-25/1225193540.PDF,P098 | P128,见对应 points 检索/判定日期；不等于产品发布日期,2026-10-03,,,分别核对供电、驱动/信号焊盘、光入口和光出口。,晶圆级或单芯片的电学、光学测试；装配后还需复测。,具体芯片P/N及速率/平台的产品映射、产量和客户模块BOM未知,PVIEW170
N171,三安光电,PD探测器芯片,芯片,探测器PD；PIN/APD、材料及速率未细分,现有账本引语提取；未回读原始来源或外部核验；记录生产状态不自动归给每个品目,https://static.cninfo.com.cn/finalpage/2026-04-25/1225193540.PDF,P098,见对应 points 检索/判定日期；不等于产品发布日期,2026-10-03,,,分别核对供电、驱动/信号焊盘、光入口和光出口。,晶圆级或单芯片的电学、光学测试；装配后还需复测。,具体芯片P/N及速率/平台的产品映射、产量和客户模块BOM未知,PVIEW171
N172,北方华创,8英寸MOCVD设备,设备,金属有机化学气相沉积/外延生长；引语称批量销售、覆盖光电子等多应用,现有账本引语提取；未回读原始来源或外部核验；记录生产状态不自动归给每个品目,https://static.cninfo.com.cn/finalpage/2026-04-18/1225122918.PDF,P110,见对应 points 检索/判定日期；不等于产品发布日期,2026-10-03,,,这里的接口是工件、夹具、探针和自动化接口。,核对处理材料、行程、精度、重复性和测试覆盖；不是模块性能指标。,通用光电子应用不等某厂某光芯片产线已采用；精确型号/工艺参数缺失,PVIEW172
N173,北方华创,ICP/CCP刻蚀设备,设备,ICP、CCP等系列批量销售；具体光通信客户型号未列,现有账本引语提取；未回读原始来源或外部核验；记录生产状态不自动归给每个品目,https://static.cninfo.com.cn/finalpage/2026-04-18/1225122918.PDF,P111,见对应 points 检索/判定日期；不等于产品发布日期,2026-10-03,,,这里的接口是工件、夹具、探针和自动化接口。,核对处理材料、行程、精度、重复性和测试覆盖；不是模块性能指标。,通用光电子应用不等某厂某光芯片产线已采用；精确型号/工艺参数缺失,PVIEW173
N174,北方华创,离子束刻蚀设备,设备,原记录引语括注适用于激光器、探测器等光电子器件；逐型号交付阶段未明,现有账本引语提取；未回读原始来源或外部核验；记录生产状态不自动归给每个品目,https://static.cninfo.com.cn/finalpage/2026-04-18/1225122918.PDF,P111,见对应 points 检索/判定日期；不等于产品发布日期,2026-10-03,,,这里的接口是工件、夹具、探针和自动化接口。,核对处理材料、行程、精度、重复性和测试覆盖；不是模块性能指标。,通用光电子应用不等某厂某光芯片产线已采用；精确型号/工艺参数缺失,PVIEW174
N175,矽电股份,PD/APD/VCSEL芯片探针测试一体机、分选机、AOI,设备,当前销售适用PD/APD/VCSEL芯片测试的设备；具体测试电/光指标与型号未列,现有账本引语提取；未回读原始来源或外部核验；记录生产状态不自动归给每个品目,https://static.cninfo.com.cn/finalpage/2026-08-04/1225457716.PDF,P171,见对应 points 检索/判定日期；不等于产品发布日期,2026-10-03,,,这里的接口是工件、夹具、探针和自动化接口。,核对处理材料、行程、精度、重复性和测试覆盖；不是模块性能指标。,精确型号、被测芯片/测试链、产线采用对应缺失,PVIEW175
N176,矽电股份,12吋全自动高精度晶圆探针台,设备,适用于硅光晶圆测试，探针类型/耦合与测量参数未列,现有账本引语提取；未回读原始来源或外部核验；记录生产状态不自动归给每个品目,https://static.cninfo.com.cn/finalpage/2026-08-04/1225457716.PDF,P171,见对应 points 检索/判定日期；不等于产品发布日期,2026-10-03,,,这里的接口是工件、夹具、探针和自动化接口。,核对处理材料、行程、精度、重复性和测试覆盖；不是模块性能指标。,精确型号、被测芯片/测试链、产线采用对应缺失,PVIEW176
N177,矽电股份,分选机、曝光机、AOI半导体专用设备,设备,引语称已研发量产；光电芯片客户背景不等每曝光机都用于光通信,现有账本引语提取；未回读原始来源或外部核验；记录生产状态不自动归给每个品目,https://static.cninfo.com.cn/finalpage/2026-04-22/1225138756.PDF,P114,见对应 points 检索/判定日期；不等于产品发布日期,2026-10-03,,,这里的接口是工件、夹具、探针和自动化接口。,核对处理材料、行程、精度、重复性和测试覆盖；不是模块性能指标。,精确型号、被测芯片/测试链、产线采用对应缺失,PVIEW177
N178,长芯博创,PLC光分路器,器件,平面光波导分光，FTTH应用,现有账本引语提取；未回读原始来源或外部核验；记录生产状态不自动归给每个品目,https://static.cninfo.com.cn/finalpage/2026-03-28/1225045047.PDF,P120 | P184,见对应 points 检索/判定日期；不等于产品发布日期,2026-10-03,,,核对光接口、电接口和安装基准。,按器件功能测损耗、增益、带宽或误差。,P184结尾光纤阵引语截断，光纤阵列品名/型号待补；模块内部BOM与材料设备缺失,PVIEW178
N179,长芯博创,AWG/无热AAWG,器件,骨干/城域DWDM的AWG；数据中心互联AAWG已批量出货,现有账本引语提取；未回读原始来源或外部核验；记录生产状态不自动归给每个品目,https://static.cninfo.com.cn/finalpage/2026-03-28/1225045047.PDF,P121,见对应 points 检索/判定日期；不等于产品发布日期,2026-10-03,,,核对光接口、电接口和安装基准。,按器件功能测损耗、增益、带宽或误差。,P184结尾光纤阵引语截断，光纤阵列品名/型号待补；模块内部BOM与材料设备缺失,PVIEW179
N180,长芯博创,VMUX,器件,可调光功率波分复用器；波导与控制实现未列,现有账本引语提取；未回读原始来源或外部核验；记录生产状态不自动归给每个品目,https://static.cninfo.com.cn/finalpage/2026-03-28/1225045047.PDF,P184,见对应 points 检索/判定日期；不等于产品发布日期,2026-10-03,,,核对光接口、电接口和安装基准。,按器件功能测损耗、增益、带宽或误差。,P184结尾光纤阵引语截断，光纤阵列品名/型号待补；模块内部BOM与材料设备缺失,PVIEW180
N181,长芯博创,MEMS可调光衰减器VOA,器件,MEMS光功率衰减,现有账本引语提取；未回读原始来源或外部核验；记录生产状态不自动归给每个品目,https://static.cninfo.com.cn/finalpage/2026-03-28/1225045047.PDF,P184,见对应 points 检索/判定日期；不等于产品发布日期,2026-10-03,,,核对光接口、电接口和安装基准。,按器件功能测损耗、增益、带宽或误差。,P184结尾光纤阵引语截断，光纤阵列品名/型号待补；模块内部BOM与材料设备缺失,PVIEW181
N182,蓝特光学,光学棱镜/光学透镜,器件,研发生产销售的光学器件系列；光模块适用业务并列披露，未将各型号逐一配对,现有账本引语提取；未回读原始来源或外部核验；记录生产状态不自动归给每个品目,https://static.cninfo.com.cn/finalpage/2026-03-17/1225013060.PDF,P124,见对应 points 检索/判定日期；不等于产品发布日期,2026-10-03,,,核对光接口、电接口和安装基准。,按器件功能测损耗、增益、带宽或误差。,消费/车载/光通为并列市场；不能将全部产品归光模块专用；精确SKU及工艺缺失,PVIEW182
N183,蓝特光学,光学晶圆,材料,光学晶圆产品系列；材料和用于哪种光通信器件未明,现有账本引语提取；未回读原始来源或外部核验；记录生产状态不自动归给每个品目,https://static.cninfo.com.cn/finalpage/2026-03-17/1225013060.PDF,P124,见对应 points 检索/判定日期；不等于产品发布日期,2026-10-03,,,查看材料进入哪道加工或装配工序。,核对尺寸、厚度、纯度、光学或热学参数；按实际材料选指标。,消费/车载/光通为并列市场；不能将全部产品归光模块专用；精确SKU及工艺缺失,PVIEW183
N184,上海贝岭,网络通信存储器/专用SoC/电源芯片,芯片,引语称接入网及中低速光模块份额提升，向高速数通渗透；不等已在高速模块规模量产,现有账本引语提取；未回读原始来源或外部核验；记录生产状态不自动归给每个品目,https://static.cninfo.com.cn/finalpage/2026-03-31/1225051104.PDF,P129,见对应 points 检索/判定日期；不等于产品发布日期,2026-10-03,,,分别核对供电、驱动/信号焊盘、光入口和光出口。,晶圆级或单芯片的电学、光学测试；装配后还需复测。,P/N、速率适配和电源/存储/控制功能对应缺失；不自动补DSP/Driver/TIA,PVIEW184
N185,威尔高,光模块应用PCB,器件,主营为PCB；产品类型表用光模块简称，此处解释为应用PCB，不能当光模块整机制造,现有摘录；产品名称含PCB主营语境解释，非原句逐字产品名；本轮未回核原文,https://static.cninfo.com.cn/finalpage/2026-04-28/1225202924.PDF,P157,见对应 points 检索/判定日期；不等于产品发布日期,2026-10-03,,,核对光接口、电接口和安装基准。,按器件功能测损耗、增益、带宽或误差。,引语产品列表混合应用名，需原表核对具体板型；未列速率、板材与层数,PVIEW185
N186,意华股份,QSFP/OSFP 800G/1.6T模块精密壳体,器件,QSFP/OSFP壳体研发生产及批量交付；不代表光收发整机制造,现有账本引语提取；未回读原始来源或外部核验；记录生产状态不自动归给每个品目,https://static.cninfo.com.cn/finalpage/2026-04-29/1225233182.PDF,P162,见对应 points 检索/判定日期；不等于产品发布日期,2026-10-03,,,核对光接口、电接口和安装基准。,按器件功能测损耗、增益、带宽或误差。,壳体材质、散热器结构及型号兼容列表缺失,PVIEW186
N187,意华股份,高速光模块散热组件,器件,具备研发及批量交付能力，材料与热设计未列,现有账本引语提取；未回读原始来源或外部核验；记录生产状态不自动归给每个品目,https://static.cninfo.com.cn/finalpage/2026-04-29/1225233182.PDF,P162,见对应 points 检索/判定日期；不等于产品发布日期,2026-10-03,,,核对光接口、电接口和安装基准。,按器件功能测损耗、增益、带宽或误差。,壳体材质、散热器结构及型号兼容列表缺失,PVIEW187
N188,长飞光纤,空芯光纤/多芯光纤/高品质多模光纤,材料,空芯、多芯及多模多路线；具体纤芯结构/参数/制造阶段未列,现有账本引语提取；未回读原始来源或外部核验；记录生产状态不自动归给每个品目,https://static.cninfo.com.cn/finalpage/2026-03-28/1225048080.PDF,P185,见对应 points 检索/判定日期；不等于产品发布日期,2026-10-03,,,查看材料进入哪道加工或装配工序。,核对尺寸、厚度、纯度、光学或热学参数；按实际材料选指标。,公司推出产品不等全部组件自产；光纤各型号与模块配对、量产交付缺失,PVIEW188
N189,鹏鼎控股,1.6T光模块PCB,器件,2026-06-12回答称已供货；具体材料和结构未明,现有账本引语提取；未回读原始来源或外部核验；记录生产状态不自动归给每个品目,corpus/qa/002938/qa.jsonl#indexId=2284219833158844416；irm.cninfo.com.cn 互动易(准披露渠道),P188,见对应 points 检索/判定日期；不等于产品发布日期,2026-10-03,,,核对光接口、电接口和安装基准。,按器件功能测损耗、增益、带宽或误差。,板材/层数/型号和开发验收节点缺失；互动易快照原URL未给,PVIEW189
N190,鹏鼎控股,3.2T光模块PCB研发,工艺与制造服务,与客户开发中，不能写为已供货3.2T PCB,现有账本引语提取；未回读原始来源或外部核验；记录生产状态不自动归给每个品目,corpus/qa/002938/qa.jsonl#indexId=2284219833158844416；irm.cninfo.com.cn 互动易(准披露渠道),P188,见对应 points 检索/判定日期；不等于产品发布日期,2026-10-03,,,核对来料、在制品与交付件的要求。,核对受托步骤、验收规格和客户产品对应关系。,板材/层数/型号和开发验收节点缺失；互动易快照原URL未给,PVIEW190
N191,阿莱德,导热散热产品,器件,仅说可应用通信/光模块/消费电子；材料形态、型号与光模块实际交付未列,现有账本引语提取；未回读原始来源或外部核验；记录生产状态不自动归给每个品目,corpus/qa/301419/qa.jsonl#indexId=2304090509577408512；irm.cninfo.com.cn 互动易(准披露渠道),P191,见对应 points 检索/判定日期；不等于产品发布日期,2026-10-03,,,核对光接口、电接口和安装基准。,按器件功能测损耗、增益、带宽或误差。,可应用不等已供货光模块；产品配方/结构和互动易原URL缺失,PVIEW191
N192,沪硅产业,12英寸SOI硅片,材料,12英寸SOI，中试线16万片/年为记录历史建成规模；硅光/射频/高压并列用途；客户认证、小批量供应、产能爬坡,现有在建记录；引语已有小批量供应，不把在建误作零供应，也不升全面量产,https://pdf.dfcfw.com/pdf/H2_AN202605291823017950_1.pdf,P196,见对应 points 检索/判定日期；不等于产品发布日期,2026-10-03,,,查看材料进入哪道加工或装配工序。,核对尺寸、厚度、纯度、光学或热学参数；按实际材料选指标。,硅光专用SOI规格/实际有效产能/客户晶圆采用未列；中试产能不等量产有效产能,PVIEW192
N193,赛微电子,硅光子工艺开发及产品验证,工艺与制造服务,记录引语列工艺开发及验证，不能写自有在售硅光芯片,现有在建记录；工艺开发/验证阶段；未外部核验,https://static.cninfo.com.cn/finalpage/2026-03-27/1225036416.PDF,P199,见对应 points 检索/判定日期；不等于产品发布日期,2026-10-03,,,核对来料、在制品与交付件的要求。,核对受托步骤、验收规格和客户产品对应关系。,微振镜/BAW等同段其他类别未明光通信专用；各工艺产线、验证及量产节点缺失,PVIEW193
N194,赛微电子,MEMS-OCS工艺开发及产品验证,工艺与制造服务,MEMS光电路交换相关类别工艺开发/验证；未列自有OCS系统商品,现有在建记录；工艺开发/验证阶段；未外部核验,https://static.cninfo.com.cn/finalpage/2026-03-27/1225036416.PDF,P199,见对应 points 检索/判定日期；不等于产品发布日期,2026-10-03,,,核对来料、在制品与交付件的要求。,核对受托步骤、验收规格和客户产品对应关系。,微振镜/BAW等同段其他类别未明光通信专用；各工艺产线、验证及量产节点缺失,PVIEW194
N195,苏州猎奇智能设备,光模块贴片设备,设备,贴片/芯片装配，适配800G/1.6T光模块生产需求；精确P/N/精度未列,现有账本引语提取；未回读原始来源或外部核验；记录生产状态不自动归给每个品目,https://pdf.dfcfw.com/pdf/H2_AN202607141826953819_1.pdf,P203,见对应 points 检索/判定日期；不等于产品发布日期,2026-10-03,,,这里的接口是工件、夹具、探针和自动化接口。,核对处理材料、行程、精度、重复性和测试覆盖；不是模块性能指标。,设备型号/工艺精度与材料器件配对缺失；厂商设备可适配不等所有客户SKU已采用,PVIEW195
N196,苏州猎奇智能设备,光模块耦合设备,设备,光学耦合环节，适配800G/1.6T；主动/被动耦合与具体对象未列,现有账本引语提取；未回读原始来源或外部核验；记录生产状态不自动归给每个品目,https://pdf.dfcfw.com/pdf/H2_AN202607141826953819_1.pdf,P204,见对应 points 检索/判定日期；不等于产品发布日期,2026-10-03,,,这里的接口是工件、夹具、探针和自动化接口。,核对处理材料、行程、精度、重复性和测试覆盖；不是模块性能指标。,设备型号/工艺精度与材料器件配对缺失；厂商设备可适配不等所有客户SKU已采用,PVIEW196
N197,苏州猎奇智能设备,光模块老化测试设备,设备,引语称产品覆盖老化测试关键工序；温度、电/光应力、测试标准未列,现有账本引语提取；未回读原始来源或外部核验；记录生产状态不自动归给每个品目,https://pdf.dfcfw.com/pdf/H2_AN202607141826953819_1.pdf,P203 | P204,见对应 points 检索/判定日期；不等于产品发布日期,2026-10-03,,,这里的接口是工件、夹具、探针和自动化接口。,核对处理材料、行程、精度、重复性和测试覆盖；不是模块性能指标。,设备型号/工艺精度与材料器件配对缺失；厂商设备可适配不等所有客户SKU已采用,PVIEW197
N198,快克智能,光模块专用AOI检测设备,设备,识别激光器芯片偏移、金线键合缺陷、光芯片波导亚微米缺陷；具体检测原理/型号未列,现有账本引语提取；未回读原始来源或外部核验；记录生产状态不自动归给每个品目,https://static.cninfo.com.cn/finalpage/2026-04-24/1225173150.PDF,P207,见对应 points 检索/判定日期；不等于产品发布日期,2026-10-03,,,这里的接口是工件、夹具、探针和自动化接口。,核对处理材料、行程、精度、重复性和测试覆盖；不是模块性能指标。,引语是设备能力；记录注记市场推广期，缺逐型号量产/订单；不得把注记在研共晶固晶系统写成量产设备,PVIEW198
N199,Coherent,GaAs VCSEL,芯片,GaAs VCSEL自主设计制造，美国/欧洲多个6英寸GaAs VCSEL fab,现有账本引语提取；未回读原始来源或外部核验；记录生产状态不自动归给每个品目,https://www.sec.gov/Archives/edgar/data/820318/000082031825000014/iivi-20250630.htm,P222 | P223,见对应 points 检索/判定日期；不等于产品发布日期,2026-10-03,,,分别核对供电、驱动/信号焊盘、光入口和光出口。,晶圆级或单芯片的电学、光学测试；装配后还需复测。,模块采用哪款自制组件、对外出售比例和设备材料具体型号缺失；不把消费/材料分部背景自动归数通产品；公司池纳入理由不能替代产品说明书；需继续对齐型号、配置和阶段。；FTCF2519两SKU未对齐光学和FRO/TRO/LRO版本；目录和网页个别reach/receiver/标题冲突；PD/TIA/driver/MUX/封装料号并非凭公司能力可知,PVIEW199
N200,Coherent,InP DML/EML/CW激光器,芯片,InP多种直接/外调制/连续光路线，自主设计制造,现有账本引语提取；未回读原始来源或外部核验；记录生产状态不自动归给每个品目,https://www.sec.gov/Archives/edgar/data/820318/000082031825000014/iivi-20250630.htm,P222,见对应 points 检索/判定日期；不等于产品发布日期,2026-10-03,,,分别核对供电、驱动/信号焊盘、光入口和光出口。,晶圆级或单芯片的电学、光学测试；装配后还需复测。,模块采用哪款自制组件、对外出售比例和设备材料具体型号缺失；不把消费/材料分部背景自动归数通产品；公司池纳入理由不能替代产品说明书；需继续对齐型号、配置和阶段。；FTCF2519两SKU未对齐光学和FRO/TRO/LRO版本；目录和网页个别reach/receiver/标题冲突；PD/TIA/driver/MUX/封装料号并非凭公司能力可知,PVIEW200
N201,Coherent,光电二极管/探测器,芯片,自制探测器/光电二极管；P224高量出货的应用上下文未给，不能独断数通PD量产,现有账本引语提取；未回读原始来源或外部核验；记录生产状态不自动归给每个品目,https://www.sec.gov/Archives/edgar/data/820318/000082031825000014/iivi-20250630.htm,P220 | P224,见对应 points 检索/判定日期；不等于产品发布日期,2026-10-03,,,分别核对供电、驱动/信号焊盘、光入口和光出口。,晶圆级或单芯片的电学、光学测试；装配后还需复测。,模块采用哪款自制组件、对外出售比例和设备材料具体型号缺失；不把消费/材料分部背景自动归数通产品；公司池纳入理由不能替代产品说明书；需继续对齐型号、配置和阶段。；FTCF2519两SKU未对齐光学和FRO/TRO/LRO版本；目录和网页个别reach/receiver/标题冲突；PD/TIA/driver/MUX/封装料号并非凭公司能力可知,PVIEW201
N202,Coherent,ICs（类型未列）,芯片,自制模块组件中包含ICs；不将其默认定义为Driver/TIA/DSP,现有账本引语提取；未回读原始来源或外部核验；记录生产状态不自动归给每个品目,https://www.sec.gov/Archives/edgar/data/820318/000082031825000014/iivi-20250630.htm,P220 | P225,见对应 points 检索/判定日期；不等于产品发布日期,2026-10-03,,,分别核对供电、驱动/信号焊盘、光入口和光出口。,晶圆级或单芯片的电学、光学测试；装配后还需复测。,模块采用哪款自制组件、对外出售比例和设备材料具体型号缺失；不把消费/材料分部背景自动归数通产品；公司池纳入理由不能替代产品说明书；需继续对齐型号、配置和阶段。；FTCF2519两SKU未对齐光学和FRO/TRO/LRO版本；目录和网页个别reach/receiver/标题冲突；PD/TIA/driver/MUX/封装料号并非凭公司能力可知,PVIEW202
N203,Coherent,相干传输组件,器件,电信相干传输组件产品大类,现有账本引语提取；未回读原始来源或外部核验；记录生产状态不自动归给每个品目,https://www.sec.gov/Archives/edgar/data/820318/000082031825000014/iivi-20250630.htm,P226,见对应 points 检索/判定日期；不等于产品发布日期,2026-10-03,,,核对光接口、电接口和安装基准。,按器件功能测损耗、增益、带宽或误差。,模块采用哪款自制组件、对外出售比例和设备材料具体型号缺失；不把消费/材料分部背景自动归数通产品；公司池纳入理由不能替代产品说明书；需继续对齐型号、配置和阶段。；FTCF2519两SKU未对齐光学和FRO/TRO/LRO版本；目录和网页个别reach/receiver/标题冲突；PD/TIA/driver/MUX/封装料号并非凭公司能力可知,PVIEW203
N204,Coherent,980nm/14xx泵浦激光器,器件,电信传输产品含泵浦激光器；芯片/封装器件形态未细分,现有账本引语提取；未回读原始来源或外部核验；记录生产状态不自动归给每个品目,https://www.sec.gov/Archives/edgar/data/820318/000082031825000014/iivi-20250630.htm,P226,见对应 points 检索/判定日期；不等于产品发布日期,2026-10-03,,,核对光接口、电接口和安装基准。,按器件功能测损耗、增益、带宽或误差。,模块采用哪款自制组件、对外出售比例和设备材料具体型号缺失；不把消费/材料分部背景自动归数通产品；公司池纳入理由不能替代产品说明书；需继续对齐型号、配置和阶段。；FTCF2519两SKU未对齐光学和FRO/TRO/LRO版本；目录和网页个别reach/receiver/标题冲突；PD/TIA/driver/MUX/封装料号并非凭公司能力可知,PVIEW204
N205,Coherent,光隔离器/无源光学件,器件,材料生长制造技术栈中列无源光学与隔离器；独立销售口径未给,现有账本引语提取；未回读原始来源或外部核验；记录生产状态不自动归给每个品目,https://www.sec.gov/Archives/edgar/data/820318/000082031825000014/iivi-20250630.htm,P227,见对应 points 检索/判定日期；不等于产品发布日期,2026-10-03,,,核对光接口、电接口和安装基准。,按器件功能测损耗、增益、带宽或误差。,模块采用哪款自制组件、对外出售比例和设备材料具体型号缺失；不把消费/材料分部背景自动归数通产品；公司池纳入理由不能替代产品说明书；需继续对齐型号、配置和阶段。；FTCF2519两SKU未对齐光学和FRO/TRO/LRO版本；目录和网页个别reach/receiver/标题冲突；PD/TIA/driver/MUX/封装料号并非凭公司能力可知,PVIEW205
N206,Coherent,热电组件,器件,热电组件产品大类；光模块专用TEC型号/销售关系未列,现有账本引语提取；未回读原始来源或外部核验；记录生产状态不自动归给每个品目,https://www.sec.gov/Archives/edgar/data/820318/000082031825000014/iivi-20250630.htm,P228,见对应 points 检索/判定日期；不等于产品发布日期,2026-10-03,,,核对光接口、电接口和安装基准。,按器件功能测损耗、增益、带宽或误差。,模块采用哪款自制组件、对外出售比例和设备材料具体型号缺失；不把消费/材料分部背景自动归数通产品；公司池纳入理由不能替代产品说明书；需继续对齐型号、配置和阶段。；FTCF2519两SKU未对齐光学和FRO/TRO/LRO版本；目录和网页个别reach/receiver/标题冲突；PD/TIA/driver/MUX/封装料号并非凭公司能力可知,PVIEW206
N207,Coherent,工程材料（具体材料未列）,材料,工程材料大类，具体光通信材料/牌号未细分,现有账本引语提取；未回读原始来源或外部核验；记录生产状态不自动归给每个品目,https://www.sec.gov/Archives/edgar/data/820318/000082031825000014/iivi-20250630.htm,P228,见对应 points 检索/判定日期；不等于产品发布日期,2026-10-03,,,查看材料进入哪道加工或装配工序。,核对尺寸、厚度、纯度、光学或热学参数；按实际材料选指标。,模块采用哪款自制组件、对外出售比例和设备材料具体型号缺失；不把消费/材料分部背景自动归数通产品；公司池纳入理由不能替代产品说明书；需继续对齐型号、配置和阶段。；FTCF2519两SKU未对齐光学和FRO/TRO/LRO版本；目录和网页个别reach/receiver/标题冲突；PD/TIA/driver/MUX/封装料号并非凭公司能力可知,PVIEW207
N208,Coherent,激光光学件,器件,激光光学产品大类，具体光通信适用型号未列,现有账本引语提取；未回读原始来源或外部核验；记录生产状态不自动归给每个品目,https://www.sec.gov/Archives/edgar/data/820318/000082031825000014/iivi-20250630.htm,P228,见对应 points 检索/判定日期；不等于产品发布日期,2026-10-03,,,核对光接口、电接口和安装基准。,按器件功能测损耗、增益、带宽或误差。,模块采用哪款自制组件、对外出售比例和设备材料具体型号缺失；不把消费/材料分部背景自动归数通产品；公司池纳入理由不能替代产品说明书；需继续对齐型号、配置和阶段。；FTCF2519两SKU未对齐光学和FRO/TRO/LRO版本；目录和网页个别reach/receiver/标题冲突；PD/TIA/driver/MUX/封装料号并非凭公司能力可知,PVIEW208
N209,Coherent,[线索] 光器件,器件,非模块对象见标题；同一来源的上下文（包含其他对象，不自动归到本对象）：光器件与高速光模块核心同业,现有公司池/观察理由线索；尚未逐产品核验,calls/universe.csv：COHR，纳入理由；无逐产品原文锚,COHR,公司池资料日期未标；不冒充产品发布日期,2026-10-03,,,核对光接口、电接口和安装基准。,按器件功能测损耗、增益、带宽或误差。,模块采用哪款自制组件、对外出售比例和设备材料具体型号缺失；不把消费/材料分部背景自动归数通产品；公司池纳入理由不能替代产品说明书；需继续对齐型号、配置和阶段。；FTCF2519两SKU未对齐光学和FRO/TRO/LRO版本；目录和网页个别reach/receiver/标题冲突；PD/TIA/driver/MUX/封装料号并非凭公司能力可知,PVIEW209
N210,Coherent,EML/CW激光器/光电二极管,芯片 / 器件,Coherent称6英寸线上的EML、CW激光器和光电二极管良率均超过3英寸线,现有已审主张摘录；fact；非本轮重新核验,https://www.fool.com/earnings/call-transcripts/2026/05/06/coherent-cohr-q3-2026-earnings-transcript/,CL030 | S_COHR_2026Q3_C,2026-05-06,2026-10-03,,,分别核对供电、驱动/信号焊盘、光入口和光出口。 | 核对光接口、电接口和安装基准。,晶圆级或单芯片的电学、光学测试；装配后还需复测。 | 按器件功能测损耗、增益、带宽或误差。,模块采用哪款自制组件、对外出售比例和设备材料具体型号缺失；不把消费/材料分部背景自动归数通产品；公司池纳入理由不能替代产品说明书；需继续对齐型号、配置和阶段。；FTCF2519两SKU未对齐光学和FRO/TRO/LRO版本；目录和网页个别reach/receiver/标题冲突；PD/TIA/driver/MUX/封装料号并非凭公司能力可知,PVIEW210
N211,Coherent,3.2T/6.4T/XPO、CPO/NPO、D-EML/CW/VCSEL组件 ,器件,未来速率/光引擎与组件不混入800/1.6整模块数量,本轮核对原厂资料；型号/产品族/演示按正文区分,https://www.coherent.com/news/press-releases/coherent-demonstrates-next-gen-pluggable-transceiver-ofc-2026 | https://www.coherent.com/content/dam/coherent/site/en/documents/investors/investor-presentations/2026/march-17/OFC-2026-Investor%20event-deck-vf.pdf,OG07 | OG31,2026-03-17；2026-03-17,2026-10-03,,,核对光接口、电接口和安装基准。,按器件功能测损耗、增益、带宽或误差。,模块采用哪款自制组件、对外出售比例和设备材料具体型号缺失；不把消费/材料分部背景自动归数通产品；公司池纳入理由不能替代产品说明书；需继续对齐型号、配置和阶段。；FTCF2519两SKU未对齐光学和FRO/TRO/LRO版本；目录和网页个别reach/receiver/标题冲突；PD/TIA/driver/MUX/封装料号并非凭公司能力可知,PVIEW211
N212,四川九州光电子技术有限公司,光器件,器件,引语为光器件研发制造销售大类；具体器件名未列,现有账本引语提取；未回读原始来源或外部核验；记录生产状态不自动归给每个品目,https://www.jezetek.cc/,P246,见对应 points 检索/判定日期；不等于产品发布日期,2026-10-03,,,核对光接口、电接口和安装基准。,按器件功能测损耗、增益、带宽或误差。,具体光模块和器件速率/型号、后工序动作及自有设计与代工边界缺失,PVIEW212
N213,四川九州光电子技术有限公司,光模块专业制造,工艺与制造服务,光模块专业制造，应用于FTTH/数据中心/5G；引语不指定速率或自产芯片,现有账本引语提取；未回读原始来源或外部核验；记录生产状态不自动归给每个品目,https://www.jezetek.cc/,P246 | P247 | P248,见对应 points 检索/判定日期；不等于产品发布日期,2026-10-03,,,核对来料、在制品与交付件的要求。,核对受托步骤、验收规格和客户产品对应关系。,具体光模块和器件速率/型号、后工序动作及自有设计与代工边界缺失,PVIEW213
N214,四川九州光电子技术有限公司,光芯片后工序加工,工艺与制造服务,芯片后工序加工服务；分选/贴片/键合等具体动作未逐项列,现有账本引语提取；未回读原始来源或外部核验；记录生产状态不自动归给每个品目,https://www.jezetek.cc/,P247,见对应 points 检索/判定日期；不等于产品发布日期,2026-10-03,,,核对来料、在制品与交付件的要求。,核对受托步骤、验收规格和客户产品对应关系。,具体光模块和器件速率/型号、后工序动作及自有设计与代工边界缺失,PVIEW214
N215,泰科电子(含关联方),QSFP-DD散热器/连接产品,器件,引语明确专利散热器，15–18W应用；笼子/连接器具体P/N未列,现有账本引语提取；未回读原始来源或外部核验；记录生产状态不自动归给每个品目,https://www.te.com/content/dam/te-com/documents/consumer-devices/chn/QSFP-DD-RSG-CN.PDF,P262,见对应 points 检索/判定日期；不等于产品发布日期,2026-10-03,,,核对光接口、电接口和安装基准。,按器件功能测损耗、增益、带宽或误差。,不能因产品供应商身份推定芯片或整机自产；具体200G–1.6T在判定注释中，需原表补锚后分型号；TE属于连接产品与光学产品组合；不能据销售目录推定激光器/芯片或整机全部自产。；指南概览有1.6T SiPh与800G DR8 LPO，料号尚未配对；400G QSFP112详情接口标注矛盾保留。；速率、光学路线、内部BOM与当前订单阶段需逐型号规格书补充。,PVIEW215
N216,京东方Ａ,20层玻璃基载板样品,材料,9-2-9、20层大尺寸玻璃基载板；2025样品开发送样并通过列示信赖性测试，非量产交付,现有在建记录；样品开发送样与测试通过，未外查量产,https://static.cninfo.com.cn/finalpage/2026-07-30/1225449715.PDF,P267,见对应 points 检索/判定日期；不等于产品发布日期,2026-10-03,,,查看材料进入哪道加工或装配工序。,核对尺寸、厚度、纯度、光学或热学参数；按实际材料选指标。,直接引语未确认该样品用于CPO；MicroLED光互连/CPO项目只在注记，需直接应用锚；层间结构、TGV制程/材料参数及认证条件待补,PVIEW216
N217,紫光国微,高基频差分晶振,器件,石英晶体频率器件；引语称AI服务器和光模块应用量产，参考时钟用途为常规功能解释，未列接入哪款DSP,现有账本引语提取；未回读原始来源或外部核验；记录生产状态不自动归给每个品目,https://static.cninfo.com.cn/finalpage/2026-08-20/1225484100.PDF,P274,见对应 points 检索/判定日期；不等于产品发布日期,2026-10-03,,,核对光接口、电接口和安装基准。,按器件功能测损耗、增益、带宽或误差。,具体晶振P/N、频率/抖动/温漂及模块电芯片对应缺失,PVIEW217
N218,紫光国微,高基频温度补偿差分晶振,器件,温度补偿差分晶体频率路线；引语称量产，频率/抖动/温漂指标未列,现有账本引语提取；未回读原始来源或外部核验；记录生产状态不自动归给每个品目,https://static.cninfo.com.cn/finalpage/2026-08-20/1225484100.PDF,P274,见对应 points 检索/判定日期；不等于产品发布日期,2026-10-03,,,核对光接口、电接口和安装基准。,按器件功能测损耗、增益、带宽或误差。,具体晶振P/N、频率/抖动/温漂及模块电芯片对应缺失,PVIEW218
N219,Marvell,PAM DSP,芯片,PAM 电信号处理；引语仅列产品大类，未给速率、型号或制程。,仅从指定分组的现有引语提取，未在本轮复核原文；公司/供应方主张与第三方摘录均不等于独立确认；目录非穷尽，原记录阶段不自动代表 2026-10-03 当前状态。,"FY2026 10-K产品段(sec.gov mrvl-20260131.htm,补锚2026-07-24)",P003,见对应 points 检索/判定日期；不等于产品发布日期,2026-10-03,,,分别核对供电、驱动/信号焊盘、光入口和光出口。,晶圆级或单芯片的电学、光学测试；装配后还需复测。,引语在 silicon phot 处截断，不能据此补成具体硅光 PIC 产品。；PAM、相干、coherent-lite、Driver、TIA 为产品族，不能互相拼成某款模块 BOM；原文页面锚待回核。；公司池纳入理由不能替代产品说明书；需继续对齐型号、配置和阶段。；Ara 1.6T PAM4光DSP：所配激光器、PD/TIA与客户模块型号要分别取证；性能比较需匹配条件。；Ara T 1.6T发射端重定时PAM4 DSP：接收TIA/PD实物型号与下游模块配置仍须逐一对应。；缺精确SKU、当前量产数量和逐模式功耗；当前目录与旧brief距离变化需模式/版本对齐。,PVIEW219
N220,Marvell,相干 DSP,芯片,相干电信号处理；具体平台名、型号及规格未给。,仅从指定分组的现有引语提取，未在本轮复核原文；公司/供应方主张与第三方摘录均不等于独立确认；目录非穷尽，原记录阶段不自动代表 2026-10-03 当前状态。,"FY2026 10-K产品段(sec.gov mrvl-20260131.htm,补锚2026-07-24)",P003,见对应 points 检索/判定日期；不等于产品发布日期,2026-10-03,,,分别核对供电、驱动/信号焊盘、光入口和光出口。,晶圆级或单芯片的电学、光学测试；装配后还需复测。,引语在 silicon phot 处截断，不能据此补成具体硅光 PIC 产品。；PAM、相干、coherent-lite、Driver、TIA 为产品族，不能互相拼成某款模块 BOM；原文页面锚待回核。；公司池纳入理由不能替代产品说明书；需继续对齐型号、配置和阶段。；Ara 1.6T PAM4光DSP：所配激光器、PD/TIA与客户模块型号要分别取证；性能比较需匹配条件。；Ara T 1.6T发射端重定时PAM4 DSP：接收TIA/PD实物型号与下游模块配置仍须逐一对应。；缺精确SKU、当前量产数量和逐模式功耗；当前目录与旧brief距离变化需模式/版本对齐。,PVIEW220
N221,Marvell,coherent-lite DSP,芯片,引语列 coherent-lite DSP；具体算法与适用模块未给。,仅从指定分组的现有引语提取，未在本轮复核原文；公司/供应方主张与第三方摘录均不等于独立确认；目录非穷尽，原记录阶段不自动代表 2026-10-03 当前状态。,"FY2026 10-K产品段(sec.gov mrvl-20260131.htm,补锚2026-07-24)",P003,见对应 points 检索/判定日期；不等于产品发布日期,2026-10-03,,,分别核对供电、驱动/信号焊盘、光入口和光出口。,晶圆级或单芯片的电学、光学测试；装配后还需复测。,引语在 silicon phot 处截断，不能据此补成具体硅光 PIC 产品。；PAM、相干、coherent-lite、Driver、TIA 为产品族，不能互相拼成某款模块 BOM；原文页面锚待回核。；公司池纳入理由不能替代产品说明书；需继续对齐型号、配置和阶段。；Ara 1.6T PAM4光DSP：所配激光器、PD/TIA与客户模块型号要分别取证；性能比较需匹配条件。；Ara T 1.6T发射端重定时PAM4 DSP：接收TIA/PD实物型号与下游模块配置仍须逐一对应。；缺精确SKU、当前量产数量和逐模式功耗；当前目录与旧brief距离变化需模式/版本对齐。,PVIEW221
N222,Marvell,激光驱动芯片,芯片,激光器电驱动；未指定对应光源或模块。,仅从指定分组的现有引语提取，未在本轮复核原文；公司/供应方主张与第三方摘录均不等于独立确认；目录非穷尽，原记录阶段不自动代表 2026-10-03 当前状态。,"FY2026 10-K产品段(sec.gov mrvl-20260131.htm,补锚2026-07-24)",P003,见对应 points 检索/判定日期；不等于产品发布日期,2026-10-03,,,分别核对供电、驱动/信号焊盘、光入口和光出口。,晶圆级或单芯片的电学、光学测试；装配后还需复测。,引语在 silicon phot 处截断，不能据此补成具体硅光 PIC 产品。；PAM、相干、coherent-lite、Driver、TIA 为产品族，不能互相拼成某款模块 BOM；原文页面锚待回核。；公司池纳入理由不能替代产品说明书；需继续对齐型号、配置和阶段。；Ara 1.6T PAM4光DSP：所配激光器、PD/TIA与客户模块型号要分别取证；性能比较需匹配条件。；Ara T 1.6T发射端重定时PAM4 DSP：接收TIA/PD实物型号与下游模块配置仍须逐一对应。；缺精确SKU、当前量产数量和逐模式功耗；当前目录与旧brief距离变化需模式/版本对齐。,PVIEW222
N223,Marvell,跨阻放大器（TIA）,芯片,接收电信号放大；未给 PD 类型、带宽或型号。,仅从指定分组的现有引语提取，未在本轮复核原文；公司/供应方主张与第三方摘录均不等于独立确认；目录非穷尽，原记录阶段不自动代表 2026-10-03 当前状态。,"FY2026 10-K产品段(sec.gov mrvl-20260131.htm,补锚2026-07-24)",P003,见对应 points 检索/判定日期；不等于产品发布日期,2026-10-03,,,分别核对供电、驱动/信号焊盘、光入口和光出口。,晶圆级或单芯片的电学、光学测试；装配后还需复测。,引语在 silicon phot 处截断，不能据此补成具体硅光 PIC 产品。；PAM、相干、coherent-lite、Driver、TIA 为产品族，不能互相拼成某款模块 BOM；原文页面锚待回核。；公司池纳入理由不能替代产品说明书；需继续对齐型号、配置和阶段。；Ara 1.6T PAM4光DSP：所配激光器、PD/TIA与客户模块型号要分别取证；性能比较需匹配条件。；Ara T 1.6T发射端重定时PAM4 DSP：接收TIA/PD实物型号与下游模块配置仍须逐一对应。；缺精确SKU、当前量产数量和逐模式功耗；当前目录与旧brief距离变化需模式/版本对齐。,PVIEW223
N224,Marvell,[线索] 光DSP；硅光平台；交换芯片；定制互连,芯片,光DSP、硅光、交换芯片与定制互连平台,现有公司池/观察理由线索；尚未逐产品核验,calls/universe.csv：MRVL，纳入理由；无逐产品原文锚,MRVL,公司池资料日期未标；不冒充产品发布日期,2026-10-03,,,分别核对供电、驱动/信号焊盘、光入口和光出口。,晶圆级或单芯片的电学、光学测试；装配后还需复测。,引语在 silicon phot 处截断，不能据此补成具体硅光 PIC 产品。；PAM、相干、coherent-lite、Driver、TIA 为产品族，不能互相拼成某款模块 BOM；原文页面锚待回核。；公司池纳入理由不能替代产品说明书；需继续对齐型号、配置和阶段。；Ara 1.6T PAM4光DSP：所配激光器、PD/TIA与客户模块型号要分别取证；性能比较需匹配条件。；Ara T 1.6T发射端重定时PAM4 DSP：接收TIA/PD实物型号与下游模块配置仍须逐一对应。；缺精确SKU、当前量产数量和逐模式功耗；当前目录与旧brief距离变化需模式/版本对齐。,PVIEW224
N225,Marvell,Ara 1.6T PAM4光DSP,芯片,模块电处理芯片：3nm、8×200G主机电接口及8×200G线路侧接口，集成光调制器驱动。线路侧仍经激光器/调制器变成光，不是DSP芯片自身输出光。,本轮原厂公告核对；芯片发布不证明任一模块厂的SKU采用,https://www.marvell.com/company/newsroom/marvell-unveils-industrys-first-3nm-1-6tbps-pam4-interconnect-platform.html,Marvell-Ara-20241203,2024-12-03发布；2026-10-03取回,2026-10-03,,,分别核对供电、驱动/信号焊盘、光入口和光出口。,晶圆级或单芯片的电学、光学测试；装配后还需复测。,引语在 silicon phot 处截断，不能据此补成具体硅光 PIC 产品。；PAM、相干、coherent-lite、Driver、TIA 为产品族，不能互相拼成某款模块 BOM；原文页面锚待回核。；公司池纳入理由不能替代产品说明书；需继续对齐型号、配置和阶段。；Ara 1.6T PAM4光DSP：所配激光器、PD/TIA与客户模块型号要分别取证；性能比较需匹配条件。；Ara T 1.6T发射端重定时PAM4 DSP：接收TIA/PD实物型号与下游模块配置仍须逐一对应。；缺精确SKU、当前量产数量和逐模式功耗；当前目录与旧brief距离变化需模式/版本对齐。,PVIEW225
N226,Marvell,Ara T 1.6T发射端重定时PAM4 DSP,芯片,3nm，8×200G；仅发送端重定时，集成差分激光/调制器驱动。产品框图接收侧另列PD＋线性200G/通道TIA，不把TIA写成集成在DSP中。,本轮原厂产品简报p1核对；框图为平台方案，不是下游模块BOM,https://www.marvell.com/content/dam/marvell/en/public-collateral/dsp/marvell-ara-t-1-6t-transmit-retimed-pam4-product-brief.pdf,Marvell-AraT-brief-p1,资料未标日历日期；2026-10-03取回,2026-10-03,,,分别核对供电、驱动/信号焊盘、光入口和光出口。,晶圆级或单芯片的电学、光学测试；装配后还需复测。,引语在 silicon phot 处截断，不能据此补成具体硅光 PIC 产品。；PAM、相干、coherent-lite、Driver、TIA 为产品族，不能互相拼成某款模块 BOM；原文页面锚待回核。；公司池纳入理由不能替代产品说明书；需继续对齐型号、配置和阶段。；Ara 1.6T PAM4光DSP：所配激光器、PD/TIA与客户模块型号要分别取证；性能比较需匹配条件。；Ara T 1.6T发射端重定时PAM4 DSP：接收TIA/PD实物型号与下游模块配置仍须逐一对应。；缺精确SKU、当前量产数量和逐模式功耗；当前目录与旧brief距离变化需模式/版本对齐。,PVIEW226
N227,上海函泰电子科技有限公司,显影液,材料,光刻显影用材料；化学配方、适用胶及工艺节点未给。,仅从指定分组的现有引语提取，未在本轮复核原文；公司/供应方主张与第三方摘录均不等于独立确认；目录非穷尽，原记录阶段不自动代表 2026-10-03 当前状态。,有锚；披露方产品列（源杰招股书供应商表）,P006,见对应 points 检索/判定日期；不等于产品发布日期,2026-10-03,,,查看材料进入哪道加工或装配工序。,核对尺寸、厚度、纯度、光学或热学参数；按实际材料选指标。,引语只列供应物，未提供该公司完整目录、当前产销或可访问的精确原文锚。,PVIEW227
N228,上海函泰电子科技有限公司,增粘剂,材料,光刻增粘材料；配方与应用条件未给。,仅从指定分组的现有引语提取，未在本轮复核原文；公司/供应方主张与第三方摘录均不等于独立确认；目录非穷尽，原记录阶段不自动代表 2026-10-03 当前状态。,有锚；披露方产品列（源杰招股书供应商表）,P006,见对应 points 检索/判定日期；不等于产品发布日期,2026-10-03,,,查看材料进入哪道加工或装配工序。,核对尺寸、厚度、纯度、光学或热学参数；按实际材料选指标。,引语只列供应物，未提供该公司完整目录、当前产销或可访问的精确原文锚。,PVIEW228
N229,上海函泰电子科技有限公司,光刻胶,材料,光刻材料；胶种、波长、分辨率及规格未给。,仅从指定分组的现有引语提取，未在本轮复核原文；公司/供应方主张与第三方摘录均不等于独立确认；目录非穷尽，原记录阶段不自动代表 2026-10-03 当前状态。,有锚；披露方产品列（源杰招股书供应商表）,P006,见对应 points 检索/判定日期；不等于产品发布日期,2026-10-03,,,查看材料进入哪道加工或装配工序。,核对尺寸、厚度、纯度、光学或热学参数；按实际材料选指标。,引语只列供应物，未提供该公司完整目录、当前产销或可访问的精确原文锚。,PVIEW229
N230,东山精密,CW laser,芯片,索尔思的连续波激光产品；引语称已规模化量产，未给波长、功率、规格或所配模块。,仅从指定分组的现有引语提取，未在本轮复核原文；公司/供应方主张与第三方摘录均不等于独立确认；目录非穷尽，原记录阶段不自动代表 2026-10-03 当前状态。,https://static.cninfo.com.cn/finalpage/2026-04-22/1225139318.PDF,P130 | P131,见对应 points 检索/判定日期；不等于产品发布日期,2026-10-03,,,分别核对供电、驱动/信号焊盘、光入口和光出口。,晶圆级或单芯片的电学、光学测试；装配后还需复测。,母公司与索尔思产品归属需保留；不把集团全流程能力改写为每一环节对外售卖。；本组 CW laser 与具体 800G/1.6T SKU 尚未对齐；与索尔思单独条目可能涉及同一集团实体，不重复计销量。,PVIEW230
N231,东山精密,光芯片,芯片,集团通过索尔思具备光芯片研发、设计和量产能力；具体芯片种类在本组引语未列。,仅从指定分组的现有引语提取，未在本轮复核原文；公司/供应方主张与第三方摘录均不等于独立确认；目录非穷尽，原记录阶段不自动代表 2026-10-03 当前状态。,https://static.cninfo.com.cn/finalpage/2026-04-22/1225139318.PDF,P133,见对应 points 检索/判定日期；不等于产品发布日期,2026-10-03,,,分别核对供电、驱动/信号焊盘、光入口和光出口。,晶圆级或单芯片的电学、光学测试；装配后还需复测。,母公司与索尔思产品归属需保留；不把集团全流程能力改写为每一环节对外售卖。；本组 CW laser 与具体 800G/1.6T SKU 尚未对齐；与索尔思单独条目可能涉及同一集团实体，不重复计销量。,PVIEW231
N232,东山精密,10G PON、25G/50G PON 产品覆盖能力,工艺与制造服务,引语列 PON 产品覆盖与 F5G/F5G-A、FTTH/企业宽带应用；本条未明确产品实物形态，不能单凭速率判为芯片或模块。,仅从指定分组的现有引语提取，未在本轮复核原文；公司/供应方主张与第三方摘录均不等于独立确认；目录非穷尽，原记录阶段不自动代表 2026-10-03 当前状态。,https://static.cninfo.com.cn/finalpage/2026-04-22/1225139318.PDF,P132,见对应 points 检索/判定日期；不等于产品发布日期,2026-10-03,,,核对来料、在制品与交付件的要求。,核对受托步骤、验收规格和客户产品对应关系。,母公司与索尔思产品归属需保留；不把集团全流程能力改写为每一环节对外售卖。；本组 CW laser 与具体 800G/1.6T SKU 尚未对齐；与索尔思单独条目可能涉及同一集团实体，不重复计销量。,PVIEW232
N233,东山精密,AI PCB,器件,引语列 AI PCB 布局及 PCB 研发、设计到量产能力；板材、层数及型号未给。,仅从指定分组的现有引语提取，未在本轮复核原文；公司/供应方主张与第三方摘录均不等于独立确认；目录非穷尽，原记录阶段不自动代表 2026-10-03 当前状态。,https://static.cninfo.com.cn/finalpage/2026-04-22/1225139318.PDF,P133,见对应 points 检索/判定日期；不等于产品发布日期,2026-10-03,,,核对光接口、电接口和安装基准。,按器件功能测损耗、增益、带宽或误差。,母公司与索尔思产品归属需保留；不把集团全流程能力改写为每一环节对外售卖。；本组 CW laser 与具体 800G/1.6T SKU 尚未对齐；与索尔思单独条目可能涉及同一集团实体，不重复计销量。,PVIEW233
N234,东山精密,InP 衬底—外延—光芯片工艺体系,工艺与制造服务,索尔思覆盖磷化铟衬底、外延材料到光芯片的研发与工艺链；不等于衬底和外延材料均对外销售。,仅从指定分组的现有引语提取，未在本轮复核原文；公司/供应方主张与第三方摘录均不等于独立确认；目录非穷尽，原记录阶段不自动代表 2026-10-03 当前状态。,S0a本地扫描2025年报（002384__em_东山精密_em__2025_2025年年度报告.pdf） | https://static.cninfo.com.cn/finalpage/2026-04-22/1225139318.PDF,P009 | P130 | P131,见对应 points 检索/判定日期；不等于产品发布日期,2026-10-03,,,核对来料、在制品与交付件的要求。,核对受托步骤、验收规格和客户产品对应关系。,母公司与索尔思产品归属需保留；不把集团全流程能力改写为每一环节对外售卖。；本组 CW laser 与具体 800G/1.6T SKU 尚未对齐；与索尔思单独条目可能涉及同一集团实体，不重复计销量。,PVIEW234
N235,京瓷,热沉,器件,散热部件；材料、结构、尺寸和适用封装未给。,仅从指定分组的现有引语提取，未在本轮复核原文；公司/供应方主张与第三方摘录均不等于独立确认；目录非穷尽，原记录阶段不自动代表 2026-10-03 当前状态。,有锚；披露方产品列（长光华芯招股书供应商表）,P012,见对应 points 检索/判定日期；不等于产品发布日期,2026-10-03,,,核对光接口、电接口和安装基准。,按器件功能测损耗、增益、带宽或误差。,仅有热沉产品名，不能扩为具体陶瓷基板、TEC 或某款高速光模块用料；精确原文锚待回核。,PVIEW235
N236,光库科技,96 Gbaud 薄膜铌酸锂相干驱动调制器,器件,TFLN 薄膜铌酸锂、相干驱动调制器；具体结构和驱动芯片未给。,仅从指定分组的现有引语提取，未在本轮复核原文；公司/供应方主张与第三方摘录均不等于独立确认；目录非穷尽，原记录阶段不自动代表 2026-10-03 当前状态。,https://static.cninfo.com.cn/finalpage/2026-03-24/1225026091.PDF,P143,见对应 points 检索/判定日期；不等于产品发布日期,2026-10-03,,,核对光接口、电接口和安装基准。,按器件功能测损耗、增益、带宽或误差。,以上为引语可见目录，SKU、接口与产品族阶段未完整给出。；相干模块、WSS 和数通模块是光纤阵列的应用端，不另登记为自制模块或系统。,PVIEW236
N237,光库科技,130 Gbaud 薄膜铌酸锂相干驱动调制器,器件,TFLN 薄膜铌酸锂、相干驱动调制器；具体结构和驱动芯片未给。,仅从指定分组的现有引语提取，未在本轮复核原文；公司/供应方主张与第三方摘录均不等于独立确认；目录非穷尽，原记录阶段不自动代表 2026-10-03 当前状态。,https://static.cninfo.com.cn/finalpage/2026-03-24/1225026091.PDF,P143,见对应 points 检索/判定日期；不等于产品发布日期,2026-10-03,,,核对光接口、电接口和安装基准。,按器件功能测损耗、增益、带宽或误差。,以上为引语可见目录，SKU、接口与产品族阶段未完整给出。；相干模块、WSS 和数通模块是光纤阵列的应用端，不另登记为自制模块或系统。,PVIEW237
N238,光库科技,70 GHz 薄膜铌酸锂模拟调制器,器件,TFLN 薄膜铌酸锂模拟调制；不据带宽自动推出某一数通速率。,仅从指定分组的现有引语提取，未在本轮复核原文；公司/供应方主张与第三方摘录均不等于独立确认；目录非穷尽，原记录阶段不自动代表 2026-10-03 当前状态。,https://static.cninfo.com.cn/finalpage/2026-03-24/1225026091.PDF,P143,见对应 points 检索/判定日期；不等于产品发布日期,2026-10-03,,,核对光接口、电接口和安装基准。,按器件功能测损耗、增益、带宽或误差。,以上为引语可见目录，SKU、接口与产品族阶段未完整给出。；相干模块、WSS 和数通模块是光纤阵列的应用端，不另登记为自制模块或系统。,PVIEW238
N239,光库科技,光隔离器,器件,隔离器产品大类；材料、单级/双级及集成形式未给。,仅从指定分组的现有引语提取，未在本轮复核原文；公司/供应方主张与第三方摘录均不等于独立确认；目录非穷尽，原记录阶段不自动代表 2026-10-03 当前状态。,[2023年年度报告](https://static.cninfo.com.cn/finalpage/2024-04-03/1219506244.PDF) | https://static.cninfo.com.cn/finalpage/2026-03-24/1225026091.PDF,P015 | P144 | P146,见对应 points 检索/判定日期；不等于产品发布日期,2026-10-03,,,核对光接口、电接口和安装基准。,按器件功能测损耗、增益、带宽或误差。,以上为引语可见目录，SKU、接口与产品族阶段未完整给出。；相干模块、WSS 和数通模块是光纤阵列的应用端，不另登记为自制模块或系统。,PVIEW239
N240,光库科技,MEMS Switch,器件,MEMS 光开关；端口数与结构未给。,仅从指定分组的现有引语提取，未在本轮复核原文；公司/供应方主张与第三方摘录均不等于独立确认；目录非穷尽，原记录阶段不自动代表 2026-10-03 当前状态。,https://static.cninfo.com.cn/finalpage/2026-03-24/1225026091.PDF,P144 | P146,见对应 points 检索/判定日期；不等于产品发布日期,2026-10-03,,,核对光接口、电接口和安装基准。,按器件功能测损耗、增益、带宽或误差。,以上为引语可见目录，SKU、接口与产品族阶段未完整给出。；相干模块、WSS 和数通模块是光纤阵列的应用端，不另登记为自制模块或系统。,PVIEW240
N241,光库科技,波分复用器,器件,WDM 复用器；具体 AWG/TFF 工艺、通道和波段未给。,仅从指定分组的现有引语提取，未在本轮复核原文；公司/供应方主张与第三方摘录均不等于独立确认；目录非穷尽，原记录阶段不自动代表 2026-10-03 当前状态。,https://static.cninfo.com.cn/finalpage/2026-03-24/1225026091.PDF,P144 | P146,见对应 points 检索/判定日期；不等于产品发布日期,2026-10-03,,,核对光接口、电接口和安装基准。,按器件功能测损耗、增益、带宽或误差。,以上为引语可见目录，SKU、接口与产品族阶段未完整给出。；相干模块、WSS 和数通模块是光纤阵列的应用端，不另登记为自制模块或系统。,PVIEW241
N242,光库科技,偏振分束/合束器,器件,偏振分束与合束；具体工艺未给。,仅从指定分组的现有引语提取，未在本轮复核原文；公司/供应方主张与第三方摘录均不等于独立确认；目录非穷尽，原记录阶段不自动代表 2026-10-03 当前状态。,https://static.cninfo.com.cn/finalpage/2026-03-24/1225026091.PDF,P144 | P146,见对应 points 检索/判定日期；不等于产品发布日期,2026-10-03,,,核对光接口、电接口和安装基准。,按器件功能测损耗、增益、带宽或误差。,以上为引语可见目录，SKU、接口与产品族阶段未完整给出。；相干模块、WSS 和数通模块是光纤阵列的应用端，不另登记为自制模块或系统。,PVIEW242
N243,光库科技,光纤光栅,器件,光纤光栅；光栅类型、波段和用途未给。,仅从指定分组的现有引语提取，未在本轮复核原文；公司/供应方主张与第三方摘录均不等于独立确认；目录非穷尽，原记录阶段不自动代表 2026-10-03 当前状态。,https://static.cninfo.com.cn/finalpage/2026-03-24/1225026091.PDF,P144 | P146,见对应 points 检索/判定日期；不等于产品发布日期,2026-10-03,,,核对光接口、电接口和安装基准。,按器件功能测损耗、增益、带宽或误差。,以上为引语可见目录，SKU、接口与产品族阶段未完整给出。；相干模块、WSS 和数通模块是光纤阵列的应用端，不另登记为自制模块或系统。,PVIEW243
N244,光库科技,镀金光纤,器件,镀金光纤；镀层规格未给。,仅从指定分组的现有引语提取，未在本轮复核原文；公司/供应方主张与第三方摘录均不等于独立确认；目录非穷尽，原记录阶段不自动代表 2026-10-03 当前状态。,https://static.cninfo.com.cn/finalpage/2026-03-24/1225026091.PDF,P144 | P146,见对应 points 检索/判定日期；不等于产品发布日期,2026-10-03,,,核对光接口、电接口和安装基准。,按器件功能测损耗、增益、带宽或误差。,以上为引语可见目录，SKU、接口与产品族阶段未完整给出。；相干模块、WSS 和数通模块是光纤阵列的应用端，不另登记为自制模块或系统。,PVIEW244
N245,光库科技,光纤透镜,器件,光纤透镜；透镜形态与耦合条件未给。,仅从指定分组的现有引语提取，未在本轮复核原文；公司/供应方主张与第三方摘录均不等于独立确认；目录非穷尽，原记录阶段不自动代表 2026-10-03 当前状态。,https://static.cninfo.com.cn/finalpage/2026-03-24/1225026091.PDF,P144 | P146,见对应 points 检索/判定日期；不等于产品发布日期,2026-10-03,,,核对光接口、电接口和安装基准。,按器件功能测损耗、增益、带宽或误差。,以上为引语可见目录，SKU、接口与产品族阶段未完整给出。；相干模块、WSS 和数通模块是光纤阵列的应用端，不另登记为自制模块或系统。,PVIEW245
N246,光库科技,单芯/多芯光纤密封节,器件,光纤密封引出件；气密与封装规格未给。,仅从指定分组的现有引语提取，未在本轮复核原文；公司/供应方主张与第三方摘录均不等于独立确认；目录非穷尽，原记录阶段不自动代表 2026-10-03 当前状态。,https://static.cninfo.com.cn/finalpage/2026-03-24/1225026091.PDF,P144 | P146,见对应 points 检索/判定日期；不等于产品发布日期,2026-10-03,,,核对光接口、电接口和安装基准。,按器件功能测损耗、增益、带宽或误差。,以上为引语可见目录，SKU、接口与产品族阶段未完整给出。；相干模块、WSS 和数通模块是光纤阵列的应用端，不另登记为自制模块或系统。,PVIEW246
N247,光库科技,光纤阵列,器件,用于 100G/400G/800G 高速光模块、相干模块和 WSS 的光纤阵列；用途不等于公司自制这些终端产品。,仅从指定分组的现有引语提取，未在本轮复核原文；公司/供应方主张与第三方摘录均不等于独立确认；目录非穷尽，原记录阶段不自动代表 2026-10-03 当前状态。,https://static.cninfo.com.cn/finalpage/2026-03-24/1225026091.PDF,P145,见对应 points 检索/判定日期；不等于产品发布日期,2026-10-03,,,核对光接口、电接口和安装基准。,按器件功能测损耗、增益、带宽或误差。,以上为引语可见目录，SKU、接口与产品族阶段未完整给出。；相干模块、WSS 和数通模块是光纤阵列的应用端，不另登记为自制模块或系统。,PVIEW247
N248,北京通美晶体,InP 晶圆衬底,材料,磷化铟晶圆衬底；尺寸、掺杂和晶体生长工艺未给。,仅从指定分组的现有引语提取，未在本轮复核原文；公司/供应方主张与第三方摘录均不等于独立确认；目录非穷尽，原记录阶段不自动代表 2026-10-03 当前状态。,有锚；披露方产品列（源杰/长光华芯招股书供应商表）,P018,见对应 points 检索/判定日期；不等于产品发布日期,2026-10-03,,,查看材料进入哪道加工或装配工序。,核对尺寸、厚度、纯度、光学或热学参数；按实际材料选指标。,仅从供应商表产品名提取；不使用锚点文字附带的历史试点结论，也不推定当前持续供货或产能。；引语中的等字没有列出其他衬底种类，不能自动补齐。,PVIEW248
N249,四会富仕,800G 光模块 PCB,器件,用于 800G 光模块的 PCB；层数、材料、板型和电性能未给。,仅从指定分组的现有引语提取，未在本轮复核原文；公司/供应方主张与第三方摘录均不等于独立确认；目录非穷尽，原记录阶段不自动代表 2026-10-03 当前状态。,[2024年年度报告](https://static.cninfo.com.cn/finalpage/2025-03-29/1222948563.PDF),P021,见对应 points 检索/判定日期；不等于产品发布日期,2026-10-03,,,核对光接口、电接口和安装基准。,按器件功能测损耗、增益、带宽或误差。,应用速率不能代表光源或 DSP 路线；产品阶段和当前交付未在本组引语给出。,PVIEW249
N250,太辰光,陶瓷插芯,器件,保证光纤定位的陶瓷插芯；2025 年报引语列扩产项目。,仅从指定分组的现有引语提取，未在本轮复核原文；公司/供应方主张与第三方摘录均不等于独立确认；目录非穷尽，原记录阶段不自动代表 2026-10-03 当前状态。,"有锚；发行人自述（2024年报产品应用表）：""陶瓷插芯、MT 插芯｜保证光纤定位""（ledger-TCG24 TCG24-产品应用表段）——升级前仅有仕佳光子招股书竞品段""太辰光主营…陶瓷插芯、光纤连接器""的同业描述，本轮补齐发行人自身产品表直证 | 有锚（在研阶段）；发行人自述：""AWG 芯片开发｜持续进行中｜产品实现批量产销""（ledger-TCG24 TCG24研发投入表，2024年报）——**注意**：这是在研项目，不构成""生产中""锚，仅作为该公司技术布局线索登记 | https://static.cninfo.com.cn/finalpage/2026-03-31/1225061015.PDF",P025 | P026 | P156,见对应 points 检索/判定日期；不等于产品发布日期,2026-10-03,,,核对光接口、电接口和安装基准。,按器件功能测损耗、增益、带宽或误差。,不得以 AWG 研发目标中的批量产销文字判为已量产。；扩产项目不是已完成的新增有效产能；本组缺具体 SKU、产线和交付数字。,PVIEW250
N251,太辰光,MT 插芯,器件,多芯光纤定位的 MT 插芯；材料、芯数和规格未给。,仅从指定分组的现有引语提取，未在本轮复核原文；公司/供应方主张与第三方摘录均不等于独立确认；目录非穷尽，原记录阶段不自动代表 2026-10-03 当前状态。,"有锚；发行人自述（2024年报产品应用表）：""陶瓷插芯、MT 插芯｜保证光纤定位""（ledger-TCG24 TCG24-产品应用表段）——升级前仅有仕佳光子招股书竞品段""太辰光主营…陶瓷插芯、光纤连接器""的同业描述，本轮补齐发行人自身产品表直证",P025,见对应 points 检索/判定日期；不等于产品发布日期,2026-10-03,,,核对光接口、电接口和安装基准。,按器件功能测损耗、增益、带宽或误差。,不得以 AWG 研发目标中的批量产销文字判为已量产。；扩产项目不是已完成的新增有效产能；本组缺具体 SKU、产线和交付数字。,PVIEW251
N252,太辰光,光纤连接器,器件,光纤连接器产品大类；具体端面和规格未给。,仅从指定分组的现有引语提取，未在本轮复核原文；公司/供应方主张与第三方摘录均不等于独立确认；目录非穷尽，原记录阶段不自动代表 2026-10-03 当前状态。,"有锚（在研阶段）；发行人自述：""AWG 芯片开发｜持续进行中｜产品实现批量产销""（ledger-TCG24 TCG24研发投入表，2024年报）——**注意**：这是在研项目，不构成""生产中""锚，仅作为该公司技术布局线索登记",P026,见对应 points 检索/判定日期；不等于产品发布日期,2026-10-03,,,核对光接口、电接口和安装基准。,按器件功能测损耗、增益、带宽或误差。,不得以 AWG 研发目标中的批量产销文字判为已量产。；扩产项目不是已完成的新增有效产能；本组缺具体 SKU、产线和交付数字。,PVIEW252
N253,太辰光,MPO 跳线、常规跳线,器件,光纤连接跳线；引语列扩产，未给数量或具体规格。,仅从指定分组的现有引语提取，未在本轮复核原文；公司/供应方主张与第三方摘录均不等于独立确认；目录非穷尽，原记录阶段不自动代表 2026-10-03 当前状态。,https://static.cninfo.com.cn/finalpage/2026-03-31/1225061015.PDF,P156,见对应 points 检索/判定日期；不等于产品发布日期,2026-10-03,,,核对光接口、电接口和安装基准。,按器件功能测损耗、增益、带宽或误差。,不得以 AWG 研发目标中的批量产销文字判为已量产。；扩产项目不是已完成的新增有效产能；本组缺具体 SKU、产线和交付数字。,PVIEW253
N254,太辰光,MMC、MDC 高密连接器,器件,高密度光纤连接器；引语列扩产，未给芯数或具体接口规格。,仅从指定分组的现有引语提取，未在本轮复核原文；公司/供应方主张与第三方摘录均不等于独立确认；目录非穷尽，原记录阶段不自动代表 2026-10-03 当前状态。,https://static.cninfo.com.cn/finalpage/2026-03-31/1225061015.PDF,P156,见对应 points 检索/判定日期；不等于产品发布日期,2026-10-03,,,核对光接口、电接口和安装基准。,按器件功能测损耗、增益、带宽或误差。,不得以 AWG 研发目标中的批量产销文字判为已量产。；扩产项目不是已完成的新增有效产能；本组缺具体 SKU、产线和交付数字。,PVIEW254
N255,太辰光,模块跳线,器件,模块内部或配套光纤跳线大类；确切位置未给。,仅从指定分组的现有引语提取，未在本轮复核原文；公司/供应方主张与第三方摘录均不等于独立确认；目录非穷尽，原记录阶段不自动代表 2026-10-03 当前状态。,https://static.cninfo.com.cn/finalpage/2026-03-31/1225061015.PDF,P156,见对应 points 检索/判定日期；不等于产品发布日期,2026-10-03,,,核对光接口、电接口和安装基准。,按器件功能测损耗、增益、带宽或误差。,不得以 AWG 研发目标中的批量产销文字判为已量产。；扩产项目不是已完成的新增有效产能；本组缺具体 SKU、产线和交付数字。,PVIEW255
N256,太辰光,AWG 芯片开发,工艺与制造服务,AWG 阵列波导光栅开发；现有引语明确为在研、尚未量产，不能列为已量产销售产品。,仅从指定分组的现有引语提取，未在本轮复核原文；公司/供应方主张与第三方摘录均不等于独立确认；目录非穷尽，原记录阶段不自动代表 2026-10-03 当前状态。,"有锚（在研阶段）；发行人自述：""AWG 芯片开发｜持续进行中｜产品实现批量产销""（ledger-TCG24 TCG24研发投入表，2024年报）——**注意**：这是在研项目，不构成""生产中""锚，仅作为该公司技术布局线索登记",P026,见对应 points 检索/判定日期；不等于产品发布日期,2026-10-03,,,核对来料、在制品与交付件的要求。,核对受托步骤、验收规格和客户产品对应关系。,不得以 AWG 研发目标中的批量产销文字判为已量产。；扩产项目不是已完成的新增有效产能；本组缺具体 SKU、产线和交付数字。,PVIEW256
N257,成都中住光纤有限公司,光纤,材料,光纤材料；单模/多模、掺杂、波段与规格未给。,仅从指定分组的现有引语提取，未在本轮复核原文；公司/供应方主张与第三方摘录均不等于独立确认；目录非穷尽，原记录阶段不自动代表 2026-10-03 当前状态。,有锚；披露方产品列（仕佳光子招股书供应商表）,P029,见对应 points 检索/判定日期；不等于产品发布日期,2026-10-03,,,查看材料进入哪道加工或装配工序。,核对尺寸、厚度、纯度、光学或热学参数；按实际材料选指标。,仅有供应物大类与供应商表锚；无法推出高速模块采用的具体光纤配置。,PVIEW257
N258,有研亿金新材料有限公司,金靶,材料,金靶材；纯度、尺寸和沉积用途未给。,仅从指定分组的现有引语提取，未在本轮复核原文；公司/供应方主张与第三方摘录均不等于独立确认；目录非穷尽，原记录阶段不自动代表 2026-10-03 当前状态。,有锚；披露方产品列（源杰/长光华芯招股书供应商表）,P032,见对应 points 检索/判定日期；不等于产品发布日期,2026-10-03,,,查看材料进入哪道加工或装配工序。,核对尺寸、厚度、纯度、光学或热学参数；按实际材料选指标。,不能把客户供应商表中的材料供应延伸为自制镀膜设备或光芯片；精确原文锚待回核。,PVIEW258
N259,有研亿金新材料有限公司,铂靶,材料,铂靶材；纯度、尺寸和沉积用途未给。,仅从指定分组的现有引语提取，未在本轮复核原文；公司/供应方主张与第三方摘录均不等于独立确认；目录非穷尽，原记录阶段不自动代表 2026-10-03 当前状态。,有锚；披露方产品列（源杰/长光华芯招股书供应商表）,P032,见对应 points 检索/判定日期；不等于产品发布日期,2026-10-03,,,查看材料进入哪道加工或装配工序。,核对尺寸、厚度、纯度、光学或热学参数；按实际材料选指标。,不能把客户供应商表中的材料供应延伸为自制镀膜设备或光芯片；精确原文锚待回核。,PVIEW259
N260,有研亿金新材料有限公司,金锗靶,材料,金锗靶材；合金配比及用途未给。,仅从指定分组的现有引语提取，未在本轮复核原文；公司/供应方主张与第三方摘录均不等于独立确认；目录非穷尽，原记录阶段不自动代表 2026-10-03 当前状态。,有锚；披露方产品列（源杰/长光华芯招股书供应商表）,P032,见对应 points 检索/判定日期；不等于产品发布日期,2026-10-03,,,查看材料进入哪道加工或装配工序。,核对尺寸、厚度、纯度、光学或热学参数；按实际材料选指标。,不能把客户供应商表中的材料供应延伸为自制镀膜设备或光芯片；精确原文锚待回核。,PVIEW260
N261,有研亿金新材料有限公司,贵金属蒸发材料,材料,贵金属蒸发材料大类；未列完整成分与规格。,仅从指定分组的现有引语提取，未在本轮复核原文；公司/供应方主张与第三方摘录均不等于独立确认；目录非穷尽，原记录阶段不自动代表 2026-10-03 当前状态。,有锚；披露方产品列（源杰/长光华芯招股书供应商表）,P032,见对应 points 检索/判定日期；不等于产品发布日期,2026-10-03,,,查看材料进入哪道加工或装配工序。,核对尺寸、厚度、纯度、光学或热学参数；按实际材料选指标。,不能把客户供应商表中的材料供应延伸为自制镀膜设备或光芯片；精确原文锚待回核。,PVIEW261
N262,桂林芯飞光电子科技有限公司,芯片封装委托加工,工艺与制造服务,客户委托的芯片封装；引语未给 TO-CAN/COB/共晶/键合等具体工艺。,仅从指定分组的现有引语提取，未在本轮复核原文；公司/供应方主张与第三方摘录均不等于独立确认；目录非穷尽，原记录阶段不自动代表 2026-10-03 当前状态。,有锚；披露方产品列（源杰招股书委托加工表）,P035,见对应 points 检索/判定日期；不等于产品发布日期,2026-10-03,,,核对来料、在制品与交付件的要求。,核对受托步骤、验收规格和客户产品对应关系。,客户委托加工不是自产芯片证明；封装形式、芯片种类、速率和现行订单未知。,PVIEW262
N263,武汉昱升光电(原昱升光器件),芯片封装委托加工,工艺与制造服务,客户委托的芯片封装；引语未给具体封装结构或工艺。,仅从指定分组的现有引语提取，未在本轮复核原文；公司/供应方主张与第三方摘录均不等于独立确认；目录非穷尽，原记录阶段不自动代表 2026-10-03 当前状态。,有锚；披露方产品列（源杰招股书委托加工表）,P038,见对应 points 检索/判定日期；不等于产品发布日期,2026-10-03,,,核对来料、在制品与交付件的要求。,核对受托步骤、验收规格和客户产品对应关系。,保留输入原名；本轮不另核法人更名。；客户委托加工不等于自产芯片；产品型号与具体工艺未知。,PVIEW263
N264,江苏南大光电材料股份有限公司,磷烷,材料,磷烷原料；纯度、供料方式及实际工艺用途未给。,仅从指定分组的现有引语提取，未在本轮复核原文；公司/供应方主张与第三方摘录均不等于独立确认；目录非穷尽，原记录阶段不自动代表 2026-10-03 当前状态。,有锚；披露方产品列（源杰招股书供应商表）,P044,见对应 points 检索/判定日期；不等于产品发布日期,2026-10-03,,,查看材料进入哪道加工或装配工序。,核对尺寸、厚度、纯度、光学或热学参数；按实际材料选指标。,仅从供应商表产品名提取；不使用锚点附带的历史试点结论。；材料名不能证明特定 MOCVD 设备、客户产品 BOM 或当前供给规模。,PVIEW264
N265,江苏南大光电材料股份有限公司,三甲基铟,材料,三甲基铟原料；规格与实际外延工艺未给。,仅从指定分组的现有引语提取，未在本轮复核原文；公司/供应方主张与第三方摘录均不等于独立确认；目录非穷尽，原记录阶段不自动代表 2026-10-03 当前状态。,有锚；披露方产品列（源杰招股书供应商表）,P044,见对应 points 检索/判定日期；不等于产品发布日期,2026-10-03,,,查看材料进入哪道加工或装配工序。,核对尺寸、厚度、纯度、光学或热学参数；按实际材料选指标。,仅从供应商表产品名提取；不使用锚点附带的历史试点结论。；材料名不能证明特定 MOCVD 设备、客户产品 BOM 或当前供给规模。,PVIEW265
N266,江苏南大光电材料股份有限公司,三甲基镓,材料,三甲基镓原料；规格与实际外延工艺未给。,仅从指定分组的现有引语提取，未在本轮复核原文；公司/供应方主张与第三方摘录均不等于独立确认；目录非穷尽，原记录阶段不自动代表 2026-10-03 当前状态。,有锚；披露方产品列（源杰招股书供应商表）,P044,见对应 points 检索/判定日期；不等于产品发布日期,2026-10-03,,,查看材料进入哪道加工或装配工序。,核对尺寸、厚度、纯度、光学或热学参数；按实际材料选指标。,仅从供应商表产品名提取；不使用锚点附带的历史试点结论。；材料名不能证明特定 MOCVD 设备、客户产品 BOM 或当前供给规模。,PVIEW266
N267,洛阳中超新材料股份有限公司,氢氧化铝,材料,氢氧化铝材料；具体粒径、等级及在客户产品中的用途未给。,仅从指定分组的现有引语提取，未在本轮复核原文；公司/供应方主张与第三方摘录均不等于独立确认；目录非穷尽，原记录阶段不自动代表 2026-10-03 当前状态。,有锚；披露方产品列（仕佳光子招股书供应商表）,P047,见对应 points 检索/判定日期；不等于产品发布日期,2026-10-03,,,查看材料进入哪道加工或装配工序。,核对尺寸、厚度、纯度、光学或热学参数；按实际材料选指标。,不能从材料供应商身份直接归为光芯片衬底生产者或光模块成品供应商。,PVIEW267
N268,深圳市路维光电股份有限公司,光刻掩模板,器件,光刻用掩模板；掩模类型、精度和客户工艺节点未给。,仅从指定分组的现有引语提取，未在本轮复核原文；公司/供应方主张与第三方摘录均不等于独立确认；目录非穷尽，原记录阶段不自动代表 2026-10-03 当前状态。,有锚；披露方产品列（源杰招股书供应商表）,P050,见对应 points 检索/判定日期；不等于产品发布日期,2026-10-03,,,核对光接口、电接口和安装基准。,按器件功能测损耗、增益、带宽或误差。,与输入另列的路维光电可能为同一实体；保留两个原名，不在本文件自动合并或重复计为独立公司。；本条只有供应商表产品名，不能据此认定具体硅光客户或量产订单。,PVIEW268
N269,炬光科技,光学件,器件,客户外协采购表仅称光学件；不能补写为透镜或准直透镜。,仅从指定分组的现有引语提取，未在本轮复核原文；公司/供应方主张与第三方摘录均不等于独立确认；目录非穷尽，原记录阶段不自动代表 2026-10-03 当前状态。,"半锚；披露方产品列（长光华芯招股书外协采购表），未专锚""透镜/准直透镜""字样",P053,见对应 points 检索/判定日期；不等于产品发布日期,2026-10-03,,,核对光接口、电接口和安装基准。,按器件功能测损耗、增益、带宽或误差。,PLC、AWG、FAU、CPO 是 V 槽阵列的应用端，不是此引语证明的自产产品。；P169 表格抽取串列，尺寸、间距、槽深及应用对应待原表回核；P053 为半锚。,PVIEW269
N270,炬光科技,V 型槽阵列,器件,精密 V 槽用于光纤阵列定位与固定，应用于 PLC 分路器、AWG、FAU 等；表格还提光模块、CPO 和连接器应用。,仅从指定分组的现有引语提取，未在本轮复核原文；公司/供应方主张与第三方摘录均不等于独立确认；目录非穷尽，原记录阶段不自动代表 2026-10-03 当前状态。,https://static.cninfo.com.cn/finalpage/2026-04-29/1225227562.PDF,P117 | P169,见对应 points 检索/判定日期；不等于产品发布日期,2026-10-03,,,核对光接口、电接口和安装基准。,按器件功能测损耗、增益、带宽或误差。,PLC、AWG、FAU、CPO 是 V 槽阵列的应用端，不是此引语证明的自产产品。；P169 表格抽取串列，尺寸、间距、槽深及应用对应待原表回核；P053 为半锚。,PVIEW270
N271,生益科技,覆铜板,材料,电子线路板基材；引语称自主生产，未给树脂、玻纤、损耗和产品系列。,仅从指定分组的现有引语提取，未在本轮复核原文；公司/供应方主张与第三方摘录均不等于独立确认；目录非穷尽，原记录阶段不自动代表 2026-10-03 当前状态。,https://static.cninfo.com.cn/finalpage/2026-04-25/1225195409.PDF,P170,见对应 points 检索/判定日期；不等于产品发布日期,2026-10-03,,,查看材料进入哪道加工或装配工序。,核对尺寸、厚度、纯度、光学或热学参数；按实际材料选指标。,电子基材与 PCB 成品/制作工艺须分开；具体光模块用料 SKU 及供应关系未知。；P057 仅有本地年报扫描标签，需原页核实主体与产业化对象。,PVIEW271
N272,生益科技,半固化片,材料,多层 PCB 配套基材；配方与规格未给。,仅从指定分组的现有引语提取，未在本轮复核原文；公司/供应方主张与第三方摘录均不等于独立确认；目录非穷尽，原记录阶段不自动代表 2026-10-03 当前状态。,https://static.cninfo.com.cn/finalpage/2026-04-25/1225195409.PDF,P170,见对应 points 检索/判定日期；不等于产品发布日期,2026-10-03,,,查看材料进入哪道加工或装配工序。,核对尺寸、厚度、纯度、光学或热学参数；按实际材料选指标。,电子基材与 PCB 成品/制作工艺须分开；具体光模块用料 SKU 及供应关系未知。；P057 仅有本地年报扫描标签，需原页核实主体与产业化对象。,PVIEW272
N273,生益科技,绝缘层压板,材料,电子绝缘层压材料；组成与规格未给。,仅从指定分组的现有引语提取，未在本轮复核原文；公司/供应方主张与第三方摘录均不等于独立确认；目录非穷尽，原记录阶段不自动代表 2026-10-03 当前状态。,https://static.cninfo.com.cn/finalpage/2026-04-25/1225195409.PDF,P170,见对应 points 检索/判定日期；不等于产品发布日期,2026-10-03,,,查看材料进入哪道加工或装配工序。,核对尺寸、厚度、纯度、光学或热学参数；按实际材料选指标。,电子基材与 PCB 成品/制作工艺须分开；具体光模块用料 SKU 及供应关系未知。；P057 仅有本地年报扫描标签，需原页核实主体与产业化对象。,PVIEW273
N274,生益科技,金属基覆铜箔板,材料,金属基覆铜板；金属与结构未给。,仅从指定分组的现有引语提取，未在本轮复核原文；公司/供应方主张与第三方摘录均不等于独立确认；目录非穷尽，原记录阶段不自动代表 2026-10-03 当前状态。,https://static.cninfo.com.cn/finalpage/2026-04-25/1225195409.PDF,P170,见对应 points 检索/判定日期；不等于产品发布日期,2026-10-03,,,查看材料进入哪道加工或装配工序。,核对尺寸、厚度、纯度、光学或热学参数；按实际材料选指标。,电子基材与 PCB 成品/制作工艺须分开；具体光模块用料 SKU 及供应关系未知。；P057 仅有本地年报扫描标签，需原页核实主体与产业化对象。,PVIEW274
N275,生益科技,涂树脂铜箔,材料,涂树脂铜箔；树脂与厚度未给。,仅从指定分组的现有引语提取，未在本轮复核原文；公司/供应方主张与第三方摘录均不等于独立确认；目录非穷尽，原记录阶段不自动代表 2026-10-03 当前状态。,https://static.cninfo.com.cn/finalpage/2026-04-25/1225195409.PDF,P170,见对应 points 检索/判定日期；不等于产品发布日期,2026-10-03,,,查看材料进入哪道加工或装配工序。,核对尺寸、厚度、纯度、光学或热学参数；按实际材料选指标。,电子基材与 PCB 成品/制作工艺须分开；具体光模块用料 SKU 及供应关系未知。；P057 仅有本地年报扫描标签，需原页核实主体与产业化对象。,PVIEW275
N276,生益科技,覆盖膜,材料,电子覆盖膜；组成与规格未给。,仅从指定分组的现有引语提取，未在本轮复核原文；公司/供应方主张与第三方摘录均不等于独立确认；目录非穷尽，原记录阶段不自动代表 2026-10-03 当前状态。,https://static.cninfo.com.cn/finalpage/2026-04-25/1225195409.PDF,P170,见对应 points 检索/判定日期；不等于产品发布日期,2026-10-03,,,查看材料进入哪道加工或装配工序。,核对尺寸、厚度、纯度、光学或热学参数；按实际材料选指标。,电子基材与 PCB 成品/制作工艺须分开；具体光模块用料 SKU 及供应关系未知。；P057 仅有本地年报扫描标签，需原页核实主体与产业化对象。,PVIEW276
N277,生益科技,高速光模块 PCB 制作工艺,工艺与制造服务,引语称研发高速光模块 PCB 制作工艺并产业化；不据此推为本主体对外销售某款光模块 PCB 成品。,仅从指定分组的现有引语提取，未在本轮复核原文；公司/供应方主张与第三方摘录均不等于独立确认；目录非穷尽，原记录阶段不自动代表 2026-10-03 当前状态。,S0a本地扫描2025年报（600183__em_生益科技_em__2025_生益科技2025年年度报告.pdf）,P057,见对应 points 检索/判定日期；不等于产品发布日期,2026-10-03,,,核对来料、在制品与交付件的要求。,核对受托步骤、验收规格和客户产品对应关系。,电子基材与 PCB 成品/制作工艺须分开；具体光模块用料 SKU 及供应关系未知。；P057 仅有本地年报扫描标签，需原页核实主体与产业化对象。,PVIEW277
N278,联特科技,COC、光器件与光模块封装制造,工艺与制造服务,光芯片集成 COC，软板焊接、元件/COC 贴装、金丝键合、耦合、温循、测试检验；模块含 TOSA/ROSA。,仅从指定分组的现有引语提取，未在本轮复核原文；公司/供应方主张与第三方摘录均不等于独立确认；目录非穷尽，原记录阶段不自动代表 2026-10-03 当前状态。,S0a本地扫描2025年报（301205__em_联特科技_em__2025_2025年年度报告.pdf） | https://static.cninfo.com.cn/finalpage/2026-04-29/1225239616.pdf,P060 | P105,见对应 points 检索/判定日期；不等于产品发布日期,2026-10-03,,,核对来料、在制品与交付件的要求。,核对受托步骤、验收规格和客户产品对应关系。,TOSA/ROSA 是模块组成和自产工序线索，未证明独立对外销售每一种组件。；多技术方案不能自动填为 EML、SiPh 等某一具体方案；目录、SKU 和完整 BOM 未在本组给出。；各型号EML/SiPh/VCSEL具体光源、DSP、PD/TIA及制造工艺对应仍需规格書；通用流程不替代型号BOM。；读取范围：复用补充公司产品.json；本轮定向读取2025年报产品表与研发/交付段落，无逐款datasheet；1.6T试产与800G/400G家族量产分别保留；不能把产品表所有行都标为已量产；电接口、PD/TIA、器件型号、功耗和连接器需要具体产品规格书,PVIEW278
N279,联特科技,ELSFP-VHP；ELSFP-UHP,器件,外置光源产品；VHP 1311nm，UHP CWDM；具体内部芯片和功率待补。,本轮原厂目录核对；目录登记不等于型号量产,https://disc.static.szse.cn/disc/disk03/finalpage/2026-04-29/eca187bd-8949-4a99-a323-fc77b30260b7.pdf,补充目录,2026-04-29,2026-10-03,,,核对光接口、电接口和安装基准。,按器件功能测损耗、增益、带宽或误差。,TOSA/ROSA 是模块组成和自产工序线索，未证明独立对外销售每一种组件。；多技术方案不能自动填为 EML、SiPh 等某一具体方案；目录、SKU 和完整 BOM 未在本组给出。；各型号EML/SiPh/VCSEL具体光源、DSP、PD/TIA及制造工艺对应仍需规格書；通用流程不替代型号BOM。；读取范围：复用补充公司产品.json；本轮定向读取2025年报产品表与研发/交付段落，无逐款datasheet；1.6T试产与800G/400G家族量产分别保留；不能把产品表所有行都标为已量产；电接口、PD/TIA、器件型号、功耗和连接器需要具体产品规格书,PVIEW279
N280,联特科技,COC贴装、金丝键合、耦合、温循、老化、测试,工艺与制造服务,年报印刷p14披露公司通用生产流程；不能据此认定每个800G/1.6T型号都同流程或设备。,本轮原厂目录核对；目录登记不等于型号量产,https://disc.static.szse.cn/disc/disk03/finalpage/2026-04-29/eca187bd-8949-4a99-a323-fc77b30260b7.pdf,补充目录,2026-04-29,2026-10-03,,,核对来料、在制品与交付件的要求。,核对受托步骤、验收规格和客户产品对应关系。,TOSA/ROSA 是模块组成和自产工序线索，未证明独立对外销售每一种组件。；多技术方案不能自动填为 EML、SiPh 等某一具体方案；目录、SKU 和完整 BOM 未在本组给出。；各型号EML/SiPh/VCSEL具体光源、DSP、PD/TIA及制造工艺对应仍需规格書；通用流程不替代型号BOM。；读取范围：复用补充公司产品.json；本轮定向读取2025年报产品表与研发/交付段落，无逐款datasheet；1.6T试产与800G/400G家族量产分别保留；不能把产品表所有行都标为已量产；电接口、PD/TIA、器件型号、功耗和连接器需要具体产品规格书,PVIEW280
N281,西安卫光气体有限公司,氮气,材料,氮气工艺材料；纯度和用途未给。,仅从指定分组的现有引语提取，未在本轮复核原文；公司/供应方主张与第三方摘录均不等于独立确认；目录非穷尽，原记录阶段不自动代表 2026-10-03 当前状态。,有锚；披露方产品列（源杰招股书供应商表）,P063,见对应 points 检索/判定日期；不等于产品发布日期,2026-10-03,,,查看材料进入哪道加工或装配工序。,核对尺寸、厚度、纯度、光学或热学参数；按实际材料选指标。,供应气体名不能确定特定外延、刻蚀或封装步骤，也不能证明具体产品 BOM。,PVIEW281
N282,西安卫光气体有限公司,氢气,材料,氢气工艺材料；纯度和用途未给。,仅从指定分组的现有引语提取，未在本轮复核原文；公司/供应方主张与第三方摘录均不等于独立确认；目录非穷尽，原记录阶段不自动代表 2026-10-03 当前状态。,有锚；披露方产品列（源杰招股书供应商表）,P063,见对应 points 检索/判定日期；不等于产品发布日期,2026-10-03,,,查看材料进入哪道加工或装配工序。,核对尺寸、厚度、纯度、光学或热学参数；按实际材料选指标。,供应气体名不能确定特定外延、刻蚀或封装步骤，也不能证明具体产品 BOM。,PVIEW282
N283,西安卫光气体有限公司,氧气,材料,氧气工艺材料；纯度和用途未给。,仅从指定分组的现有引语提取，未在本轮复核原文；公司/供应方主张与第三方摘录均不等于独立确认；目录非穷尽，原记录阶段不自动代表 2026-10-03 当前状态。,有锚；披露方产品列（源杰招股书供应商表）,P063,见对应 points 检索/判定日期；不等于产品发布日期,2026-10-03,,,查看材料进入哪道加工或装配工序。,核对尺寸、厚度、纯度、光学或热学参数；按实际材料选指标。,供应气体名不能确定特定外延、刻蚀或封装步骤，也不能证明具体产品 BOM。,PVIEW283
N284,西安卫光气体有限公司,氩气,材料,氩气工艺材料；纯度和用途未给。,仅从指定分组的现有引语提取，未在本轮复核原文；公司/供应方主张与第三方摘录均不等于独立确认；目录非穷尽，原记录阶段不自动代表 2026-10-03 当前状态。,有锚；披露方产品列（源杰招股书供应商表）,P063,见对应 points 检索/判定日期；不等于产品发布日期,2026-10-03,,,查看材料进入哪道加工或装配工序。,核对尺寸、厚度、纯度、光学或热学参数；按实际材料选指标。,供应气体名不能确定特定外延、刻蚀或封装步骤，也不能证明具体产品 BOM。,PVIEW284
N285,长光华芯,VCSEL 光通信芯片,芯片,VCSEL 路线；引语列四类芯片矩阵与整体订单起量，未分型号或逐类交付阶段。,仅从指定分组的现有引语提取，未在本轮复核原文；公司/供应方主张与第三方摘录均不等于独立确认；目录非穷尽，原记录阶段不自动代表 2026-10-03 当前状态。,https://static.cninfo.com.cn/finalpage/2026-04-18/1225123248.PDF,P097,见对应 points 检索/判定日期；不等于产品发布日期,2026-10-03,,,分别核对供电、驱动/信号焊盘、光入口和光出口。,晶圆级或单芯片的电学、光学测试；装配后还需复测。,未列出的另外三种材料体系不能补造；不能把各尺寸产线全部对应到同一种 InP/EML 产品。；客户订单逐步起量为产品矩阵整体表述，不能推出每一类均规模量产。；自用透镜组装不等于对外生产透镜；不从锚点补充文字另建透镜产品。,PVIEW285
N286,长光华芯,DFB 光通信芯片,芯片,DFB 路线；波长、速率和型号未给。,仅从指定分组的现有引语提取，未在本轮复核原文；公司/供应方主张与第三方摘录均不等于独立确认；目录非穷尽，原记录阶段不自动代表 2026-10-03 当前状态。,https://static.cninfo.com.cn/finalpage/2026-04-18/1225123248.PDF,P097,见对应 points 检索/判定日期；不等于产品发布日期,2026-10-03,,,分别核对供电、驱动/信号焊盘、光入口和光出口。,晶圆级或单芯片的电学、光学测试；装配后还需复测。,未列出的另外三种材料体系不能补造；不能把各尺寸产线全部对应到同一种 InP/EML 产品。；客户订单逐步起量为产品矩阵整体表述，不能推出每一类均规模量产。；自用透镜组装不等于对外生产透镜；不从锚点补充文字另建透镜产品。,PVIEW286
N287,长光华芯,EML 光通信芯片,芯片,EML 路线；波长、单波速率与型号未给。,仅从指定分组的现有引语提取，未在本轮复核原文；公司/供应方主张与第三方摘录均不等于独立确认；目录非穷尽，原记录阶段不自动代表 2026-10-03 当前状态。,https://static.cninfo.com.cn/finalpage/2026-04-18/1225123248.PDF,P097,见对应 points 检索/判定日期；不等于产品发布日期,2026-10-03,,,分别核对供电、驱动/信号焊盘、光入口和光出口。,晶圆级或单芯片的电学、光学测试；装配后还需复测。,未列出的另外三种材料体系不能补造；不能把各尺寸产线全部对应到同一种 InP/EML 产品。；客户订单逐步起量为产品矩阵整体表述，不能推出每一类均规模量产。；自用透镜组装不等于对外生产透镜；不从锚点补充文字另建透镜产品。,PVIEW287
N288,长光华芯,PIN 光通信芯片,芯片,PIN 探测芯片路线；带宽、材料和型号未给。,仅从指定分组的现有引语提取，未在本轮复核原文；公司/供应方主张与第三方摘录均不等于独立确认；目录非穷尽，原记录阶段不自动代表 2026-10-03 当前状态。,https://static.cninfo.com.cn/finalpage/2026-04-18/1225123248.PDF,P097,见对应 points 检索/判定日期；不等于产品发布日期,2026-10-03,,,分别核对供电、驱动/信号焊盘、光入口和光出口。,晶圆级或单芯片的电学、光学测试；装配后还需复测。,未列出的另外三种材料体系不能补造；不能把各尺寸产线全部对应到同一种 InP/EML 产品。；客户订单逐步起量为产品矩阵整体表述，不能推出每一类均规模量产。；自用透镜组装不等于对外生产透镜；不从锚点补充文字另建透镜产品。,PVIEW288
N289,长光华芯,半导体激光器件及模块,器件,激光器件和模块产品大类；具体类型、封装和用途未给。,仅从指定分组的现有引语提取，未在本轮复核原文；公司/供应方主张与第三方摘录均不等于独立确认；目录非穷尽，原记录阶段不自动代表 2026-10-03 当前状态。,有锚；发行人自述（招股书/年报）；CGHX内容台账补充：光纤耦合模块工艺流程含快轴/慢轴准直透镜组装（自用于封装，非透镜生产者）,P066,见对应 points 检索/判定日期；不等于产品发布日期,2026-10-03,,,核对光接口、电接口和安装基准。,按器件功能测损耗、增益、带宽或误差。,未列出的另外三种材料体系不能补造；不能把各尺寸产线全部对应到同一种 InP/EML 产品。；客户订单逐步起量为产品矩阵整体表述，不能推出每一类均规模量产。；自用透镜组装不等于对外生产透镜；不从锚点补充文字另建透镜产品。,PVIEW289
N290,长光华芯,GaAs/InP 激光芯片制造平台,工艺与制造服务,芯片设计、外延生长、晶圆处理；引语称建成 2/3/6 吋激光芯片量产线与含 GaAs、InP 的五种材料体系。,仅从指定分组的现有引语提取，未在本轮复核原文；公司/供应方主张与第三方摘录均不等于独立确认；目录非穷尽，原记录阶段不自动代表 2026-10-03 当前状态。,https://static.cninfo.com.cn/finalpage/2026-04-18/1225123248.PDF,P079 | P096,见对应 points 检索/判定日期；不等于产品发布日期,2026-10-03,,,核对来料、在制品与交付件的要求。,核对受托步骤、验收规格和客户产品对应关系。,未列出的另外三种材料体系不能补造；不能把各尺寸产线全部对应到同一种 InP/EML 产品。；客户订单逐步起量为产品矩阵整体表述，不能推出每一类均规模量产。；自用透镜组装不等于对外生产透镜；不从锚点补充文字另建透镜产品。,PVIEW290
N291,新易盛,自主硅光 PIC 技术及相关产品能力,工艺与制造服务,硅光 PIC 技术相关产品，引语称产业化并小批量生产；确切为裸 PIC、光引擎还是模块未给。,仅从指定分组的现有引语提取，未在本轮复核原文；公司/供应方主张与第三方摘录均不等于独立确认；目录非穷尽，原记录阶段不自动代表 2026-10-03 当前状态。,https://static.cninfo.com.cn/finalpage/2026-04-24/1225172598.PDF,P102,见对应 points 检索/判定日期；不等于产品发布日期,2026-10-03,,,核对来料、在制品与交付件的要求。,核对受托步骤、验收规格和客户产品对应关系。,PIC 相关产品的实物形态未明确，保留硅光产业化能力与小批量产品主张；不得认定裸 PIC 对外销售或自动归为某款模块。；ZR/ZR+ 产品族不能自动补精确 SKU、距离或 DSP；本组没有完整 800G/1.6T 数通目录。,PVIEW291
N292,新易盛,OSA光组件（TOSA发射组件、ROSA接收组件）,器件,详规与型号仍需逐产品补齐,本轮核对目录/年报分类,https://www.eoptolink.com/product-solutions,E0,未标,2026-10-03,,,核对光接口、电接口和安装基准。,按器件功能测损耗、增益、带宽或误差。,PIC 相关产品的实物形态未明确，保留硅光产业化能力与小批量产品主张；不得认定裸 PIC 对外销售或自动归为某款模块。；ZR/ZR+ 产品族不能自动补精确 SKU、距离或 DSP；本组没有完整 800G/1.6T 数通目录。,PVIEW292
N293,中京电子,800G 光模块 PCB 开发,工艺与制造服务,800G 光模块 PCB 开发项目；具体板型、叠层和量产阶段未给。,仅从指定分组的现有引语提取，未在本轮复核原文；公司/供应方主张与第三方摘录均不等于独立确认；目录非穷尽，原记录阶段不自动代表 2026-10-03 当前状态。,https://static.cninfo.com.cn/finalpage/2026-04-24/1225167909.PDF,P082,见对应 points 检索/判定日期；不等于产品发布日期,2026-10-03,,,核对来料、在制品与交付件的要求。,核对受托步骤、验收规格和客户产品对应关系。,引语截断且属于开展研发项目；不能标成已量产 800G PCB 或把另一研发项目直接绑定光模块。,PVIEW293
N294,中京电子,高电流超厚铜刚挠结合板研发,工艺与制造服务,高电流应用的超厚铜刚挠结合板技术研发；引语未说该项目用于光模块。,仅从指定分组的现有引语提取，未在本轮复核原文；公司/供应方主张与第三方摘录均不等于独立确认；目录非穷尽，原记录阶段不自动代表 2026-10-03 当前状态。,https://static.cninfo.com.cn/finalpage/2026-04-24/1225167909.PDF,P082,见对应 points 检索/判定日期；不等于产品发布日期,2026-10-03,,,核对来料、在制品与交付件的要求。,核对受托步骤、验收规格和客户产品对应关系。,引语截断且属于开展研发项目；不能标成已量产 800G PCB 或把另一研发项目直接绑定光模块。,PVIEW294
N295,华正新材,高速覆铜板,材料,高速电子基材，应用聚焦 AI 服务器、交换机和光模块；树脂、损耗等级、具体型号未给。,仅从指定分组的现有引语提取，未在本轮复核原文；公司/供应方主张与第三方摘录均不等于独立确认；目录非穷尽，原记录阶段不自动代表 2026-10-03 当前状态。,https://static.cninfo.com.cn/finalpage/2026-03-24/1225026426.PDF,P085,见对应 points 检索/判定日期；不等于产品发布日期,2026-10-03,,,查看材料进入哪道加工或装配工序。,核对尺寸、厚度、纯度、光学或热学参数；按实际材料选指标。,应用市场定位不是具体光模块客户认证或供货证明；量产 SKU 和物料路线未给。,PVIEW295
N296,国民技术,N32H493 系列光模块 MCU,芯片,适配 800G/1.6T 可插拔模块，承担控制、监控与协议处理；大容量存储、双 Bank Flash，Fabless 依赖晶圆代工。,仅从指定分组的现有引语提取，未在本轮复核原文；公司/供应方主张与第三方摘录均不等于独立确认；目录非穷尽，原记录阶段不自动代表 2026-10-03 当前状态。,https://ir.p5w.net/question/0001B169AFAEED4B47238BE0E9ECF650BDBF.shtml | corpus/qa/300077/qa.jsonl#indexId=2318224800145326081；irm.cninfo.com.cn 互动易(准披露渠道),P089 | P195,见对应 points 检索/判定日期；不等于产品发布日期,2026-10-03,,,分别核对供电、驱动/信号焊盘、光入口和光出口。,晶圆级或单芯片的电学、光学测试；装配后还需复测。,引语称处客户导入验证、尚无实际销售订单；不能判为客户量产采用。；控制 MCU 不替代 DSP；制程、供电电路、确切模块客户和代工厂未公开。,PVIEW296
N297,Oxford Instruments,InP 等离子体刻蚀设备,设备,InP plasma etch；现有引语称面向数通，并提 Coherent 6 吋 InP 自动化处理。,仅从指定分组的现有引语提取，未在本轮复核原文；公司/供应方主张与第三方摘录均不等于独立确认；目录非穷尽，原记录阶段不自动代表 2026-10-03 当前状态。,https://www.oxinst.com/news/oxford-instruments-delivers-automated-6%E2%80%9D-inp-wafer-processing-for-next-gen-ai,P092,见对应 points 检索/判定日期；不等于产品发布日期,2026-10-03,Oxford PlasmaPro 100 Cobra ICP RIE提供等离子刻蚀。应用说明列InP波导、GaAs/AlGaAs与VCSEL台面刻蚀；不同材料需要对应工艺。,https://plasma.oxinst.com/technologies/icp-rie,这里的接口是工件、夹具、探针和自动化接口。,核对处理材料、行程、精度、重复性和测试覆盖；不是模块性能指标。,新闻为供应商主张，非独立验收；仅从现有截取提取，不重开原文。；刻蚀与沉积是同一方案/相关设备目录线索，不代表两份独立销量；完整型号与配置未知。；公司池纳入理由不能替代产品说明书；需继续对齐型号、配置和阶段。,PVIEW297
N298,Oxford Instruments,6 吋 InP 自动化刻蚀/沉积设备方案,设备,锚引语括注称向 Coherent 供自动化刻蚀/沉积；具体设备型号和沉积方法未给。,仅从指定分组的现有引语提取，未在本轮复核原文；公司/供应方主张与第三方摘录均不等于独立确认；目录非穷尽，原记录阶段不自动代表 2026-10-03 当前状态。,https://www.oxinst.com/news/oxford-instruments-delivers-automated-6%E2%80%9D-inp-wafer-processing-for-next-gen-ai,P092,见对应 points 检索/判定日期；不等于产品发布日期,2026-10-03,,,这里的接口是工件、夹具、探针和自动化接口。,核对处理材料、行程、精度、重复性和测试覆盖；不是模块性能指标。,新闻为供应商主张，非独立验收；仅从现有截取提取，不重开原文。；刻蚀与沉积是同一方案/相关设备目录线索，不代表两份独立销量；完整型号与配置未知。；公司池纳入理由不能替代产品说明书；需继续对齐型号、配置和阶段。,PVIEW298
N299,Oxford Instruments,[线索] 化合物半导体等离子处理设备,设备,化合物半导体等离子设备订单与交期观察方,现有公司池/观察理由线索；尚未逐产品核验,calls/universe.csv：OXIG，纳入理由；无逐产品原文锚,OXIG,公司池资料日期未标；不冒充产品发布日期,2026-10-03,,,这里的接口是工件、夹具、探针和自动化接口。,核对处理材料、行程、精度、重复性和测试覆盖；不是模块性能指标。,新闻为供应商主张，非独立验收；仅从现有截取提取，不重开原文。；刻蚀与沉积是同一方案/相关设备目录线索，不代表两份独立销量；完整型号与配置未知。；公司池纳入理由不能替代产品说明书；需继续对齐型号、配置和阶段。,PVIEW299
N300,乾照光电,10G/25G 数据光通信 VCSEL,芯片,VCSEL；引语称已送样、预计 2026 年正式订单和交付，该预期尚未在本组被验证实现。,仅从指定分组的现有引语提取，未在本轮复核原文；公司/供应方主张与第三方摘录均不等于独立确认；目录非穷尽，原记录阶段不自动代表 2026-10-03 当前状态。,https://static.cninfo.com.cn/finalpage/2026-03-28/1225043741.PDF,P099,见对应 points 检索/判定日期；不等于产品发布日期,2026-10-03,,,分别核对供电、驱动/信号焊盘、光入口和光出口。,晶圆级或单芯片的电学、光学测试；装配后还需复测。,不得把预计 2026 年订单交付直接改成截至今日已出货；引语缺具体型号、波长和适用模块配置。,PVIEW300
N301,乾照光电,50G/100G 数据光通信 VCSEL,芯片,VCSEL；引语称进入流片阶段，未证明送样或量产。,仅从指定分组的现有引语提取，未在本轮复核原文；公司/供应方主张与第三方摘录均不等于独立确认；目录非穷尽，原记录阶段不自动代表 2026-10-03 当前状态。,https://static.cninfo.com.cn/finalpage/2026-03-28/1225043741.PDF,P099,见对应 points 检索/判定日期；不等于产品发布日期,2026-10-03,,,分别核对供电、驱动/信号焊盘、光入口和光出口。,晶圆级或单芯片的电学、光学测试；装配后还需复测。,不得把预计 2026 年订单交付直接改成截至今日已出货；引语缺具体型号、波长和适用模块配置。,PVIEW301
N302,苏大维格,激光直写光刻设备,设备,激光直写光刻；引语称对部分行业头部企业实现销售。,仅从指定分组的现有引语提取，未在本轮复核原文；公司/供应方主张与第三方摘录均不等于独立确认；目录非穷尽，原记录阶段不自动代表 2026-10-03 当前状态。,https://static.cninfo.com.cn/finalpage/2026-04-24/1225172470.PDF,P112,见对应 points 检索/判定日期；不等于产品发布日期,2026-10-03,,,这里的接口是工件、夹具、探针和自动化接口。,核对处理材料、行程、精度、重复性和测试覆盖；不是模块性能指标。,没有光通信或硅光客户的具体应用证据，不能据此判为光模块生产线已采用；波长、精度和机型未给。,PVIEW302
N303,中微公司,硅和锗硅外延 EPI 设备,设备,Si/GeSi 外延设备；引语称运付客户进行量产验证，未列具体机型或硅光使用对象。,仅从指定分组的现有引语提取，未在本轮复核原文；公司/供应方主张与第三方摘录均不等于独立确认；目录非穷尽，原记录阶段不自动代表 2026-10-03 当前状态。,https://static.cninfo.com.cn/finalpage/2026-03-31/1225062431.PDF,P115,见对应 points 检索/判定日期；不等于产品发布日期,2026-10-03,,,这里的接口是工件、夹具、探针和自动化接口。,核对处理材料、行程、精度、重复性和测试覆盖；不是模块性能指标。,不同材料、应用及设备的阶段不可互相借用；本组未证实 InP/GaAs 数通激光芯片制造产品或客户。,PVIEW303
N304,中微公司,GaN LED 外延 MOCVD 设备,设备,用于氮化镓基 LED 的 MOCVD；引语称客户线上大规模量产，不能迁移到 InP/GaAs 光通信外延设备。,仅从指定分组的现有引语提取，未在本轮复核原文；公司/供应方主张与第三方摘录均不等于独立确认；目录非穷尽，原记录阶段不自动代表 2026-10-03 当前状态。,https://static.cninfo.com.cn/finalpage/2026-03-31/1225062431.PDF,P115,见对应 points 检索/判定日期；不等于产品发布日期,2026-10-03,,,这里的接口是工件、夹具、探针和自动化接口。,核对处理材料、行程、精度、重复性和测试覆盖；不是模块性能指标。,不同材料、应用及设备的阶段不可互相借用；本组未证实 InP/GaAs 数通激光芯片制造产品或客户。,PVIEW304
N305,路维光电,半导体掩膜版,器件,面向晶圆厂、IC 设计及封测厂的掩膜版；引语称制程布局到 14nm，未给产品精度与型号。,仅从指定分组的现有引语提取，未在本轮复核原文；公司/供应方主张与第三方摘录均不等于独立确认；目录非穷尽，原记录阶段不自动代表 2026-10-03 当前状态。,https://static.cninfo.com.cn/finalpage/2025-03-28/1222929157.PDF,P122,见对应 points 检索/判定日期；不等于产品发布日期,2026-10-03,,,核对光接口、电接口和安装基准。,按器件功能测损耗、增益、带宽或误差。,硅光通常需多层掩模是行业需求陈述，不能当成该公司已有硅光订单或某款 PIC 的掩模供货。；与输入中的深圳市路维光电股份有限公司可能同主体；保留原名但不重复计独立企业。,PVIEW305
N306,路维光电,先进封装掩膜版,器件,先进封装用掩膜版产品；具体封装工艺与客户未给。,仅从指定分组的现有引语提取，未在本轮复核原文；公司/供应方主张与第三方摘录均不等于独立确认；目录非穷尽，原记录阶段不自动代表 2026-10-03 当前状态。,https://static.cninfo.com.cn/finalpage/2025-03-28/1222929157.PDF,P122,见对应 points 检索/判定日期；不等于产品发布日期,2026-10-03,,,核对光接口、电接口和安装基准。,按器件功能测损耗、增益、带宽或误差。,硅光通常需多层掩模是行业需求陈述，不能当成该公司已有硅光订单或某款 PIC 的掩模供货。；与输入中的深圳市路维光电股份有限公司可能同主体；保留原名但不重复计独立企业。,PVIEW306
N307,新益昌,HAD810-RJ 料卷式摆臂共晶机,设备,自研精密力控双摆臂固晶结构；引语列 38K/H UPH、±25μm 与 2.5G/10G/25G 光模块元件封装用途。,仅从指定分组的现有引语提取，未在本轮复核原文；公司/供应方主张与第三方摘录均不等于独立确认；目录非穷尽，原记录阶段不自动代表 2026-10-03 当前状态。,https://static.cninfo.com.cn/finalpage/2026-04-28/1225210169.PDF,P125,见对应 points 检索/判定日期；不等于产品发布日期,2026-10-03,,,这里的接口是工件、夹具、探针和自动化接口。,核对处理材料、行程、精度、重复性和测试覆盖；不是模块性能指标。,产品额定 UPH 不等于客户有效产能或良率；原引语未证明用于 800G/1.6T 芯片封装。,PVIEW307
N308,中兴通讯,800G 相干 DSP 芯片,芯片,自研相干 DSP；年报引语称已向运营商或互联网等行业发货，具体型号和制程未给。,仅从指定分组的现有引语提取，未在本轮复核原文；公司/供应方主张与第三方摘录均不等于独立确认；目录非穷尽，原记录阶段不自动代表 2026-10-03 当前状态。,https://static.cninfo.com.cn/finalpage/2026-03-07/1225000301.PDF | corpus/qa/000063/qa.jsonl#indexId=2266884917732925440；irm.cninfo.com.cn 互动易(准披露渠道),P134 | P192,见对应 points 检索/判定日期；不等于产品发布日期,2026-10-03,,,分别核对供电、驱动/信号焊盘、光入口和光出口。,晶圆级或单芯片的电学、光学测试；装配后还需复测。,相干光传输路线不能套用到外购 800G/1.6T 数通模块；两类产品及供应链分开。；本组相干模块与 DSP 型号、距离、光源和具体客户配置未知。,PVIEW308
N309,则成电子,光模块电子装联业务,工艺与制造服务,光模块电子装联；引语称首条产线在 2025Q4 规划并落地武汉，预计 2026H1 完成首批试产订单。,仅从指定分组的现有引语提取，未在本轮复核原文；公司/供应方主张与第三方摘录均不等于独立确认；目录非穷尽，原记录阶段不自动代表 2026-10-03 当前状态。,https://static.cninfo.com.cn/finalpage/2026-04-24/1225194265.PDF,P151,见对应 points 检索/判定日期；不等于产品发布日期,2026-10-03,,,核对来料、在制品与交付件的要求。,核对受托步骤、验收规格和客户产品对应关系。,本组没有后续验证预期是否实现；不能将量产产线这个名称等同于已量产交付。；未给具体装联步骤、模块 SKU、客户或线体设备，也未证明自主光学模块。,PVIEW309
N310,富士达,陶瓷封装管壳（CSMD/CSOP/CBGA/CQFN）,器件,陶瓷封装管壳产品族；现有引语串列列出 CSMD、CSOP、CBGA、CQFN，不指定某款光通信封装。,仅从指定分组的现有引语提取，未在本轮复核原文；公司/供应方主张与第三方摘录均不等于独立确认；目录非穷尽，原记录阶段不自动代表 2026-10-03 当前状态。,https://static.cninfo.com.cn/finalpage/2026-03-27/1225045678.PDF,P158,见对应 points 检索/判定日期；不等于产品发布日期,2026-10-03,,,核对光接口、电接口和安装基准。,按器件功能测损耗、增益、带宽或误差。,原表文字串列，封装形式与应用行业对应未核；不能认定四种封装均用于光模块。,PVIEW310
N311,富士达,陶瓷多层基板,器件,多层陶瓷基板；材料、层数、导体与烧结工艺未给。,仅从指定分组的现有引语提取，未在本轮复核原文；公司/供应方主张与第三方摘录均不等于独立确认；目录非穷尽，原记录阶段不自动代表 2026-10-03 当前状态。,https://static.cninfo.com.cn/finalpage/2026-03-27/1225045678.PDF,P158,见对应 points 检索/判定日期；不等于产品发布日期,2026-10-03,,,核对光接口、电接口和安装基准。,按器件功能测损耗、增益、带宽或误差。,原表文字串列，封装形式与应用行业对应未核；不能认定四种封装均用于光模块。,PVIEW311
N312,方正科技,高层高阶 UHD PCB,器件,引语称通过头部厂商认证并批量交付；应用于 800G/1.6T 光模块产品完成技术迭代和批量生产。,仅从指定分组的现有引语提取，未在本轮复核原文；公司/供应方主张与第三方摘录均不等于独立确认；目录非穷尽，原记录阶段不自动代表 2026-10-03 当前状态。,https://static.cninfo.com.cn/finalpage/2026-04-09/1225086146.PDF,P163,见对应 points 检索/判定日期；不等于产品发布日期,2026-10-03,,,核对光接口、电接口和安装基准。,按器件功能测损耗、增益、带宽或误差。,厂商认证为公司主张；具体型号、叠层、材料与客户未知。；PCB 应用速率不决定 EML/SiPh 或 DSP/LPO 路线。,PVIEW312
N313,芯源微,涂胶显影机,设备,4–8 吋晶圆湿法涂胶显影，应用领域包括光通信；具体机型及实际光通信客户未给。,仅从指定分组的现有引语提取，未在本轮复核原文；公司/供应方主张与第三方摘录均不等于独立确认；目录非穷尽，原记录阶段不自动代表 2026-10-03 当前状态。,https://static.cninfo.com.cn/finalpage/2026-04-18/1225120170.PDF,P179,见对应 points 检索/判定日期；不等于产品发布日期,2026-10-03,,,这里的接口是工件、夹具、探针和自动化接口。,核对处理材料、行程、精度、重复性和测试覆盖；不是模块性能指标。,广泛应用行业不等于某款 InP/SiPh 芯片产线已使用；实际设备型号和客户工艺对象未知。,PVIEW313
N314,芯源微,清洗机,设备,4–8 吋晶圆湿法清洗；材料体系和配方未给。,仅从指定分组的现有引语提取，未在本轮复核原文；公司/供应方主张与第三方摘录均不等于独立确认；目录非穷尽，原记录阶段不自动代表 2026-10-03 当前状态。,https://static.cninfo.com.cn/finalpage/2026-04-18/1225120170.PDF,P179,见对应 points 检索/判定日期；不等于产品发布日期,2026-10-03,,,这里的接口是工件、夹具、探针和自动化接口。,核对处理材料、行程、精度、重复性和测试覆盖；不是模块性能指标。,广泛应用行业不等于某款 InP/SiPh 芯片产线已使用；实际设备型号和客户工艺对象未知。,PVIEW314
N315,芯源微,去胶机,设备,4–8 吋晶圆湿法去胶；材料体系和配方未给。,仅从指定分组的现有引语提取，未在本轮复核原文；公司/供应方主张与第三方摘录均不等于独立确认；目录非穷尽，原记录阶段不自动代表 2026-10-03 当前状态。,https://static.cninfo.com.cn/finalpage/2026-04-18/1225120170.PDF,P179,见对应 points 检索/判定日期；不等于产品发布日期,2026-10-03,,,这里的接口是工件、夹具、探针和自动化接口。,核对处理材料、行程、精度、重复性和测试覆盖；不是模块性能指标。,广泛应用行业不等于某款 InP/SiPh 芯片产线已使用；实际设备型号和客户工艺对象未知。,PVIEW315
N316,阿石创,溅射靶材,材料,PVD 溅射材料；面向含光学光通信的多行业，未列具体元素/配方。,仅从指定分组的现有引语提取，未在本轮复核原文；公司/供应方主张与第三方摘录均不等于独立确认；目录非穷尽，原记录阶段不自动代表 2026-10-03 当前状态。,https://static.cninfo.com.cn/finalpage/2026-04-28/1225215863.PDF,P186,见对应 points 检索/判定日期；不等于产品发布日期,2026-10-03,,,查看材料进入哪道加工或装配工序。,核对尺寸、厚度、纯度、光学或热学参数；按实际材料选指标。,超过 200 款是全公司材料体系数量，不能当成 200 款光通信产品；本组缺光通信具体 SKU 及供货对象。,PVIEW316
N317,阿石创,蒸镀材料,材料,PVD 蒸镀材料；光通信对应的具体材料未给。,仅从指定分组的现有引语提取，未在本轮复核原文；公司/供应方主张与第三方摘录均不等于独立确认；目录非穷尽，原记录阶段不自动代表 2026-10-03 当前状态。,https://static.cninfo.com.cn/finalpage/2026-04-28/1225215863.PDF,P186,见对应 points 检索/判定日期；不等于产品发布日期,2026-10-03,,,查看材料进入哪道加工或装配工序。,核对尺寸、厚度、纯度、光学或热学参数；按实际材料选指标。,超过 200 款是全公司材料体系数量，不能当成 200 款光通信产品；本组缺光通信具体 SKU 及供货对象。,PVIEW317
N318,阿石创,镀膜配件,器件,镀膜配件大类；结构与型号未给。,仅从指定分组的现有引语提取，未在本轮复核原文；公司/供应方主张与第三方摘录均不等于独立确认；目录非穷尽，原记录阶段不自动代表 2026-10-03 当前状态。,https://static.cninfo.com.cn/finalpage/2026-04-28/1225215863.PDF,P186,见对应 points 检索/判定日期；不等于产品发布日期,2026-10-03,,,核对光接口、电接口和安装基准。,按器件功能测损耗、增益、带宽或误差。,超过 200 款是全公司材料体系数量，不能当成 200 款光通信产品；本组缺光通信具体 SKU 及供货对象。,PVIEW318
N319,金百泽,800G 光模块 PCB,器件,引语称已有样板及小批量交付，仍在需求验证、订单交付和市场拓展；具体板材和叠层未给。,仅从指定分组的现有引语提取，未在本轮复核原文；公司/供应方主张与第三方摘录均不等于独立确认；目录非穷尽，原记录阶段不自动代表 2026-10-03 当前状态。,corpus/qa/301041/qa.jsonl#indexId=2275274071015227392；irm.cninfo.com.cn 互动易(准披露渠道),P189,见对应 points 检索/判定日期；不等于产品发布日期,2026-10-03,,,核对光接口、电接口和安装基准。,按器件功能测损耗、增益、带宽或误差。,小批量交付不等于规模量产；客户、型号、量和阶段截止时间尚需后续材料验证。,PVIEW319
N320,先导基电,高端热电材料,材料,布局 Bi/Te 材料；部分自用 Micro-TEC，其余具备外售能力并处客户送样。,仅从指定分组的现有引语提取，未在本轮复核原文；公司/供应方主张与第三方摘录均不等于独立确认；目录非穷尽，原记录阶段不自动代表 2026-10-03 当前状态。,https://static.cninfo.com.cn/finalpage/2026-04-10/1225091359.PDF,P197,见对应 points 检索/判定日期；不等于产品发布日期,2026-10-03,,,查看材料进入哪道加工或装配工序。,核对尺寸、厚度、纯度、光学或热学参数；按实际材料选指标。,送样与可应用不等于已进入光模块客户量产；具体化合物成分、制冷参数、型号与销量未给。,PVIEW320
N321,先导基电,Micro-TEC 微型热电制冷器,器件,微型热电制冷；引语称产线建成且送样，可应用光通信等领域。,仅从指定分组的现有引语提取，未在本轮复核原文；公司/供应方主张与第三方摘录均不等于独立确认；目录非穷尽，原记录阶段不自动代表 2026-10-03 当前状态。,https://static.cninfo.com.cn/finalpage/2026-04-10/1225091359.PDF,P197,见对应 points 检索/判定日期；不等于产品发布日期,2026-10-03,,,核对光接口、电接口和安装基准。,按器件功能测损耗、增益、带宽或误差。,送样与可应用不等于已进入光模块客户量产；具体化合物成分、制冷参数、型号与销量未给。,PVIEW321
N322,索尔思(Source Photonics),25G/53G/106G EML 芯片,芯片,EML，具设计、制造和规模交付能力；引语未给型号、波长及速率计量口径。,仅从指定分组的现有引语提取，未在本轮复核原文；公司/供应方主张与第三方摘录均不等于独立确认；目录非穷尽，原记录阶段不自动代表 2026-10-03 当前状态。,https://static.cninfo.com.cn/finalpage/2023-11-27/1218448867.PDF,P201,见对应 points 检索/判定日期；不等于产品发布日期,2026-10-03,,,分别核对供电、驱动/信号焊盘、光入口和光出口。,晶圆级或单芯片的电学、光学测试；装配后还需复测。,2023 年披露不能单独证明截至 2026-10-03 全部产品的当前状态或完整目录；本组不新增官网检索。；与东山精密索尔思条目关联实体，不重复计销量；本组芯片族与模块 SKU 尚未对齐。；公司池纳入理由不能替代产品说明书；需继续对齐型号、配置和阶段。；新8004×200G族SKU未对齐；旧DR8标签不能借用；1.6T EML/SiPh/LRO/InP PIC版本SKU未配对；1.6T部分页面PMD/reach/标题冲突；MUX/DEMUX/PD/TIA具体器件和独立量产数量未知,PVIEW322
N323,索尔思(Source Photonics),25G DFB 芯片,芯片,DFB，具设计、制造和规模交付能力；具体型号与波长未给。,仅从指定分组的现有引语提取，未在本轮复核原文；公司/供应方主张与第三方摘录均不等于独立确认；目录非穷尽，原记录阶段不自动代表 2026-10-03 当前状态。,https://static.cninfo.com.cn/finalpage/2023-11-27/1218448867.PDF,P201,见对应 points 检索/判定日期；不等于产品发布日期,2026-10-03,,,分别核对供电、驱动/信号焊盘、光入口和光出口。,晶圆级或单芯片的电学、光学测试；装配后还需复测。,2023 年披露不能单独证明截至 2026-10-03 全部产品的当前状态或完整目录；本组不新增官网检索。；与东山精密索尔思条目关联实体，不重复计销量；本组芯片族与模块 SKU 尚未对齐。；公司池纳入理由不能替代产品说明书；需继续对齐型号、配置和阶段。；新8004×200G族SKU未对齐；旧DR8标签不能借用；1.6T EML/SiPh/LRO/InP PIC版本SKU未配对；1.6T部分页面PMD/reach/标题冲突；MUX/DEMUX/PD/TIA具体器件和独立量产数量未知,PVIEW323
N324,索尔思(Source Photonics),1.6T AEC OSFP UNKNOWN,器件,不适用：铜互连；有源电缆，具体芯片未知；OSFP；OFC26族清单；激光、MUX/DEMUX、PD/TIA均不适用,本轮核对原厂资料；型号/产品族/演示按正文区分,https://www.sourcephotonics.com/news/source-photonics-to-spotlight-its-latest-optical-innovations-announce-to-receive-two-industry-awards-for-two-product-families-during-ofc26/ | https://www.sourcephotonics.com/news/source-photonics-and-delta-electronics-join-force-to-demo-1-6t-transceiver-and-switch-products-at-ofc26/,OG20 | OG21,2026-03-16；2026-03-17,2026-10-03,,,核对光接口、电接口和安装基准。,按器件功能测损耗、增益、带宽或误差。,2023 年披露不能单独证明截至 2026-10-03 全部产品的当前状态或完整目录；本组不新增官网检索。；与东山精密索尔思条目关联实体，不重复计销量；本组芯片族与模块 SKU 尚未对齐。；公司池纳入理由不能替代产品说明书；需继续对齐型号、配置和阶段。；新8004×200G族SKU未对齐；旧DR8标签不能借用；1.6T EML/SiPh/LRO/InP PIC版本SKU未配对；1.6T部分页面PMD/reach/标题冲突；MUX/DEMUX/PD/TIA具体器件和独立量产数量未知,PVIEW324
N325,索尔思(Source Photonics),[导航线索] 400G/lambda TOSA、ELSFP外置光源,器件,低速、接入、无线与传输大类；本轮不穷尽SKU,导航/类别线索；现有锚未逐类证明，需补产品原文,https://www.sourcephotonics.com/product-category/800g-transceivers/ | https://www.sourcephotonics.com/product-category/1-6t-transceivers/,OG16 | OG17,UNKNOWN；UNKNOWN,2026-10-03,,,核对光接口、电接口和安装基准。,按器件功能测损耗、增益、带宽或误差。,2023 年披露不能单独证明截至 2026-10-03 全部产品的当前状态或完整目录；本组不新增官网检索。；与东山精密索尔思条目关联实体，不重复计销量；本组芯片族与模块 SKU 尚未对齐。；公司池纳入理由不能替代产品说明书；需继续对齐型号、配置和阶段。；新8004×200G族SKU未对齐；旧DR8标签不能借用；1.6T EML/SiPh/LRO/InP PIC版本SKU未配对；1.6T部分页面PMD/reach/标题冲突；MUX/DEMUX/PD/TIA具体器件和独立量产数量未知,PVIEW325
N326,索尔思(Source Photonics),[导航线索] 400G/lambda TOSA、ELSFP外置光源,器件,未来速率演示/外置光源等另列，不视为现有800/1.6模块,导航/类别线索；现有锚未逐类证明，需补产品原文,https://www.sourcephotonics.com/news/source-photonics-to-spotlight-its-latest-optical-innovations-announce-to-receive-two-industry-awards-for-two-product-families-during-ofc26/,OG20,2026-03-16,2026-10-03,,,核对光接口、电接口和安装基准。,按器件功能测损耗、增益、带宽或误差。,2023 年披露不能单独证明截至 2026-10-03 全部产品的当前状态或完整目录；本组不新增官网检索。；与东山精密索尔思条目关联实体，不重复计销量；本组芯片族与模块 SKU 尚未对齐。；公司池纳入理由不能替代产品说明书；需继续对齐型号、配置和阶段。；新8004×200G族SKU未对齐；旧DR8标签不能借用；1.6T EML/SiPh/LRO/InP PIC版本SKU未配对；1.6T部分页面PMD/reach/标题冲突；MUX/DEMUX/PD/TIA具体器件和独立量产数量未知,PVIEW326
N327,奥特维,光通信 AOI 设备,设备,自动光学检测；引语称取得应用光电 AAOI 等客户批量订单，具体检测工位与机型未给。,仅从指定分组的现有引语提取，未在本轮复核原文；公司/供应方主张与第三方摘录均不等于独立确认；目录非穷尽，原记录阶段不自动代表 2026-10-03 当前状态。,https://static.cninfo.com.cn/finalpage/2026-04-23/1225145661.PDF,P205,见对应 points 检索/判定日期；不等于产品发布日期,2026-10-03,,,这里的接口是工件、夹具、探针和自动化接口。,核对处理材料、行程、精度、重复性和测试覆盖；不是模块性能指标。,AOI 是设备类型，AAOI 是客户；不能登记 AAOI 的光模块为奥特维自产产品。；批量订单不等于已全部交付验收或设备有效产能。,PVIEW327
N328,凯格精机,800G 光模块自动化组装线,设备,光模块自动组装；引语称客户认可，具体工位、机型与出货数量未给。,仅从指定分组的现有引语提取，未在本轮复核原文；公司/供应方主张与第三方摘录均不等于独立确认；目录非穷尽，原记录阶段不自动代表 2026-10-03 当前状态。,https://static.cninfo.com.cn/finalpage/2026-04-28/1225202249.PDF,P208,见对应 points 检索/判定日期；不等于产品发布日期,2026-10-03,,,这里的接口是工件、夹具、探针和自动化接口。,核对处理材料、行程、精度、重复性和测试覆盖；不是模块性能指标。,被客户认可和推出产品线不能自动判为量产交付；不能补成某特定共晶机或完整光学平台。,PVIEW328
N329,凯格精机,1.6T 光模块自动化组装产品线,设备,报告期内推出的自动化组装线；引语未给具体量产订单或验收阶段。,仅从指定分组的现有引语提取，未在本轮复核原文；公司/供应方主张与第三方摘录均不等于独立确认；目录非穷尽，原记录阶段不自动代表 2026-10-03 当前状态。,https://static.cninfo.com.cn/finalpage/2026-04-28/1225202249.PDF,P208,见对应 points 检索/判定日期；不等于产品发布日期,2026-10-03,,,这里的接口是工件、夹具、探针和自动化接口。,核对处理材料、行程、精度、重复性和测试覆盖；不是模块性能指标。,被客户认可和推出产品线不能自动判为量产交付；不能补成某特定共晶机或完整光学平台。,PVIEW329
N330,Ciena,[线索] CPO光引擎,光引擎,非模块对象见标题；同一来源的上下文（包含其他对象，不自动归到本对象）：相干光系统、DCI与CPO光引擎观察方,现有公司池/观察理由线索；尚未逐产品核验,calls/universe.csv：CIEN，纳入理由；无逐产品原文锚,CIEN,公司池资料日期未标；不冒充产品发布日期,2026-10-03,,,核对主芯片电连接、供光、光纤引出及散热接口。,组件性能测试后还需在主机系统中验证。,本组未给 WaveLogic 版本、精确 SKU、DSP 制程与内部光学 BOM。；设计/销售产品不等于本体自行执行所有制造环节；实际代工及自制范围未在引语说明。；公司池纳入理由不能替代产品说明书；需继续对齐型号、配置和阶段。；WL5n目录尚未展开逐型号；WL6n Interop与Enhanced不能共用内部BOM。；型号族号、公布阶段和实际客户量产采用分开；相干模块与Vesta光引擎分开。,PVIEW330
N331,Ciena,Vesta 200 6.4T CPX光引擎,光引擎,Ciena发布Vesta 200 6.4T CPX可插拔CPO光引擎,现有事件摘录；fact_assertion；只证明产品发布；计划OFC演示不记为已经demonstrated,https://investor.ciena.com/news/news-details/2026/Ciena-Unveils-the-Industrys-Highest-Density-Lowest-Power-Pluggable-Optical-Engine-to-Meet-Data-Center-AI-Demands-02-25-2026/default.aspx,ECL012 | D_CIEN_20260225_VESTA,2026-02-25,2026-10-03,,,核对主芯片电连接、供光、光纤引出及散热接口。,组件性能测试后还需在主机系统中验证。,本组未给 WaveLogic 版本、精确 SKU、DSP 制程与内部光学 BOM。；设计/销售产品不等于本体自行执行所有制造环节；实际代工及自制范围未在引语说明。；公司池纳入理由不能替代产品说明书；需继续对齐型号、配置和阶段。；WL5n目录尚未展开逐型号；WL6n Interop与Enhanced不能共用内部BOM。；型号族号、公布阶段和实际客户量产采用分开；相干模块与Vesta光引擎分开。,PVIEW331
N332,Ciena,Vesta 200 6.4T CPX Vesta 200 6.4T CPX,光引擎,200G/lane；linear drive，host损耗预算最高20dB。；6.4T，200G/lane单波长光接口；精确通道数量未在所核原文列出。；retimer-free linear drive。；外置光源＋温度稳定SiPh Mach-Zehnder发射器＋自研SiGe driver。；UNKNOWN（本次所核来源未披露）；自研SiGe TIA；PD结构未列。；可插拔CPX电连接、2D光纤互连，CPO布局。；UNKNOWN（本次所核来源未披露）；相对retimed方案最高70%节省为厂家主张；绝对W值未列。；2026-02-25发布，原文计划OFC演示；未据此认定演示/送样已兑现。；对象边界：原厂资料主张；不等于独立测试或客户验收。；这是CPO optical engine，pluggable不等于OSFP/QSFP前面板完整模块。,光引擎；本轮归集；原文复核范围见来源标题；来源定位：Ciena unveils Vesta 200 6.4T CPX optical engine,https://investor.ciena.com/news/news-details/2026/Ciena-Unveils-the-Industrys-Highest-Density-Lowest-Power-Pluggable-Optical-Engine-to-Meet-Data-Center-AI-Demands-02-25-2026/default.aspx,产品扩展:Ciena,2026-02-25,2026-10-03,Vesta 200采用外置光源、SiGe driver/TIA和硅光MZ发射器；CPX电连接配合二维光纤互连，主机到引擎的线性电链路损耗预算最高20 dB。 | Vesta 200 6.4T CPX简报给出32路发射和32路接收、每路最高212 Gb/s PAM4。图1将主机差分电接口接驱动/CTLE与调制器，接收侧经PD阵列、TIA/CTLE输出。 | Vesta简报列8根外置光源输入光纤、32根发送及32根接收光纤，并采用+3.3 V和+5.0 V供电；CPX承接与主机的电连接。 | Ciena发布稿明确将Vesta 200 6.4T CPX与Samtec Si-Fly HD CPX System组合作为200G PAM4连接方案；同时列出二维光纤互连和SiGe驱动/TIA。,https://investor.ciena.com/news/news-details/2026/Ciena-Unveils-the-Industrys-Highest-Density-Lowest-Power-Pluggable-Optical-Engine-to-Meet-Data-Center-AI-Demands-02-25-2026/default.aspx | https://www.ciena.com/__data/assets/pdf_file/0031/171679/vesta_200_6-4T_cpx_optical_engine_IB.pdf | https://www.ciena.com/__data/assets/pdf_file/0031/171679/vesta_200_6-4T_cpx_optical_engine_IB.pdf | https://investor.ciena.com/news/news-details/2026/Ciena-Unveils-the-Industrys-Highest-Density-Lowest-Power-Pluggable-Optical-Engine-to-Meet-Data-Center-AI-Demands-02-25-2026/default.aspx,核对主芯片电连接、供光、光纤引出及散热接口。,组件性能测试后还需在主机系统中验证。,本组未给 WaveLogic 版本、精确 SKU、DSP 制程与内部光学 BOM。；设计/销售产品不等于本体自行执行所有制造环节；实际代工及自制范围未在引语说明。；公司池纳入理由不能替代产品说明书；需继续对齐型号、配置和阶段。；WL5n目录尚未展开逐型号；WL6n Interop与Enhanced不能共用内部BOM。；型号族号、公布阶段和实际客户量产采用分开；相干模块与Vesta光引擎分开。,PVIEW332
N333,Applied Optoelectronics(AAOI),模拟/数字激光器,器件,自主设计、制造和集成激光器，使用自有分子束外延 MBE；此引语未明确 DFB/EML 种类。,仅从指定分组的现有引语提取，未在本轮复核原文；公司/供应方主张与第三方摘录均不等于独立确认；目录非穷尽，原记录阶段不自动代表 2026-10-03 当前状态。,https://www.sec.gov/Archives/edgar/data/1158114/000143774926005875/aaoi20251231_10k.htm,P230,见对应 points 检索/判定日期；不等于产品发布日期,2026-10-03,,,核对光接口、电接口和安装基准。,按器件功能测损耗、增益、带宽或误差。,MBE 是激光器制造工艺线索，不能自动推断所有 800G 产品采用自产 DFB/EML。；本组没有全部模块目录和具体 SKU；光引擎工艺与模块实现不能无锚拼接。；公司池纳入理由不能替代产品说明书；需继续对齐型号、配置和阶段。；目录为当前官网列出的产品大类；具体800G/1.6T全SKU和内部BOM尚未公开归齐。；CPO/NPO条目属于平台/光引擎/光源形态，不能登记为完整可插拔模块。,PVIEW333
N334,Applied Optoelectronics(AAOI),电信激光器及激光子组件,器件,电信市场提供激光器和激光子组件；光源种类、波长及封装未给。,仅从指定分组的现有引语提取，未在本轮复核原文；公司/供应方主张与第三方摘录均不等于独立确认；目录非穷尽，原记录阶段不自动代表 2026-10-03 当前状态。,https://www.sec.gov/Archives/edgar/data/1158114/000143774926005875/aaoi20251231_10k.htm,P231,见对应 points 检索/判定日期；不等于产品发布日期,2026-10-03,,,核对光接口、电接口和安装基准。,按器件功能测损耗、增益、带宽或误差。,MBE 是激光器制造工艺线索，不能自动推断所有 800G 产品采用自产 DFB/EML。；本组没有全部模块目录和具体 SKU；光引擎工艺与模块实现不能无锚拼接。；公司池纳入理由不能替代产品说明书；需继续对齐型号、配置和阶段。；目录为当前官网列出的产品大类；具体800G/1.6T全SKU和内部BOM尚未公开归齐。；CPO/NPO条目属于平台/光引擎/光源形态，不能登记为完整可插拔模块。,PVIEW334
N335,Applied Optoelectronics(AAOI),光引擎,器件,自主设计制造的光引擎组合激光器与光电二极管；未公开调制、MUX/DEMUX、驱动和 TIA 细节。,仅从指定分组的现有引语提取，未在本轮复核原文；公司/供应方主张与第三方摘录均不等于独立确认；目录非穷尽，原记录阶段不自动代表 2026-10-03 当前状态。,https://www.sec.gov/Archives/edgar/data/1158114/000143774926005875/aaoi20251231_10k.htm,P232,见对应 points 检索/判定日期；不等于产品发布日期,2026-10-03,,,核对光接口、电接口和安装基准。,按器件功能测损耗、增益、带宽或误差。,MBE 是激光器制造工艺线索，不能自动推断所有 800G 产品采用自产 DFB/EML。；本组没有全部模块目录和具体 SKU；光引擎工艺与模块实现不能无锚拼接。；公司池纳入理由不能替代产品说明书；需继续对齐型号、配置和阶段。；目录为当前官网列出的产品大类；具体800G/1.6T全SKU和内部BOM尚未公开归齐。；CPO/NPO条目属于平台/光引擎/光源形态，不能登记为完整可插拔模块。,PVIEW335
N336,四川光恒通信技术有限公司,无源组件,器件,无源组件制造能力；具体器件与 SKU 未列。,仅从指定分组的现有引语提取，未在本轮复核原文；公司/供应方主张与第三方摘录均不等于独立确认；目录非穷尽，原记录阶段不自动代表 2026-10-03 当前状态。,https://www.cnsunstar.com/,P241 | P242 | P243 | P244,见对应 points 检索/判定日期；不等于产品发布日期,2026-10-03,,,核对光接口、电接口和安装基准。,按器件功能测损耗、增益、带宽或误差。,引语为公司能力宣称，未列具体已销售产品型号、速率或客户验收；四条相近记录不是四份独立证据。；具体SKU订货信息多为图片，当前未取回料号；本轮未无限追溯订货表。；大型产品手册PDF12.3MB取回被工具拒绝，未作为已读来源。；DR4/FR4与LR4/ER4/ZR4合并页配置未逐型号配对；官网登记不证明量产。,PVIEW336
N337,四川光恒通信技术有限公司,OSA 光器件,器件,光学子组件制造能力；引语没有列 TOSA/ROSA/BOSA 具体产品。,仅从指定分组的现有引语提取，未在本轮复核原文；公司/供应方主张与第三方摘录均不等于独立确认；目录非穷尽，原记录阶段不自动代表 2026-10-03 当前状态。,https://www.cnsunstar.com/,P241 | P242 | P243 | P244,见对应 points 检索/判定日期；不等于产品发布日期,2026-10-03,,,核对光接口、电接口和安装基准。,按器件功能测损耗、增益、带宽或误差。,引语为公司能力宣称，未列具体已销售产品型号、速率或客户验收；四条相近记录不是四份独立证据。；具体SKU订货信息多为图片，当前未取回料号；本轮未无限追溯订货表。；大型产品手册PDF12.3MB取回被工具拒绝，未作为已读来源。；DR4/FR4与LR4/ER4/ZR4合并页配置未逐型号配对；官网登记不证明量产。,PVIEW337
N338,四川光恒通信技术有限公司,TO-CAN、COB、BOX、SMT 与精密加工,工艺与制造服务,精密机加工及 TO-CAN/COB/BOX/SMT 全链工艺能力；不视为独立对外售卖每种封装或制造服务的证明。,仅从指定分组的现有引语提取，未在本轮复核原文；公司/供应方主张与第三方摘录均不等于独立确认；目录非穷尽，原记录阶段不自动代表 2026-10-03 当前状态。,https://www.cnsunstar.com/,P241 | P242 | P243 | P244,见对应 points 检索/判定日期；不等于产品发布日期,2026-10-03,,,核对来料、在制品与交付件的要求。,核对受托步骤、验收规格和客户产品对应关系。,引语为公司能力宣称，未列具体已销售产品型号、速率或客户验收；四条相近记录不是四份独立证据。；具体SKU订货信息多为图片，当前未取回料号；本轮未无限追溯订货表。；大型产品手册PDF12.3MB取回被工具拒绝，未作为已读来源。；DR4/FR4与LR4/ER4/ZR4合并页配置未逐型号配对；官网登记不证明量产。,PVIEW338
N339,四川光恒通信技术有限公司,光电机械与自动化设计平台,工艺与制造服务,光路、机械、高频/热仿真、电路、FPC 与 IT 软件自动化设计平台。,仅从指定分组的现有引语提取，未在本轮复核原文；公司/供应方主张与第三方摘录均不等于独立确认；目录非穷尽，原记录阶段不自动代表 2026-10-03 当前状态。,https://www.cnsunstar.com/,P244,见对应 points 检索/判定日期；不等于产品发布日期,2026-10-03,,,核对来料、在制品与交付件的要求。,核对受托步骤、验收规格和客户产品对应关系。,引语为公司能力宣称，未列具体已销售产品型号、速率或客户验收；四条相近记录不是四份独立证据。；具体SKU订货信息多为图片，当前未取回料号；本轮未无限追溯订货表。；大型产品手册PDF12.3MB取回被工具拒绝，未作为已读来源。；DR4/FR4与LR4/ER4/ZR4合并页配置未逐型号配对；官网登记不证明量产。,PVIEW339
N340,武汉灿光光电有限公司,半导体激光器组件,器件,多波长半导体激光器组件；具体 DFB/EML/VCSEL 及规格未给。,仅从指定分组的现有引语提取，未在本轮复核原文；公司/供应方主张与第三方摘录均不等于独立确认；目录非穷尽，原记录阶段不自动代表 2026-10-03 当前状态。,https://c-fol.net/baike/content/2/1083.html,P249 | P250 | P251,见对应 points 检索/判定日期；不等于产品发布日期,2026-10-03,,,核对光接口、电接口和安装基准。,按器件功能测损耗、增益、带宽或误差。,产品表来自行业百科，项目来自第三方建设信息；本轮未以原厂资料独立核验。；购置共晶机/贴片机约 190 台套是客户采购设备，不是灿光自产设备产品。；新增 100 万件/年为两个产线合计项目规划，不是各产品当前有效产能或实际出货。,PVIEW340
N341,武汉灿光光电有限公司,探测器组件,器件,探测器组件；具体 PIN/APD、带宽与接收电路未给。,仅从指定分组的现有引语提取，未在本轮复核原文；公司/供应方主张与第三方摘录均不等于独立确认；目录非穷尽，原记录阶段不自动代表 2026-10-03 当前状态。,https://c-fol.net/baike/content/2/1083.html,P249 | P250 | P251,见对应 points 检索/判定日期；不等于产品发布日期,2026-10-03,,,核对光接口、电接口和安装基准。,按器件功能测损耗、增益、带宽或误差。,产品表来自行业百科，项目来自第三方建设信息；本轮未以原厂资料独立核验。；购置共晶机/贴片机约 190 台套是客户采购设备，不是灿光自产设备产品。；新增 100 万件/年为两个产线合计项目规划，不是各产品当前有效产能或实际出货。,PVIEW341
N342,武汉灿光光电有限公司,TOSA、ROSA、BOSA、TO-CAN 光器件,器件,发射/接收/双向子组件及 TO-CAN 器件大类，覆盖不同速率；具体型号与速率未列。,仅从指定分组的现有引语提取，未在本轮复核原文；公司/供应方主张与第三方摘录均不等于独立确认；目录非穷尽，原记录阶段不自动代表 2026-10-03 当前状态。,https://c-fol.net/baike/content/2/1083.html,P249 | P250 | P251,见对应 points 检索/判定日期；不等于产品发布日期,2026-10-03,,,核对光接口、电接口和安装基准。,按器件功能测损耗、增益、带宽或误差。,产品表来自行业百科，项目来自第三方建设信息；本轮未以原厂资料独立核验。；购置共晶机/贴片机约 190 台套是客户采购设备，不是灿光自产设备产品。；新增 100 万件/年为两个产线合计项目规划，不是各产品当前有效产能或实际出货。,PVIEW342
N343,武汉灿光光电有限公司,800G 光引擎生产项目,器件,建设项目拟建高速光引擎产线；光学、电处理与具体产品配置未给，不能判已量产。,仅从指定分组的现有引语提取，未在本轮复核原文；公司/供应方主张与第三方摘录均不等于独立确认；目录非穷尽，原记录阶段不自动代表 2026-10-03 当前状态。,https://dinggc.cbi360.net/project/4344689973874655232.html,P252,见对应 points 检索/判定日期；不等于产品发布日期,2026-10-03,,,核对光接口、电接口和安装基准。,按器件功能测损耗、增益、带宽或误差。,产品表来自行业百科，项目来自第三方建设信息；本轮未以原厂资料独立核验。；购置共晶机/贴片机约 190 台套是客户采购设备，不是灿光自产设备产品。；新增 100 万件/年为两个产线合计项目规划，不是各产品当前有效产能或实际出货。,PVIEW343
N344,武汉灿光光电有限公司,Combo PON 光器件生产项目,器件,建设项目列 Combo PON 光器件产线；器件结构、速率和项目落地状态未给。,仅从指定分组的现有引语提取，未在本轮复核原文；公司/供应方主张与第三方摘录均不等于独立确认；目录非穷尽，原记录阶段不自动代表 2026-10-03 当前状态。,https://dinggc.cbi360.net/project/4344689973874655232.html,P252,见对应 points 检索/判定日期；不等于产品发布日期,2026-10-03,,,核对光接口、电接口和安装基准。,按器件功能测损耗、增益、带宽或误差。,产品表来自行业百科，项目来自第三方建设信息；本轮未以原厂资料独立核验。；购置共晶机/贴片机约 190 台套是客户采购设备，不是灿光自产设备产品。；新增 100 万件/年为两个产线合计项目规划，不是各产品当前有效产能或实际出货。,PVIEW344
N345,珠海鼎泰芯源晶体有限公司,InP 单晶及衬底,材料,磷化铟单晶/衬底，应用于光纤通信、光探测器等；生长方法、晶圆尺寸与规格未给。,仅从指定分组的现有引语提取，未在本轮复核原文；公司/供应方主张与第三方摘录均不等于独立确认；目录非穷尽，原记录阶段不自动代表 2026-10-03 当前状态。,https://ir.p5w.net/(博杰股份2025-12-11互动易回复),P257,见对应 points 检索/判定日期；不等于产品发布日期,2026-10-03,,,查看材料进入哪道加工或装配工序。,核对尺寸、厚度、纯度、光学或热学参数；按实际材料选指标。,锚为博杰股份互动易回复的非精确链接，属于相关方披露；需原回复日期和正文锚。；国产化/领先是主张，不等于独立对比或规模交付证明；光纤通信属于 InP 应用，未证明具体模块供货。,PVIEW345
N346,珠海鼎泰芯源晶体有限公司,GaSb 单晶及衬底,材料,锑化镓单晶/衬底；本组未列具体用途与规格。,仅从指定分组的现有引语提取，未在本轮复核原文；公司/供应方主张与第三方摘录均不等于独立确认；目录非穷尽，原记录阶段不自动代表 2026-10-03 当前状态。,https://ir.p5w.net/(博杰股份2025-12-11互动易回复),P257,见对应 points 检索/判定日期；不等于产品发布日期,2026-10-03,,,查看材料进入哪道加工或装配工序。,核对尺寸、厚度、纯度、光学或热学参数；按实际材料选指标。,锚为博杰股份互动易回复的非精确链接，属于相关方披露；需原回复日期和正文锚。；国产化/领先是主张，不等于独立对比或规模交付证明；光纤通信属于 InP 应用，未证明具体模块供货。,PVIEW346
N347,德国罗森博格通讯有限公司,MTP/MPO OCTO 4+4 并行光布线,器件,并行光纤布线，适配多模 SR4 与单模 DR4/PSM4 应用；具体线缆 SKU 未给。,仅从指定分组的现有引语提取，未在本轮复核原文；公司/供应方主张与第三方摘录均不等于独立确认；目录非穷尽，原记录阶段不自动代表 2026-10-03 当前状态。,https://www.rosenberger.com/products/,P260,见对应 points 检索/判定日期；不等于产品发布日期,2026-10-03,,,核对光接口、电接口和安装基准。,按器件功能测损耗、增益、带宽或误差。,适配 SR4/DR4/PSM4 是连接方案应用，不证明公司制造对应收发模块或模块光源。；来源为产品总页锚，需精确产品子页与型号才能形成完整目录。,PVIEW347
N348,德国罗森博格通讯有限公司,LC-COMPACT、MDC、SN 连接方案,器件,现有引语列四通道粒度的连接方案；接口细分规格与具体应用对应未给。,仅从指定分组的现有引语提取，未在本轮复核原文；公司/供应方主张与第三方摘录均不等于独立确认；目录非穷尽，原记录阶段不自动代表 2026-10-03 当前状态。,https://www.rosenberger.com/products/,P260,见对应 points 检索/判定日期；不等于产品发布日期,2026-10-03,,,核对光接口、电接口和安装基准。,按器件功能测损耗、增益、带宽或误差。,适配 SR4/DR4/PSM4 是连接方案应用，不证明公司制造对应收发模块或模块光源。；来源为产品总页锚，需精确产品子页与型号才能形成完整目录。,PVIEW348
N349,波若威光纤通讯有限公司,PLC 分路器及模块,器件,PLC 平面光波导分路；具体通道数与工艺未给。,仅从指定分组的现有引语提取，未在本轮复核原文；公司/供应方主张与第三方摘录均不等于独立确认；目录非穷尽，原记录阶段不自动代表 2026-10-03 当前状态。,https://www.browave.com/uploads/images/113_Annual_Report(EN).pdf,P264,见对应 points 检索/判定日期；不等于产品发布日期,2026-10-03,,,核对光接口、电接口和安装基准。,按器件功能测损耗、增益、带宽或误差。,引语产品族与数通具体模块 SKU 未对齐；英文 integrated module 不可翻成高速收发模块。；原文目录大类并非截至今日完整目录或特定速率出货证明。,PVIEW349
N350,波若威光纤通讯有限公司,光耦合器及模块,器件,光耦合器；结构与分光比未给。,仅从指定分组的现有引语提取，未在本轮复核原文；公司/供应方主张与第三方摘录均不等于独立确认；目录非穷尽，原记录阶段不自动代表 2026-10-03 当前状态。,https://www.browave.com/uploads/images/113_Annual_Report(EN).pdf,P264,见对应 points 检索/判定日期；不等于产品发布日期,2026-10-03,,,核对光接口、电接口和安装基准。,按器件功能测损耗、增益、带宽或误差。,引语产品族与数通具体模块 SKU 未对齐；英文 integrated module 不可翻成高速收发模块。；原文目录大类并非截至今日完整目录或特定速率出货证明。,PVIEW350
N351,波若威光纤通讯有限公司,光纤阵列,器件,用于光收发器的光纤阵列；芯数、接口与适配速率未给。,仅从指定分组的现有引语提取，未在本轮复核原文；公司/供应方主张与第三方摘录均不等于独立确认；目录非穷尽，原记录阶段不自动代表 2026-10-03 当前状态。,https://www.browave.com/uploads/images/113_Annual_Report(EN).pdf,P264,见对应 points 检索/判定日期；不等于产品发布日期,2026-10-03,,,核对光接口、电接口和安装基准。,按器件功能测损耗、增益、带宽或误差。,引语产品族与数通具体模块 SKU 未对齐；英文 integrated module 不可翻成高速收发模块。；原文目录大类并非截至今日完整目录或特定速率出货证明。,PVIEW351
N352,波若威光纤通讯有限公司,集成模块,器件,无源光器件目录中的集成模块大类；不据此认定为 800G/1.6T 收发器。,仅从指定分组的现有引语提取，未在本轮复核原文；公司/供应方主张与第三方摘录均不等于独立确认；目录非穷尽，原记录阶段不自动代表 2026-10-03 当前状态。,https://www.browave.com/uploads/images/113_Annual_Report(EN).pdf,P265,见对应 points 检索/判定日期；不等于产品发布日期,2026-10-03,,,核对光接口、电接口和安装基准。,按器件功能测损耗、增益、带宽或误差。,引语产品族与数通具体模块 SKU 未对齐；英文 integrated module 不可翻成高速收发模块。；原文目录大类并非截至今日完整目录或特定速率出货证明。,PVIEW352
N353,波若威光纤通讯有限公司,GFF 增益平坦滤波器,器件,增益平坦滤波器；工艺与波段未给。,仅从指定分组的现有引语提取，未在本轮复核原文；公司/供应方主张与第三方摘录均不等于独立确认；目录非穷尽，原记录阶段不自动代表 2026-10-03 当前状态。,https://www.browave.com/uploads/images/113_Annual_Report(EN).pdf,P265,见对应 points 检索/判定日期；不等于产品发布日期,2026-10-03,,,核对光接口、电接口和安装基准。,按器件功能测损耗、增益、带宽或误差。,引语产品族与数通具体模块 SKU 未对齐；英文 integrated module 不可翻成高速收发模块。；原文目录大类并非截至今日完整目录或特定速率出货证明。,PVIEW353
N354,波若威光纤通讯有限公司,Hybrid device 混合器件,器件,混合器件产品名，具体组合与功能未给。,仅从指定分组的现有引语提取，未在本轮复核原文；公司/供应方主张与第三方摘录均不等于独立确认；目录非穷尽，原记录阶段不自动代表 2026-10-03 当前状态。,https://www.browave.com/uploads/images/113_Annual_Report(EN).pdf,P265,见对应 points 检索/判定日期；不等于产品发布日期,2026-10-03,,,核对光接口、电接口和安装基准。,按器件功能测损耗、增益、带宽或误差。,引语产品族与数通具体模块 SKU 未对齐；英文 integrated module 不可翻成高速收发模块。；原文目录大类并非截至今日完整目录或特定速率出货证明。,PVIEW354
N355,波若威光纤通讯有限公司,Inline isolator 在线隔离器,器件,在线光隔离器；结构、波段与规格未给。,仅从指定分组的现有引语提取，未在本轮复核原文；公司/供应方主张与第三方摘录均不等于独立确认；目录非穷尽，原记录阶段不自动代表 2026-10-03 当前状态。,https://www.browave.com/uploads/images/113_Annual_Report(EN).pdf,P265,见对应 points 检索/判定日期；不等于产品发布日期,2026-10-03,,,核对光接口、电接口和安装基准。,按器件功能测损耗、增益、带宽或误差。,引语产品族与数通具体模块 SKU 未对齐；英文 integrated module 不可翻成高速收发模块。；原文目录大类并非截至今日完整目录或特定速率出货证明。,PVIEW355
N356,顺络电子,高频通信磁珠,器件,高频磁珠；引语仅称可用于光模块，型号与实际导入未给。,仅从指定分组的现有引语提取，未在本轮复核原文；公司/供应方主张与第三方摘录均不等于独立确认；目录非穷尽，原记录阶段不自动代表 2026-10-03 当前状态。,https://static.cninfo.com.cn/finalpage/2026-07-31/1225449922.PDF,P268 | P269,见对应 points 检索/判定日期；不等于产品发布日期,2026-10-03,,,核对光接口、电接口和安装基准。,按器件功能测损耗、增益、带宽或误差。,可用于是适用能力，不能当作已完成光模块客户认证、导入或出货；两个重复引语不算独立交叉证明。,PVIEW356
N357,顺络电子,大电流磁珠,器件,大电流磁珠；规格与模块电源位置未给。,仅从指定分组的现有引语提取，未在本轮复核原文；公司/供应方主张与第三方摘录均不等于独立确认；目录非穷尽，原记录阶段不自动代表 2026-10-03 当前状态。,https://static.cninfo.com.cn/finalpage/2026-07-31/1225449922.PDF,P268 | P269,见对应 points 检索/判定日期；不等于产品发布日期,2026-10-03,,,核对光接口、电接口和安装基准。,按器件功能测损耗、增益、带宽或误差。,可用于是适用能力，不能当作已完成光模块客户认证、导入或出货；两个重复引语不算独立交叉证明。,PVIEW357
N358,顺络电子,功率电感,器件,功率电感；结构与规格未给。,仅从指定分组的现有引语提取，未在本轮复核原文；公司/供应方主张与第三方摘录均不等于独立确认；目录非穷尽，原记录阶段不自动代表 2026-10-03 当前状态。,https://static.cninfo.com.cn/finalpage/2026-07-31/1225449922.PDF,P268 | P269,见对应 points 检索/判定日期；不等于产品发布日期,2026-10-03,,,核对光接口、电接口和安装基准。,按器件功能测损耗、增益、带宽或误差。,可用于是适用能力，不能当作已完成光模块客户认证、导入或出货；两个重复引语不算独立交叉证明。,PVIEW358
N359,顺络电子,热敏电阻,器件,温度敏感电阻；类型与规格未给。,仅从指定分组的现有引语提取，未在本轮复核原文；公司/供应方主张与第三方摘录均不等于独立确认；目录非穷尽，原记录阶段不自动代表 2026-10-03 当前状态。,https://static.cninfo.com.cn/finalpage/2026-07-31/1225449922.PDF,P268 | P269,见对应 points 检索/判定日期；不等于产品发布日期,2026-10-03,,,核对光接口、电接口和安装基准。,按器件功能测损耗、增益、带宽或误差。,可用于是适用能力，不能当作已完成光模块客户认证、导入或出货；两个重复引语不算独立交叉证明。,PVIEW359
N360,顺络电子,陶瓷管壳,器件,陶瓷封装管壳；材料、结构与模块对应未给。,仅从指定分组的现有引语提取，未在本轮复核原文；公司/供应方主张与第三方摘录均不等于独立确认；目录非穷尽，原记录阶段不自动代表 2026-10-03 当前状态。,https://static.cninfo.com.cn/finalpage/2026-07-31/1225449922.PDF,P268 | P269,见对应 points 检索/判定日期；不等于产品发布日期,2026-10-03,,,核对光接口、电接口和安装基准。,按器件功能测损耗、增益、带宽或误差。,可用于是适用能力，不能当作已完成光模块客户认证、导入或出货；两个重复引语不算独立交叉证明。,PVIEW360
N361,顺络电子,陶瓷基板,器件,陶瓷基板；材料、制程与规格未给。,仅从指定分组的现有引语提取，未在本轮复核原文；公司/供应方主张与第三方摘录均不等于独立确认；目录非穷尽，原记录阶段不自动代表 2026-10-03 当前状态。,https://static.cninfo.com.cn/finalpage/2026-07-31/1225449922.PDF,P268 | P269,见对应 points 检索/判定日期；不等于产品发布日期,2026-10-03,,,核对光接口、电接口和安装基准。,按器件功能测损耗、增益、带宽或误差。,可用于是适用能力，不能当作已完成光模块客户认证、导入或出货；两个重复引语不算独立交叉证明。,PVIEW361
N362,MACOM,[线索] 高速驱动器；TIA；CW激光器；光电模拟器件,芯片 / 器件,高速驱动器、TIA、CW激光器与光电模拟器件方,现有公司池/观察理由线索；尚未逐产品核验,calls/universe.csv：MTSI，纳入理由；无逐产品原文锚,MTSI,公司池资料日期未标；不冒充产品发布日期,2026-10-03,,,分别核对供电、驱动/信号焊盘、光入口和光出口。 | 核对光接口、电接口和安装基准。,晶圆级或单芯片的电学、光学测试；装配后还需复测。 | 按器件功能测损耗、增益、带宽或误差。,公司池纳入理由不能替代产品说明书；需继续对齐型号、配置和阶段。,PVIEW362
N363,MACOM,448G PAM4调制器驱动器,芯片,MACOM宣布两款448G/lane PAM4调制器驱动器可获得,现有事件摘录；fact_assertion；器件可获得不等于下游模块量产,https://ir.macom.com/news-releases/news-release-details/macom-announces-two-new-448g-lane-drivers-32t-data-center/,ECL007 | D_MTSI_20260317_448G,2026-03-17,2026-10-03,,,分别核对供电、驱动/信号焊盘、光入口和光出口。,晶圆级或单芯片的电学、光学测试；装配后还需复测。,公司池纳入理由不能替代产品说明书；需继续对齐型号、配置和阶段。,PVIEW363
N364,Credo,[线索] SerDes、光DSP与AEC有源线缆,芯片 / 器件,非模块对象见标题；同一来源的上下文（包含其他对象，不自动归到本对象）：SerDes、AEC、光DSP与高速光收发器平台,现有公司池/观察理由线索；尚未逐产品核验,calls/universe.csv：CRDO，纳入理由；无逐产品原文锚,CRDO,公司池资料日期未标；不冒充产品发布日期,2026-10-03,,,分别核对供电、驱动/信号焊盘、光入口和光出口。 | 核对光接口、电接口和安装基准。,晶圆级或单芯片的电学、光学测试；装配后还需复测。 | 按器件功能测损耗、增益、带宽或误差。,公司池纳入理由不能替代产品说明书；需继续对齐型号、配置和阶段。；1.6T当前商品化阶段、具体DSP/PIC/激光实现仍缺SKU资料；不把Cardinal DSP送样或DustPhotonics收购等同模块量产。,PVIEW364
N365,Credo,ALC有源线缆、OmniConnect gearbox（与ZeroFlap同列于爬坡计划）,芯片 / 器件,非模块对象见标题；同一来源的上下文（包含其他对象，不自动归到本对象）：Credo把ZeroFlap Optics列入多产品未来爬坡计划,现有已审主张摘录；forward_looking；非本轮重新核验,https://investors.credosemi.com/news-events/news/news-details/2025/Credo-Technology-Group-Holding-Ltd-Reports-Second-Quarter-of-Fiscal-Year-2026-Financial-Results/default.aspx,CL074 | S_CRDO_2026Q2,2025-12-01,2026-10-03,,,分别核对供电、驱动/信号焊盘、光入口和光出口。 | 核对光接口、电接口和安装基准。,晶圆级或单芯片的电学、光学测试；装配后还需复测。 | 按器件功能测损耗、增益、带宽或误差。,公司池纳入理由不能替代产品说明书；需继续对齐型号、配置和阶段。；1.6T当前商品化阶段、具体DSP/PIC/激光实现仍缺SKU资料；不把Cardinal DSP送样或DustPhotonics收购等同模块量产。,PVIEW365
N366,Credo,Cardinal 1.6T光DSP,芯片,Credo称Cardinal 1.6T光DSP正在向主要客户送样,现有事件摘录；fact_assertion；上游DSP送样不等于1.6T光模块认证或量产,https://investors.credosemi.com/news-events/news/news-details/2026/Credo-Introduces-Cardinal-A-LowPower-1-6T-Optical-DSP-Family-Engineered-for-MassiveScale-AI-Fabrics/default.aspx,ECL018 | D_CRDO_20260317_CARDINAL,2026-03-17,2026-10-03,,,分别核对供电、驱动/信号焊盘、光入口和光出口。,晶圆级或单芯片的电学、光学测试；装配后还需复测。,公司池纳入理由不能替代产品说明书；需继续对齐型号、配置和阶段。；1.6T当前商品化阶段、具体DSP/PIC/激光实现仍缺SKU资料；不把Cardinal DSP送样或DustPhotonics收购等同模块量产。,PVIEW366
N367,MaxLinear,[线索] 200G TIA；PAM4 DSP,芯片,200G TIA与PAM4 DSP补足LPO和DSP路线,现有公司池/观察理由线索；尚未逐产品核验,calls/universe.csv：MXL，纳入理由；无逐产品原文锚,MXL,公司池资料日期未标；不冒充产品发布日期,2026-10-03,,,分别核对供电、驱动/信号焊盘、光入口和光出口。,晶圆级或单芯片的电学、光学测试；装配后还需复测。,公司池纳入理由不能替代产品说明书；需继续对齐型号、配置和阶段。,PVIEW367
N368,Jabil,[线索] 光模块设计制造服务,工艺与制造服务,非模块对象见标题；同一来源的上下文（包含其他对象，不自动归到本对象）：光模块设计制造与1.6T可插拔产品的制造交付观察方,现有公司池/观察理由线索；尚未逐产品核验,calls/universe.csv：JBL，纳入理由；无逐产品原文锚,JBL,公司池资料日期未标；不冒充产品发布日期,2026-10-03,,,核对来料、在制品与交付件的要求。,核对受托步骤、验收规格和客户产品对应关系。,公司池纳入理由不能替代产品说明书；需继续对齐型号、配置和阶段。；型号中的xx为原厂订购模式占位，不能伪造完整SKU。；平台/white-label与build-to-print服务分开；光源、DSP、接收BOM未逐SKU披露。,PVIEW368
N369,FormFactor,[线索] 硅光/CPO晶圆级测试与自动对准平台,设备,硅光与CPO晶圆级测试及自动对准平台,现有公司池/观察理由线索；尚未逐产品核验,calls/universe.csv：FORM，纳入理由；无逐产品原文锚,FORM,公司池资料日期未标；不冒充产品发布日期,2026-10-03,,,这里的接口是工件、夹具、探针和自动化接口。,核对处理材料、行程、精度、重复性和测试覆盖；不是模块性能指标。,公司池纳入理由不能替代产品说明书；需继续对齐型号、配置和阶段。,PVIEW369
N370,AXT,[线索] InP晶圆衬底；GaAs衬底；Ge衬底,材料,InP、GaAs与Ge衬底供给及出口许可观察方,现有公司池/观察理由线索；尚未逐产品核验,calls/universe.csv：AXTI，纳入理由；无逐产品原文锚,AXTI,公司池资料日期未标；不冒充产品发布日期,2026-10-03,,,查看材料进入哪道加工或装配工序。,核对尺寸、厚度、纯度、光学或热学参数；按实际材料选指标。,公司池纳入理由不能替代产品说明书；需继续对齐型号、配置和阶段。；InP（磷化铟）晶圆衬底：晶体缺陷、外延兼容参数、实际客户型号与认证、各尺寸产量未列。；GaAs（砷化镓）晶圆衬底：不同尺寸/掺杂和实际VCSEL产品的配对未列。,PVIEW370
N371,AXT,InP晶圆衬底,材料,AXT称与Lumentum签署InP晶圆供给和产能预留协议,现有事件摘录；fact_assertion；单方公告；不推导交付数量良率或Lumentum实际消耗,https://investors.axt.com/Investors/news/news-details/2026/AXT-Inc--Announces-Long-Term-Supplier-Agreement-with-Lumentum/default.aspx,ECL024 | D_AXTI_20260729_LITE,2026-07-29,2026-10-03,,,查看材料进入哪道加工或装配工序。,核对尺寸、厚度、纯度、光学或热学参数；按实际材料选指标。,公司池纳入理由不能替代产品说明书；需继续对齐型号、配置和阶段。；InP（磷化铟）晶圆衬底：晶体缺陷、外延兼容参数、实际客户型号与认证、各尺寸产量未列。；GaAs（砷化镓）晶圆衬底：不同尺寸/掺杂和实际VCSEL产品的配对未列。,PVIEW371
N372,AXT,InP（磷化铟）晶圆衬底,材料,光芯片制造的衬底材料。原厂列2/3/4/6英寸、不同掺杂选项，并将VGF（垂直梯度凝固）列为衬底晶体生长技术。具体尺寸与客户产线、激光器型号的对应尚未取得。,本轮原厂产品页核对；目录可用尺寸不等于各尺寸量产规模,https://www.axt.com/products,AXT-products-InP,页面未标；2026-10-03取回,2026-10-03,,,查看材料进入哪道加工或装配工序。,核对尺寸、厚度、纯度、光学或热学参数；按实际材料选指标。,公司池纳入理由不能替代产品说明书；需继续对齐型号、配置和阶段。；InP（磷化铟）晶圆衬底：晶体缺陷、外延兼容参数、实际客户型号与认证、各尺寸产量未列。；GaAs（砷化镓）晶圆衬底：不同尺寸/掺杂和实际VCSEL产品的配对未列。,PVIEW372
N373,AXT,GaAs（砷化镓）晶圆衬底,材料,原厂列1–8英寸多个尺寸、掺杂选项，应用包含VCSEL。Ge也在公司目录，但不能把Ge衬底自动当作硅光锗探测器材料来源。,本轮原厂产品页核对；具体光模块采用待证,https://www.axt.com/products,AXT-products-GaAs,页面未标；2026-10-03取回,2026-10-03,,,查看材料进入哪道加工或装配工序。,核对尺寸、厚度、纯度、光学或热学参数；按实际材料选指标。,公司池纳入理由不能替代产品说明书；需继续对齐型号、配置和阶段。；InP（磷化铟）晶圆衬底：晶体缺陷、外延兼容参数、实际客户型号与认证、各尺寸产量未列。；GaAs（砷化镓）晶圆衬底：不同尺寸/掺杂和实际VCSEL产品的配对未列。,PVIEW373
N374,GlobalFoundries,[线索] 硅光代工；SiGe代工；CPO工艺平台,工艺与制造服务,硅光代工、SiGe与CPO平台的设计到量产观察方,现有公司池/观察理由线索；尚未逐产品核验,calls/universe.csv：GFS，纳入理由；无逐产品原文锚,GFS,公司池资料日期未标；不冒充产品发布日期,2026-10-03,,,核对来料、在制品与交付件的要求。,核对受托步骤、验收规格和客户产品对应关系。,公司池纳入理由不能替代产品说明书；需继续对齐型号、配置和阶段。,PVIEW374
N375,Tower Semiconductor,[线索] 硅光代工；模拟混合信号代工,工艺与制造服务,SiPho与模拟混合信号代工及产能扩张观察方,现有公司池/观察理由线索；尚未逐产品核验,calls/universe.csv：TSEM，纳入理由；无逐产品原文锚,TSEM,公司池资料日期未标；不冒充产品发布日期,2026-10-03,,,核对来料、在制品与交付件的要求。,核对受托步骤、验收规格和客户产品对应关系。,公司池纳入理由不能替代产品说明书；需继续对齐型号、配置和阶段。,PVIEW375
N376,Semtech,[线索] 200G/lane PMD；TIA；驱动器,芯片,200G每通道PMD、TIA与驱动器平台观察方,现有公司池/观察理由线索；尚未逐产品核验,calls/universe.csv：SMTC，纳入理由；无逐产品原文锚,SMTC,公司池资料日期未标；不冒充产品发布日期,2026-10-03,,,分别核对供电、驱动/信号焊盘、光入口和光出口。,晶圆级或单芯片的电学、光学测试；装配后还需复测。,公司池纳入理由不能替代产品说明书；需继续对齐型号、配置和阶段。,PVIEW376
N377,ASMPT,[线索] 光子芯片贴装、耦合、键合和CPO装配设备,设备,光子芯片贴装、耦合、键合与CPO装配设备观察方,现有公司池/观察理由线索；尚未逐产品核验,calls/universe.csv：ASMPT，纳入理由；无逐产品原文锚,ASMPT,公司池资料日期未标；不冒充产品发布日期,2026-10-03,,,这里的接口是工件、夹具、探针和自动化接口。,核对处理材料、行程、精度、重复性和测试覆盖；不是模块性能指标。,公司池纳入理由不能替代产品说明书；需继续对齐型号、配置和阶段。,PVIEW377
N378,Soitec,[线索] Photonics-SOI材料平台,材料,Photonics-SOI材料平台与硅光底座需求观察方,现有公司池/观察理由线索；尚未逐产品核验,calls/universe.csv：SOI，纳入理由；无逐产品原文锚,SOI,公司池资料日期未标；不冒充产品发布日期,2026-10-03,,,查看材料进入哪道加工或装配工序。,核对尺寸、厚度、纯度、光学或热学参数；按实际材料选指标。,公司池纳入理由不能替代产品说明书；需继续对齐型号、配置和阶段。,PVIEW378
N379,Sumitomo Electric,[线索] InP激光器；FAU光纤阵列；光纤连接,芯片 / 器件,InP激光器、FAU与光纤连接的综合上游观察方,现有公司池/观察理由线索；尚未逐产品核验,calls/universe.csv：SUMITOMO，纳入理由；无逐产品原文锚,SUMITOMO,公司池资料日期未标；不冒充产品发布日期,2026-10-03,,,分别核对供电、驱动/信号焊盘、光入口和光出口。 | 核对光接口、电接口和安装基准。,晶圆级或单芯片的电学、光学测试；装配后还需复测。 | 按器件功能测损耗、增益、带宽或误差。,公司池纳入理由不能替代产品说明书；需继续对齐型号、配置和阶段。,PVIEW379
N380,Furukawa Electric,[线索] 光纤；激光器；数据中心光连接,材料 / 器件,光纤、激光器与数据中心光连接需求观察方,现有公司池/观察理由线索；尚未逐产品核验,calls/universe.csv：FURUKAWA，纳入理由；无逐产品原文锚,FURUKAWA,公司池资料日期未标；不冒充产品发布日期,2026-10-03,,,查看材料进入哪道加工或装配工序。 | 核对光接口、电接口和安装基准。,核对尺寸、厚度、纯度、光学或热学参数；按实际材料选指标。 | 按器件功能测损耗、增益、带宽或误差。,公司池纳入理由不能替代产品说明书；需继续对齐型号、配置和阶段。,PVIEW380
N381,POET Technologies,[线索] 晶圆级光引擎；1.6T产品线索,光引擎,晶圆级光引擎与1.6T商业化进度观察方,现有公司池/观察理由线索；尚未逐产品核验,calls/universe.csv：POET，纳入理由；无逐产品原文锚,POET,公司池资料日期未标；不冒充产品发布日期,2026-10-03,POET Teralight产品页列1.6T 2×FR4与DR8光引擎；发送端为InP-on-Silicon EML方案，内含驱动、监测光电二极管及热敏电阻；接收端含光电二极管和TIA。 | Teralight产品说明省去组件间引线键合和有源对准；FR4版本的发送合波器及接收分波器集成在光引擎内。 | POET平台说明在半导体晶圆上制作电互连及波导层，再倒装有源器件。其100G/400G光引擎工艺示例在8英寸晶圆上贴装器件及光纤块、测试、封盖密封后分割。,https://www.poet-technologies.com/products/poet-teralight | https://www.poet-technologies.com/products/poet-teralight | https://www.poet-technologies.com/technology,核对主芯片电连接、供光、光纤引出及散热接口。,组件性能测试后还需在主机系统中验证。,公司池纳入理由不能替代产品说明书；需继续对齐型号、配置和阶段。,PVIEW381
N382,POET Technologies,EOI光引擎,光引擎,POET称Lumilens下达价值5000万美元EOI光引擎初始采购订单,现有事件摘录；fact_assertion；第一方披露；不纳入可能超过5亿美元的五年前瞻采购额,https://www.poet-technologies.com/news/poet-technologies-reports-first-quarter-2026-financial-results,ECL031 | D_POET_20260514_LUMILENS,2026-05-14,2026-10-03,,,核对主芯片电连接、供光、光纤引出及散热接口。,组件性能测试后还需在主机系统中验证。,公司池纳入理由不能替代产品说明书；需继续对齐型号、配置和阶段。,PVIEW382
N383,Sivers Semiconductors,[线索] DFB激光器；CW激光器,芯片,DFB与CW激光器新进入者及商业化观察方,现有公司池/观察理由线索；尚未逐产品核验,calls/universe.csv：SIVERS，纳入理由；无逐产品原文锚,SIVERS,公司池资料日期未标；不冒充产品发布日期,2026-10-03,,,分别核对供电、驱动/信号焊盘、光入口和光出口。,晶圆级或单芯片的电学、光学测试；装配后还需复测。,公司池纳入理由不能替代产品说明书；需继续对齐型号、配置和阶段。,PVIEW383
N384,Sanmina,[线索] 光子设计、封装和制造服务；云AI基础设施交付,工艺与制造服务,光子设计封装制造与云AI基础设施交付观察方,现有公司池/观察理由线索；尚未逐产品核验,calls/universe.csv：SANM，纳入理由；无逐产品原文锚,SANM,公司池资料日期未标；不冒充产品发布日期,2026-10-03,,,核对来料、在制品与交付件的要求。,核对受托步骤、验收规格和客户产品对应关系。,公司池纳入理由不能替代产品说明书；需继续对齐型号、配置和阶段。；缺精确SKU、商品化/交付状态及完整电光规格；保留平台已知实现。,PVIEW384
N385,Sanmina,1.6T High-Density Transceiver Platform UNKNOWN（平台未公布SKU）,工艺与制造服务,1.6T总速率；lane/DSP未公开。；SiPh平台，光通道/PMD未列。；DSP/retiming实现未列。；SiPh with integrated lasers；集成方式、激光类型/数量未列。；未列。；PD/TIA未列。；高密平台；公司服务支持flip-chip、COB、MCM、SiP、CPO，未全部绑定此平台。；未公开。；未公开W值。；OFC 2026官方平台展示页；未证明客户量产采用。；对象边界：原厂资料主张；不等于独立测试或客户验收。；平台技术可确认；不把客户保留IP的JDM/代工业务整体写成Sanmina自有品牌模块。；产品名称和SiPh/integrated-laser路线已知；8×200G等lane配置不能仅凭1.6T推定。,制造服务/平台；本轮归集；原文复核范围见来源标题；来源定位：Sanmina OFC 2026 — 1.6T High-Density Transceiver Platform；Sanmina Communications Network Manufacturing — customer-owned IP,https://www.sanmina.com/optical-networking-ofc-2026/ | https://www.sanmina.com/industries/communications-networks-products-systems/,产品扩展:Sanmina,2026（活动页，具体发布日UNKNOWN）；UNKNOWN,2026-10-03,,,核对来料、在制品与交付件的要求。,核对受托步骤、验收规格和客户产品对应关系。,公司池纳入理由不能替代产品说明书；需继续对齐型号、配置和阶段。；缺精确SKU、商品化/交付状态及完整电光规格；保留平台已知实现。,PVIEW385
N386,Celestica,[线索] 制造交付服务,工艺与制造服务,非模块对象见标题；同一来源的上下文（包含其他对象，不自动归到本对象）：AI网络硬件制造与高速交换系统交付观察方,现有公司池/观察理由线索；尚未逐产品核验,calls/universe.csv：CLS，纳入理由；无逐产品原文锚,CLS,公司池资料日期未标；不冒充产品发布日期,2026-10-03,,,核对来料、在制品与交付件的要求。,核对受托步骤、验收规格和客户产品对应关系。,公司池纳入理由不能替代产品说明书；需继续对齐型号、配置和阶段。,PVIEW386
N387,Mycronic,[线索] 光通信芯片贴装机（die bonder）,设备,光通信die bonder订单与封装节拍领先指标,现有公司池/观察理由线索；尚未逐产品核验,calls/universe.csv：MYCRONIC，纳入理由；无逐产品原文锚,MYCRONIC,公司池资料日期未标；不冒充产品发布日期,2026-10-03,,,这里的接口是工件、夹具、探针和自动化接口。,核对处理材料、行程、精度、重复性和测试覆盖；不是模块性能指标。,公司池纳入理由不能替代产品说明书；需继续对齐型号、配置和阶段。,PVIEW387
N388,VIAVI,[线索] 1.6T测试与验证设备,设备,1.6T测试验证需求与量产测试卡点观察方,现有公司池/观察理由线索；尚未逐产品核验,calls/universe.csv：VIAV，纳入理由；无逐产品原文锚,VIAV,公司池资料日期未标；不冒充产品发布日期,2026-10-03,,,这里的接口是工件、夹具、探针和自动化接口。,核对处理材料、行程、精度、重复性和测试覆盖；不是模块性能指标。,公司池纳入理由不能替代产品说明书；需继续对齐型号、配置和阶段。,PVIEW388
N389,Corning,[线索] 光纤；无源光连接,材料 / 器件,AI数据中心光纤与无源连接需求观察方,现有公司池/观察理由线索；尚未逐产品核验,calls/universe.csv：GLW，纳入理由；无逐产品原文锚,GLW,公司池资料日期未标；不冒充产品发布日期,2026-10-03,,,查看材料进入哪道加工或装配工序。 | 核对光接口、电接口和安装基准。,核对尺寸、厚度、纯度、光学或热学参数；按实际材料选指标。 | 按器件功能测损耗、增益、带宽或误差。,公司池纳入理由不能替代产品说明书；需继续对齐型号、配置和阶段。,PVIEW389
N390,Lightwave Logic,[线索] 电光聚合物调制材料与调制器,材料 / 器件,电光聚合物调制器新材料路线与硅光集成商业化观察方,现有公司池/观察理由线索；尚未逐产品核验,calls/universe.csv：LWLG，纳入理由；无逐产品原文锚,LWLG,公司池资料日期未标；不冒充产品发布日期,2026-10-03,,,查看材料进入哪道加工或装配工序。 | 核对光接口、电接口和安装基准。,核对尺寸、厚度、纯度、光学或热学参数；按实际材料选指标。 | 按器件功能测损耗、增益、带宽或误差。,公司池纳入理由不能替代产品说明书；需继续对齐型号、配置和阶段。,PVIEW390
N391,Polariton Technologies,[线索] 等离激元调制器技术,器件 / 工艺与制造服务,Marvell已公告收购的等离激元调制技术主体,现有公司池/观察理由线索；尚未逐产品核验,https://www.marvell.com/company/newsroom/marvell-acquires-polariton-advancing-future-of-optical-connectivity.html,WATCH_POLARITON,公司池资料日期未标；不冒充产品发布日期,2026-10-03,,,核对光接口、电接口和安装基准。 | 核对来料、在制品与交付件的要求。,按器件功能测损耗、增益、带宽或误差。 | 核对受托步骤、验收规格和客户产品对应关系。,公司池纳入理由不能替代产品说明书；需继续对齐型号、配置和阶段。,PVIEW391
N392,Fujikura,[线索] 光纤；高密度光连接,材料 / 器件,光纤与高密度连接事件监控；最新英文季度直链覆盖不足,现有公司池/观察理由线索；尚未逐产品核验,https://www.fujikura.co.jp/eng/ir/,WATCH_FUJIKURA,公司池资料日期未标；不冒充产品发布日期,2026-10-03,,,查看材料进入哪道加工或装配工序。 | 核对光接口、电接口和安装基准。,核对尺寸、厚度、纯度、光学或热学参数；按实际材料选指标。 | 按器件功能测损耗、增益、带宽或误差。,公司池纳入理由不能替代产品说明书；需继续对齐型号、配置和阶段。,PVIEW392
N393,Mitsubishi Electric,[线索] EML激光器,芯片,EML产品与扩产事件监控；集团业绩无法分离光器件,现有公司池/观察理由线索；尚未逐产品核验,https://www.mitsubishielectric.com/investors/library/results/,WATCH_MELCO,公司池资料日期未标；不冒充产品发布日期,2026-10-03,,,分别核对供电、驱动/信号焊盘、光入口和光出口。,晶圆级或单芯片的电学、光学测试；装配后还需复测。,公司池纳入理由不能替代产品说明书；需继续对齐型号、配置和阶段。,PVIEW393
N394,ASE Technology,[线索] 硅光封装；OSAT封装测试服务,工艺与制造服务,硅光封装与OSAT能力事件监控；集团口径稀释,现有公司池/观察理由线索；尚未逐产品核验,https://ase.aseglobal.com/about-ase/financials/,WATCH_ASE,公司池资料日期未标；不冒充产品发布日期,2026-10-03,,,核对来料、在制品与交付件的要求。,核对受托步骤、验收规格和客户产品对应关系。,公司池纳入理由不能替代产品说明书；需继续对齐型号、配置和阶段。,PVIEW394
N395,SUSS MicroTec,[线索] 永久键合；异质集成设备,设备,永久键合与异质集成设备事件监控；未拆硅光经营口径,现有公司池/观察理由线索；尚未逐产品核验,https://www.suss.com/de/investor-relations/finanzberichte,WATCH_SUSS,公司池资料日期未标；不冒充产品发布日期,2026-10-03,,,这里的接口是工件、夹具、探针和自动化接口。,核对处理材料、行程、精度、重复性和测试覆盖；不是模块性能指标。,公司池纳入理由不能替代产品说明书；需继续对齐型号、配置和阶段。,PVIEW395
N396,Keysight,[线索] 224G与1.6T验证设备,设备,224G与1.6T验证产品及客户采用事件监控,现有公司池/观察理由线索；尚未逐产品核验,https://investor.keysight.com/financial-information/quarterly-reports/default.aspx,WATCH_KEYS,公司池资料日期未标；不冒充产品发布日期,2026-10-03,,,这里的接口是工件、夹具、探针和自动化接口。,核对处理材料、行程、精度、重复性和测试覆盖；不是模块性能指标。,公司池纳入理由不能替代产品说明书；需继续对齐型号、配置和阶段。,PVIEW396
N397,Freiberger Compound Materials,[线索] GaAs与InP衬底线索,材料,GaAs与InP衬底产品产能及客户事件监控,现有公司池/观察理由线索；尚未逐产品核验,https://freiberger.com/en/technology/,WATCH_FREIBERGER,公司池资料日期未标；不冒充产品发布日期,2026-10-03,,,查看材料进入哪道加工或装配工序。,核对尺寸、厚度、纯度、光学或热学参数；按实际材料选指标。,公司池纳入理由不能替代产品说明书；需继续对齐型号、配置和阶段。,PVIEW397
N398,NTT Innovative Devices,[线索] 相干DSP,芯片,相干DSP产品发布和合作事件监控,现有公司池/观察理由线索；尚未逐产品核验,https://www.ntt-innovative-devices.com/en/optical_communications/dsp_products.html,WATCH_NTTID,公司池资料日期未标；不冒充产品发布日期,2026-10-03,,,分别核对供电、驱动/信号焊盘、光入口和光出口。,晶圆级或单芯片的电学、光学测试；装配后还需复测。,公司池纳入理由不能替代产品说明书；需继续对齐型号、配置和阶段。,PVIEW398
N399,Fujitsu Optical Components,[线索] 光器件,器件,非模块对象见标题；同一来源的上下文（包含其他对象，不自动归到本对象）：相干收发器和光器件事件监控,现有公司池/观察理由线索；尚未逐产品核验,https://www.fujitsu.com/jp/group/foc/imagesgig5/FOC%20Product%20Line-up_20201202.pdf,WATCH_FUJITSUOC,公司池资料日期未标；不冒充产品发布日期,2026-10-03,,,核对光接口、电接口和安装基准。,按器件功能测损耗、增益、带宽或误差。,公司池纳入理由不能替代产品说明书；需继续对齐型号、配置和阶段。,PVIEW399
N400,OpenLight,[线索] 集成激光器硅光平台及PDK,工艺与制造服务,集成激光硅光平台PDK与量产事件监控,现有公司池/观察理由线索；尚未逐产品核验,https://openlightphotonics.com/,WATCH_OPENLIGHT,公司池资料日期未标；不冒充产品发布日期,2026-10-03,,,核对来料、在制品与交付件的要求。,核对受托步骤、验收规格和客户产品对应关系。,公司池纳入理由不能替代产品说明书；需继续对齐型号、配置和阶段。,PVIEW400
N401,Sicoya,[线索] 硅光芯片；收发组件,芯片 / 器件,硅光芯片和收发组件客户量产事件监控,现有公司池/观察理由线索；尚未逐产品核验,https://sicoya.com/en/silicon-photonic-components/,WATCH_SICOYA,公司池资料日期未标；不冒充产品发布日期,2026-10-03,,,分别核对供电、驱动/信号焊盘、光入口和光出口。 | 核对光接口、电接口和安装基准。,晶圆级或单芯片的电学、光学测试；装配后还需复测。 | 按器件功能测损耗、增益、带宽或误差。,公司池纳入理由不能替代产品说明书；需继续对齐型号、配置和阶段。,PVIEW401
N402,SCINTIL Photonics,[线索] 异质集成硅光路线；具体产品名待核,工艺与制造服务,异质集成硅光融资样片与量产事件监控,现有公司池/观察理由线索；尚未逐产品核验,https://www.scintil-photonics.com/,WATCH_SCINTIL,公司池资料日期未标；不冒充产品发布日期,2026-10-03,,,核对来料、在制品与交付件的要求。,核对受托步骤、验收规格和客户产品对应关系。,公司池纳入理由不能替代产品说明书；需继续对齐型号、配置和阶段。,PVIEW402
N403,Xscape Photonics,[线索] 多波长光引擎,光引擎,多波长光引擎样片客户和量产事件监控,现有公司池/观察理由线索；尚未逐产品核验,https://www.xscapephotonics.com/falconx,WATCH_XSCAPE,公司池资料日期未标；不冒充产品发布日期,2026-10-03,,,核对主芯片电连接、供光、光纤引出及散热接口。,组件性能测试后还需在主机系统中验证。,公司池纳入理由不能替代产品说明书；需继续对齐型号、配置和阶段。,PVIEW403
N404,Avicena,[线索] microLED光互连评估套件,光引擎,microLED光互联评估与量产事件监控,现有公司池/观察理由线索；尚未逐产品核验,https://avicena.tech/avicena-launches-the-worlds-first-microled-optical-interconnect-eval-kit/,WATCH_AVICENA,公司池资料日期未标；不冒充产品发布日期,2026-10-03,,,核对主芯片电连接、供光、光纤引出及散热接口。,组件性能测试后还需在主机系统中验证。,公司池纳入理由不能替代产品说明书；需继续对齐型号、配置和阶段。,PVIEW404
N405,Ayar Labs,[线索] 光I/O芯粒；外置光源,芯片 / 器件,光I/O芯粒外置光源样片客户与产能事件监控,现有公司池/观察理由线索；尚未逐产品核验,https://ayarlabs.com/news/ayar-labs-unveils-worlds-first-ucie-optical-chiplet-for-ai-scale-up-architectures/,WATCH_AYAR,公司池资料日期未标；不冒充产品发布日期,2026-10-03,,,分别核对供电、驱动/信号焊盘、光入口和光出口。 | 核对光接口、电接口和安装基准。,晶圆级或单芯片的电学、光学测试；装配后还需复测。 | 按器件功能测损耗、增益、带宽或误差。,公司池纳入理由不能替代产品说明书；需继续对齐型号、配置和阶段。,PVIEW405
N406,Ranovus,[线索] Odin CPO光引擎,光引擎,Odin CPO合作演示与量产迁移事件监控,现有公司池/观察理由线索；尚未逐产品核验,https://ranovus.com/wp-content/uploads/2024/03/Ranovus-CPO-3.0-MediaTek-announcement-March-20-2024-Final.pdf,WATCH_RANOVUS,公司池资料日期未标；不冒充产品发布日期,2026-10-03,Odin CPO 3.0的EPIC在一个芯片中集成TIA、driver、硅光调制器和探测器；其光学结构支持光纤及激光裸片在EPIC上的无源贴装。公告没有给出贴装机型号或精度。 | ODIN 8P采用GlobalFoundries 45SPCLO平台，在SOI上集成光子与45 nm RF-CMOS电路；同期公告将Odin 100G I/O明确对应GF Fotonix 300 mm平台。 | 该ODIN实例采用倒装结构和16根光纤的V槽无源贴装。图中展示EPIC、激光、V槽和贴好光纤的组件。 | 内置光源方案使用O波段DFB；设计支持激光先装焊、测试和老化，再贴装，并为机器视觉及光学对准提供结构。 | ODIN 8P演示采用图中ELS外置光源，Versal FPGA与光引擎相连，光纤作环回，电脑运行Xilinx IBERT + KP4 GUI；光输出观测支路标有Keysight DCA-M N1092A。 | 在106.25 Gb/s PAM4环回配置中，8路误码率约10^-7量级；发送测试表列8路TDECQ为1.00–1.57 dB。 | 2022 Odin 800G CPO 2.0与TE Connectivity CPx细间距插座中介层组合，公告称功能组件已插接到典型CPO封装基板并工作。 | 2024 MediaTek合作中的Odin CPO 3.0把100G TIA、驱动、硅光调制器和探测器集成在EPIC上，并支持光纤及激光裸片的无源贴装。 | 2025年Ranovus宣布与Jabil合作扩大ODIN光引擎制造；正文说明目标为大批量生产，配图标出CPO 3.0的800G与6.4T实现。,https://ranovus.com/wp-content/uploads/2024/03/Ranovus-CPO-3.0-MediaTek-announcement-March-20-2024-Final.pdf | https://www.hc34.hotchips.org/assets/program/conference/day1/Integration%20Technologies/HC2022.Ranovus.ChristophSchulien.v13.pdf | https://www.hc34.hotchips.org/assets/program/conference/day1/Integration%20Technologies/HC2022.Ranovus.ChristophSchulien.v13.pdf | https://www.hc34.hotchips.org/assets/program/conference/day1/Integration%20Technologies/HC2022.Ranovus.ChristophSchulien.v13.pdf | https://www.hc34.hotchips.org/assets/program/conference/day1/Integration%20Technologies/HC2022.Ranovus.ChristophSchulien.v13.pdf | https://www.hc34.hotchips.org/assets/program/conference/day1/Integration%20Technologies/HC2022.Ranovus.ChristophSchulien.v13.pdf | https://ranovus.com/wp-content/uploads/2022/03/TE-Ranovus-Press-Release-OFC-2022-FINAL-V5.0.pdf | https://ranovus.com/wp-content/uploads/2024/03/Ranovus-CPO-3.0-MediaTek-announcement-March-20-2024-Final.pdf | https://ranovus.com/ranovus-collaborates-with-jabil/,核对主芯片电连接、供光、光纤引出及散热接口。,组件性能测试后还需在主机系统中验证。,公司池纳入理由不能替代产品说明书；需继续对齐型号、配置和阶段。,PVIEW406
N407,Molex,[线索] CPO光连接,器件,非模块对象见标题；同一来源的上下文（包含其他对象，不自动归到本对象）：CPO连接与光路交换新品并购事件监控,现有公司池/观察理由线索；尚未逐产品核验,https://www.molex.com/en-us/news/molex-accelerates-ai-cluster-deployment-with-one-stop-optical-interconnect-architecture-and-debut-of-high-radix-optical-circuit-switch-platform,WATCH_MOLEX,公司池资料日期未标；不冒充产品发布日期,2026-10-03,,,核对光接口、电接口和安装基准。,按器件功能测损耗、增益、带宽或误差。,公司池纳入理由不能替代产品说明书；需继续对齐型号、配置和阶段。,PVIEW407
N408,SENKO Advanced Components,[线索] 高密度光连接产品,器件,高密度光连接产品合作与采用事件监控,现有公司池/观察理由线索；尚未逐产品核验,https://www.senko.com/mpc-series/,WATCH_SENKO,公司池资料日期未标；不冒充产品发布日期,2026-10-03,,,核对光接口、电接口和安装基准。,按器件功能测损耗、增益、带宽或误差。,公司池纳入理由不能替代产品说明书；需继续对齐型号、配置和阶段。,PVIEW408
N409,Teramount,[线索] PhotonicPlug光纤连接产品,器件,PhotonicPlug产品及Molex拟收购状态事件监控,现有公司池/观察理由线索；尚未逐产品核验,https://www.molex.com/en-us/news/molex-completes-acquisition-of-teramount-ltd,WATCH_TERAMOUNT,公司池资料日期未标；不冒充产品发布日期,2026-10-03,,,核对光接口、电接口和安装基准。,按器件功能测损耗、增益、带宽或误差。,公司池纳入理由不能替代产品说明书；需继续对齐型号、配置和阶段。,PVIEW409
N410,ficonTEC,[线索] 光子装配和测试自动化设备,设备,光子装配测试自动化订单事件监控,现有公司池/观察理由线索；尚未逐产品核验,https://www.ficontec.com/,WATCH_FICONTEC,公司池资料日期未标；不冒充产品发布日期,2026-10-03,,,这里的接口是工件、夹具、探针和自动化接口。,核对处理材料、行程、精度、重复性和测试覆盖；不是模块性能指标。,公司池纳入理由不能替代产品说明书；需继续对齐型号、配置和阶段。；ASSEMBLYLINE光子组装设备：设备按工件定制；未取得某模块SKU的实际设备配置、节拍或良率。；TESTLINE芯片级光电测试设备：实际探针、光纤夹具、仪表组合、判定阈值与产线配置未取得。；WAFER TESTLINE晶圆级光电测试设备：具体客户晶圆、器件设计、覆盖率与测试节拍未取得。,PVIEW410
N411,ficonTEC,ASSEMBLYLINE光子组装设备,设备,对光学元件、光纤与芯片/PIC进行精密对准和固定；可配置胶粘、共晶键合、激光焊接。厂商说明旧BONDLINE/FIBERLINE自2022Q2并入此产品线。,本轮原厂产品线页面核对,https://www.ficontec.com/machine-platforms/,ficonTEC-ASSEMBLYLINE,页面未标；2026-10-03取回,2026-10-03,,,这里的接口是工件、夹具、探针和自动化接口。,核对处理材料、行程、精度、重复性和测试覆盖；不是模块性能指标。,公司池纳入理由不能替代产品说明书；需继续对齐型号、配置和阶段。；ASSEMBLYLINE光子组装设备：设备按工件定制；未取得某模块SKU的实际设备配置、节拍或良率。；TESTLINE芯片级光电测试设备：实际探针、光纤夹具、仪表组合、判定阈值与产线配置未取得。；WAFER TESTLINE晶圆级光电测试设备：具体客户晶圆、器件设计、覆盖率与测试节拍未取得。,PVIEW411
N412,ficonTEC,TESTLINE芯片级光电测试设备,设备,对切割后的光电器件/PIC做DC、RF、光学测试，也可做激光器LIV、光谱和近/远场表征。测试任务与模块最终误码率测试不能混作一项。,本轮原厂产品线页面核对,https://www.ficontec.com/machine-platforms/,ficonTEC-TESTLINE,页面未标；2026-10-03取回,2026-10-03,,,这里的接口是工件、夹具、探针和自动化接口。,核对处理材料、行程、精度、重复性和测试覆盖；不是模块性能指标。,公司池纳入理由不能替代产品说明书；需继续对齐型号、配置和阶段。；ASSEMBLYLINE光子组装设备：设备按工件定制；未取得某模块SKU的实际设备配置、节拍或良率。；TESTLINE芯片级光电测试设备：实际探针、光纤夹具、仪表组合、判定阈值与产线配置未取得。；WAFER TESTLINE晶圆级光电测试设备：具体客户晶圆、器件设计、覆盖率与测试节拍未取得。,PVIEW412
N413,ficonTEC,WAFER TESTLINE晶圆级光电测试设备,设备,面向未切割PIC的晶圆级DC、RF和光学测试；可重配探针/晶圆布局，支持多项目晶圆，并区分边缘及垂直光接口对准。,本轮原厂产品线页面核对,https://www.ficontec.com/machine-platforms/,ficonTEC-WAFER-TESTLINE,页面未标；2026-10-03取回,2026-10-03,,,这里的接口是工件、夹具、探针和自动化接口。,核对处理材料、行程、精度、重复性和测试覆盖；不是模块性能指标。,公司池纳入理由不能替代产品说明书；需继续对齐型号、配置和阶段。；ASSEMBLYLINE光子组装设备：设备按工件定制；未取得某模块SKU的实际设备配置、节拍或良率。；TESTLINE芯片级光电测试设备：实际探针、光纤夹具、仪表组合、判定阈值与产线配置未取得。；WAFER TESTLINE晶圆级光电测试设备：具体客户晶圆、器件设计、覆盖率与测试节拍未取得。,PVIEW413
N414,PI,[线索] 光子自动对准系统,设备,光子对准产品和订单事件监控,现有公司池/观察理由线索；尚未逐产品核验,https://www.pi-usa.us/en/products/photonics-alignment-solutions,WATCH_PI,公司池资料日期未标；不冒充产品发布日期,2026-10-03,,,这里的接口是工件、夹具、探针和自动化接口。,核对处理材料、行程、精度、重复性和测试覆盖；不是模块性能指标。,公司池纳入理由不能替代产品说明书；需继续对齐型号、配置和阶段。,PVIEW414
N415,EV Group,[线索] die-to-wafer键合系统,设备,die-to-wafer键合及异质集成事件监控,现有公司池/观察理由线索；尚未逐产品核验,https://www.evgroup.com/fileadmin/media/products/bonding/Die_to_Wafer_bonding_systems/White_Paper_D2W_Bonding.pdf,WATCH_EVG,公司池资料日期未标；不冒充产品发布日期,2026-10-03,,,这里的接口是工件、夹具、探针和自动化接口。,核对处理材料、行程、精度、重复性和测试覆盖；不是模块性能指标。,公司池纳入理由不能替代产品说明书；需继续对齐型号、配置和阶段。,PVIEW415
N416,EXFO,[线索] 800G实验室与制造测试产品,设备,800G实验室与制造测试产品采用事件监控,现有公司池/观察理由线索；尚未逐产品核验,https://www.exfo.com/en/products/lab-manufacturing-testing/network-protocol-testing/ethernet-testing/ftbx-88800-series/,WATCH_EXFO,公司池资料日期未标；不冒充产品发布日期,2026-10-03,,,这里的接口是工件、夹具、探针和自动化接口。,核对处理材料、行程、精度、重复性和测试覆盖；不是模块性能指标。,公司池纳入理由不能替代产品说明书；需继续对齐型号、配置和阶段。,PVIEW416
N417,Microchip,[线索] 高速Ethernet PHY；PCIe/CXL retimer,芯片,高速Ethernet PHY与PCIe/CXL retimer电侧连接事件监控,现有公司池/观察理由线索；尚未逐产品核验,https://ir.microchip.com/news-events/press-releases/detail/1409/microchip-technology-announces-financial-results-for-first-quarter-of-fiscal-year-2027,WATCH_MCHP,公司池资料日期未标；不冒充产品发布日期,2026-10-03,,,分别核对供电、驱动/信号焊盘、光入口和光出口。,晶圆级或单芯片的电学、光学测试；装配后还需复测。,公司池纳入理由不能替代产品说明书；需继续对齐型号、配置和阶段。,PVIEW417
