记录ID,公司,产品配置,型号或版本,环节,主张或待补项,判断状态,来源定位,产品资料日期,核对日期,成熟阶段,对象边界
R01,中际旭创 / InnoLight,800G-2xFR4 OSFP112,UNKNOWN（新官网未列P/N）,01 主机电接口,8 × 100G PAM4,厂商直接披露,https://www.innolight.com/data-center-networking/800g-osfp112 | 800G-2xFR4 OSFP112段，web行49–50,UNKNOWN（产品页无日期）,2026-10-03,当前官网产品目录列示；精确配置量产/送样阶段UNKNOWN,产品页/规格书
R01,中际旭创 / InnoLight,800G-2xFR4 OSFP112,UNKNOWN（新官网未列P/N）,02 PCB与电连接,待提取：本稿尚未取得该环节专项资料；不能据此断言厂商未披露,未提取/待检索,,UNKNOWN（产品页无日期）,2026-10-03,当前官网产品目录列示；精确配置量产/送样阶段UNKNOWN,产品页/规格书
R01,中际旭创 / InnoLight,800G-2xFR4 OSFP112,UNKNOWN（新官网未列P/N）,03 电处理,UNKNOWN（此当前产品页未披露DSP/CDR、不能合并2023年5nm版本）,UNKNOWN,https://www.innolight.com/data-center-networking/800g-osfp112 | 800G-2xFR4 OSFP112段，web行49–50,UNKNOWN（产品页无日期）,2026-10-03,当前官网产品目录列示；精确配置量产/送样阶段UNKNOWN,产品页/规格书
R01,中际旭创 / InnoLight,800G-2xFR4 OSFP112,UNKNOWN（新官网未列P/N）,04 驱动,待提取：本稿尚未取得该环节专项资料；不能据此断言厂商未披露,未提取/待检索,,UNKNOWN（产品页无日期）,2026-10-03,当前官网产品目录列示；精确配置量产/送样阶段UNKNOWN,产品页/规格书
R01,中际旭创 / InnoLight,800G-2xFR4 OSFP112,UNKNOWN（新官网未列P/N）,05 发光与调制,EML,厂商直接披露,https://www.innolight.com/data-center-networking/800g-osfp112 | 800G-2xFR4 OSFP112段，web行49–50,UNKNOWN（产品页无日期）,2026-10-03,当前官网产品目录列示；精确配置量产/送样阶段UNKNOWN,产品页/规格书
R01,中际旭创 / InnoLight,800G-2xFR4 OSFP112,UNKNOWN（新官网未列P/N）,06 载体与芯片互连,待提取：本稿尚未取得该环节专项资料；不能据此断言厂商未披露,未提取/待检索,,UNKNOWN（产品页无日期）,2026-10-03,当前官网产品目录列示；精确配置量产/送样阶段UNKNOWN,产品页/规格书
R01,中际旭创 / InnoLight,800G-2xFR4 OSFP112,UNKNOWN（新官网未列P/N）,07 发射耦合,待提取：本稿尚未取得该环节专项资料；不能据此断言厂商未披露,未提取/待检索,,UNKNOWN（产品页无日期）,2026-10-03,当前官网产品目录列示；精确配置量产/送样阶段UNKNOWN,产品页/规格书
R01,中际旭创 / InnoLight,800G-2xFR4 OSFP112,UNKNOWN（新官网未列P/N）,08 合波,2 sets × 4 CWDM lanes MUX/DEMUX，具体AWG/薄膜类型UNKNOWN,部分披露/有保留,https://www.innolight.com/data-center-networking/800g-osfp112 | 800G-2xFR4 OSFP112段，web行49–50,UNKNOWN（产品页无日期）,2026-10-03,当前官网产品目录列示；精确配置量产/送样阶段UNKNOWN,产品页/规格书
R01,中际旭创 / InnoLight,800G-2xFR4 OSFP112,UNKNOWN（新官网未列P/N）,09 外部光接口,两组4 CWDM光通道；距离：2km SMF；光纤接口见封装字段：OSFP112；连接器UNKNOWN,部分披露/有保留,https://www.innolight.com/data-center-networking/800g-osfp112 | 800G-2xFR4 OSFP112段，web行49–50,UNKNOWN（产品页无日期）,2026-10-03,当前官网产品目录列示；精确配置量产/送样阶段UNKNOWN,产品页/规格书
R01,中际旭创 / InnoLight,800G-2xFR4 OSFP112,UNKNOWN（新官网未列P/N）,10 分波,2 sets × 4 CWDM lanes MUX/DEMUX，具体AWG/薄膜类型UNKNOWN,部分披露/有保留,https://www.innolight.com/data-center-networking/800g-osfp112 | 800G-2xFR4 OSFP112段，web行49–50,UNKNOWN（产品页无日期）,2026-10-03,当前官网产品目录列示；精确配置量产/送样阶段UNKNOWN,产品页/规格书
R01,中际旭创 / InnoLight,800G-2xFR4 OSFP112,UNKNOWN（新官网未列P/N）,11 接收耦合,待提取：本稿尚未取得该环节专项资料；不能据此断言厂商未披露,未提取/待检索,,UNKNOWN（产品页无日期）,2026-10-03,当前官网产品目录列示；精确配置量产/送样阶段UNKNOWN,产品页/规格书
R01,中际旭创 / InnoLight,800G-2xFR4 OSFP112,UNKNOWN（新官网未列P/N）,12 探测器,UNKNOWN（探测器与接收放大联合披露，未给出部分保持UNKNOWN）,UNKNOWN,https://www.innolight.com/data-center-networking/800g-osfp112 | 800G-2xFR4 OSFP112段，web行49–50,UNKNOWN（产品页无日期）,2026-10-03,当前官网产品目录列示；精确配置量产/送样阶段UNKNOWN,产品页/规格书
R01,中际旭创 / InnoLight,800G-2xFR4 OSFP112,UNKNOWN（新官网未列P/N）,13 接收放大,UNKNOWN（探测器与接收放大联合披露，未给出部分保持UNKNOWN）,UNKNOWN,https://www.innolight.com/data-center-networking/800g-osfp112 | 800G-2xFR4 OSFP112段，web行49–50,UNKNOWN（产品页无日期）,2026-10-03,当前官网产品目录列示；精确配置量产/送样阶段UNKNOWN,产品页/规格书
R01,中际旭创 / InnoLight,800G-2xFR4 OSFP112,UNKNOWN（新官网未列P/N）,14 控制,CMIS 5.x管理接口；MCU芯片及内部实现未取得,部分披露；具体边界见主张,https://www.innolight.com/data-center-networking/800g-osfp112 | 800G-2xFR4 OSFP112段，web行49–50,UNKNOWN（产品页无日期）,2026-10-03,当前官网产品目录列示；精确配置量产/送样阶段UNKNOWN,产品页/规格书
R01,中际旭创 / InnoLight,800G-2xFR4 OSFP112,UNKNOWN（新官网未列P/N）,15 非易失存储,待提取：本稿尚未取得该环节专项资料；不能据此断言厂商未披露,未提取/待检索,,UNKNOWN（产品页无日期）,2026-10-03,当前官网产品目录列示；精确配置量产/送样阶段UNKNOWN,产品页/规格书
R01,中际旭创 / InnoLight,800G-2xFR4 OSFP112,UNKNOWN（新官网未列P/N）,16 电源,待提取：本稿尚未取得该环节专项资料；不能据此断言厂商未披露,未提取/待检索,,UNKNOWN（产品页无日期）,2026-10-03,当前官网产品目录列示；精确配置量产/送样阶段UNKNOWN,产品页/规格书
R01,中际旭创 / InnoLight,800G-2xFR4 OSFP112,UNKNOWN（新官网未列P/N）,17 时钟,待提取：本稿尚未取得该环节专项资料；不能据此断言厂商未披露,未提取/待检索,,UNKNOWN（产品页无日期）,2026-10-03,当前官网产品目录列示；精确配置量产/送样阶段UNKNOWN,产品页/规格书
R01,中际旭创 / InnoLight,800G-2xFR4 OSFP112,UNKNOWN（新官网未列P/N）,18 无源电子件,待提取：本稿尚未取得该环节专项资料；不能据此断言厂商未披露,未提取/待检索,,UNKNOWN（产品页无日期）,2026-10-03,当前官网产品目录列示；精确配置量产/送样阶段UNKNOWN,产品页/规格书
R01,中际旭创 / InnoLight,800G-2xFR4 OSFP112,UNKNOWN（新官网未列P/N）,19 热管理,UNKNOWN；0–70°C；散热结构与材料未取得,部分披露；具体边界见主张,https://www.innolight.com/data-center-networking/800g-osfp112 | 800G-2xFR4 OSFP112段，web行49–50,UNKNOWN（产品页无日期）,2026-10-03,当前官网产品目录列示；精确配置量产/送样阶段UNKNOWN,产品页/规格书
R01,中际旭创 / InnoLight,800G-2xFR4 OSFP112,UNKNOWN（新官网未列P/N）,20 总体封装,OSFP112；连接器UNKNOWN,部分披露/有保留,https://www.innolight.com/data-center-networking/800g-osfp112 | 800G-2xFR4 OSFP112段，web行49–50,UNKNOWN（产品页无日期）,2026-10-03,当前官网产品目录列示；精确配置量产/送样阶段UNKNOWN,产品页/规格书
R02,中际旭创 / InnoLight,800G-DR8 OSFP112,UNKNOWN,01 主机电接口,8 × 100G PAM4,厂商直接披露,https://www.innolight.com/data-center-networking/800g-osfp112 | 800G-DR8 OSFP112段，web行59–60,UNKNOWN,2026-10-03,当前官网列示；量产阶段UNKNOWN,产品页/规格书
R02,中际旭创 / InnoLight,800G-DR8 OSFP112,UNKNOWN,02 PCB与电连接,待提取：本稿尚未取得该环节专项资料；不能据此断言厂商未披露,未提取/待检索,,UNKNOWN,2026-10-03,当前官网列示；量产阶段UNKNOWN,产品页/规格书
R02,中际旭创 / InnoLight,800G-DR8 OSFP112,UNKNOWN,03 电处理,UNKNOWN,UNKNOWN,https://www.innolight.com/data-center-networking/800g-osfp112 | 800G-DR8 OSFP112段，web行59–60,UNKNOWN,2026-10-03,当前官网列示；量产阶段UNKNOWN,产品页/规格书
R02,中际旭创 / InnoLight,800G-DR8 OSFP112,UNKNOWN,04 驱动,待提取：本稿尚未取得该环节专项资料；不能据此断言厂商未披露,未提取/待检索,,UNKNOWN,2026-10-03,当前官网列示；量产阶段UNKNOWN,产品页/规格书
R02,中际旭创 / InnoLight,800G-DR8 OSFP112,UNKNOWN,05 发光与调制,UNKNOWN；不由公司EML/硅光平台能力推入此配置,UNKNOWN,https://www.innolight.com/data-center-networking/800g-osfp112 | 800G-DR8 OSFP112段，web行59–60,UNKNOWN,2026-10-03,当前官网列示；量产阶段UNKNOWN,产品页/规格书
R02,中际旭创 / InnoLight,800G-DR8 OSFP112,UNKNOWN,06 载体与芯片互连,待提取：本稿尚未取得该环节专项资料；不能据此断言厂商未披露,未提取/待检索,,UNKNOWN,2026-10-03,当前官网列示；量产阶段UNKNOWN,产品页/规格书
R02,中际旭创 / InnoLight,800G-DR8 OSFP112,UNKNOWN,07 发射耦合,待提取：本稿尚未取得该环节专项资料；不能据此断言厂商未披露,未提取/待检索,,UNKNOWN,2026-10-03,当前官网列示；量产阶段UNKNOWN,产品页/规格书
R02,中际旭创 / InnoLight,800G-DR8 OSFP112,UNKNOWN,08 合波,页面明确并行光通道；未列WDM MUX/DEMUX；不可补光学内部BOM,部分披露/有保留,https://www.innolight.com/data-center-networking/800g-osfp112 | 800G-DR8 OSFP112段，web行59–60,UNKNOWN,2026-10-03,当前官网列示；量产阶段UNKNOWN,产品页/规格书
R02,中际旭创 / InnoLight,800G-DR8 OSFP112,UNKNOWN,09 外部光接口,8 × 100G PAM4 parallel；距离：500m SMF；光纤接口见封装字段：OSFP112 / MPO16/APC,厂商直接披露,https://www.innolight.com/data-center-networking/800g-osfp112 | 800G-DR8 OSFP112段，web行59–60,UNKNOWN,2026-10-03,当前官网列示；量产阶段UNKNOWN,产品页/规格书
R02,中际旭创 / InnoLight,800G-DR8 OSFP112,UNKNOWN,10 分波,页面明确并行光通道；未列WDM MUX/DEMUX；不可补光学内部BOM,部分披露/有保留,https://www.innolight.com/data-center-networking/800g-osfp112 | 800G-DR8 OSFP112段，web行59–60,UNKNOWN,2026-10-03,当前官网列示；量产阶段UNKNOWN,产品页/规格书
R02,中际旭创 / InnoLight,800G-DR8 OSFP112,UNKNOWN,11 接收耦合,待提取：本稿尚未取得该环节专项资料；不能据此断言厂商未披露,未提取/待检索,,UNKNOWN,2026-10-03,当前官网列示；量产阶段UNKNOWN,产品页/规格书
R02,中际旭创 / InnoLight,800G-DR8 OSFP112,UNKNOWN,12 探测器,UNKNOWN（探测器与接收放大联合披露，未给出部分保持UNKNOWN）,UNKNOWN,https://www.innolight.com/data-center-networking/800g-osfp112 | 800G-DR8 OSFP112段，web行59–60,UNKNOWN,2026-10-03,当前官网列示；量产阶段UNKNOWN,产品页/规格书
R02,中际旭创 / InnoLight,800G-DR8 OSFP112,UNKNOWN,13 接收放大,UNKNOWN（探测器与接收放大联合披露，未给出部分保持UNKNOWN）,UNKNOWN,https://www.innolight.com/data-center-networking/800g-osfp112 | 800G-DR8 OSFP112段，web行59–60,UNKNOWN,2026-10-03,当前官网列示；量产阶段UNKNOWN,产品页/规格书
R02,中际旭创 / InnoLight,800G-DR8 OSFP112,UNKNOWN,14 控制,CMIS 5.x管理接口；MCU芯片及内部实现未取得,部分披露；具体边界见主张,https://www.innolight.com/data-center-networking/800g-osfp112 | 800G-DR8 OSFP112段，web行59–60,UNKNOWN,2026-10-03,当前官网列示；量产阶段UNKNOWN,产品页/规格书
R02,中际旭创 / InnoLight,800G-DR8 OSFP112,UNKNOWN,15 非易失存储,待提取：本稿尚未取得该环节专项资料；不能据此断言厂商未披露,未提取/待检索,,UNKNOWN,2026-10-03,当前官网列示；量产阶段UNKNOWN,产品页/规格书
R02,中际旭创 / InnoLight,800G-DR8 OSFP112,UNKNOWN,16 电源,待提取：本稿尚未取得该环节专项资料；不能据此断言厂商未披露,未提取/待检索,,UNKNOWN,2026-10-03,当前官网列示；量产阶段UNKNOWN,产品页/规格书
R02,中际旭创 / InnoLight,800G-DR8 OSFP112,UNKNOWN,17 时钟,待提取：本稿尚未取得该环节专项资料；不能据此断言厂商未披露,未提取/待检索,,UNKNOWN,2026-10-03,当前官网列示；量产阶段UNKNOWN,产品页/规格书
R02,中际旭创 / InnoLight,800G-DR8 OSFP112,UNKNOWN,18 无源电子件,待提取：本稿尚未取得该环节专项资料；不能据此断言厂商未披露,未提取/待检索,,UNKNOWN,2026-10-03,当前官网列示；量产阶段UNKNOWN,产品页/规格书
R02,中际旭创 / InnoLight,800G-DR8 OSFP112,UNKNOWN,19 热管理,UNKNOWN；0–70°C；散热结构与材料未取得,部分披露；具体边界见主张,https://www.innolight.com/data-center-networking/800g-osfp112 | 800G-DR8 OSFP112段，web行59–60,UNKNOWN,2026-10-03,当前官网列示；量产阶段UNKNOWN,产品页/规格书
R02,中际旭创 / InnoLight,800G-DR8 OSFP112,UNKNOWN,20 总体封装,OSFP112 / MPO16/APC,厂商直接披露,https://www.innolight.com/data-center-networking/800g-osfp112 | 800G-DR8 OSFP112段，web行59–60,UNKNOWN,2026-10-03,当前官网列示；量产阶段UNKNOWN,产品页/规格书
R03,中际旭创 / InnoLight,1.6T-DR8 OSFP224,UNKNOWN,01 主机电接口,8 × 200G PAM4,厂商直接披露,https://www.innolight.com/data-center-networking/1.6t-osfp224 | 1.6T-DR8 OSFP224段，web行43–45,UNKNOWN,2026-10-03,当前官网产品列示；具体量产阶段UNKNOWN,产品页/规格书
R03,中际旭创 / InnoLight,1.6T-DR8 OSFP224,UNKNOWN,02 PCB与电连接,待提取：本稿尚未取得该环节专项资料；不能据此断言厂商未披露,未提取/待检索,,UNKNOWN,2026-10-03,当前官网产品列示；具体量产阶段UNKNOWN,产品页/规格书
R03,中际旭创 / InnoLight,1.6T-DR8 OSFP224,UNKNOWN,03 电处理,UNKNOWN,UNKNOWN,https://www.innolight.com/data-center-networking/1.6t-osfp224 | 1.6T-DR8 OSFP224段，web行43–45,UNKNOWN,2026-10-03,当前官网产品列示；具体量产阶段UNKNOWN,产品页/规格书
R03,中际旭创 / InnoLight,1.6T-DR8 OSFP224,UNKNOWN,04 驱动,待提取：本稿尚未取得该环节专项资料；不能据此断言厂商未披露,未提取/待检索,,UNKNOWN,2026-10-03,当前官网产品列示；具体量产阶段UNKNOWN,产品页/规格书
R03,中际旭创 / InnoLight,1.6T-DR8 OSFP224,UNKNOWN,05 发光与调制,UNKNOWN；页面未将EML或SiPh配到该型号,UNKNOWN,https://www.innolight.com/data-center-networking/1.6t-osfp224 | 1.6T-DR8 OSFP224段，web行43–45,UNKNOWN,2026-10-03,当前官网产品列示；具体量产阶段UNKNOWN,产品页/规格书
R03,中际旭创 / InnoLight,1.6T-DR8 OSFP224,UNKNOWN,06 载体与芯片互连,待提取：本稿尚未取得该环节专项资料；不能据此断言厂商未披露,未提取/待检索,,UNKNOWN,2026-10-03,当前官网产品列示；具体量产阶段UNKNOWN,产品页/规格书
R03,中际旭创 / InnoLight,1.6T-DR8 OSFP224,UNKNOWN,07 发射耦合,待提取：本稿尚未取得该环节专项资料；不能据此断言厂商未披露,未提取/待检索,,UNKNOWN,2026-10-03,当前官网产品列示；具体量产阶段UNKNOWN,产品页/规格书
R03,中际旭创 / InnoLight,1.6T-DR8 OSFP224,UNKNOWN,08 合波,并行光通道，具体内部光学件UNKNOWN,部分披露/有保留,https://www.innolight.com/data-center-networking/1.6t-osfp224 | 1.6T-DR8 OSFP224段，web行43–45,UNKNOWN,2026-10-03,当前官网产品列示；具体量产阶段UNKNOWN,产品页/规格书
R03,中际旭创 / InnoLight,1.6T-DR8 OSFP224,UNKNOWN,09 外部光接口,8 × 200G PAM4 parallel；距离：500m SMF；光纤接口见封装字段：OSFP224 / 连接器UNKNOWN,部分披露/有保留,https://www.innolight.com/data-center-networking/1.6t-osfp224 | 1.6T-DR8 OSFP224段，web行43–45,UNKNOWN,2026-10-03,当前官网产品列示；具体量产阶段UNKNOWN,产品页/规格书
R03,中际旭创 / InnoLight,1.6T-DR8 OSFP224,UNKNOWN,10 分波,并行光通道，具体内部光学件UNKNOWN,部分披露/有保留,https://www.innolight.com/data-center-networking/1.6t-osfp224 | 1.6T-DR8 OSFP224段，web行43–45,UNKNOWN,2026-10-03,当前官网产品列示；具体量产阶段UNKNOWN,产品页/规格书
R03,中际旭创 / InnoLight,1.6T-DR8 OSFP224,UNKNOWN,11 接收耦合,待提取：本稿尚未取得该环节专项资料；不能据此断言厂商未披露,未提取/待检索,,UNKNOWN,2026-10-03,当前官网产品列示；具体量产阶段UNKNOWN,产品页/规格书
R03,中际旭创 / InnoLight,1.6T-DR8 OSFP224,UNKNOWN,12 探测器,UNKNOWN（探测器与接收放大联合披露，未给出部分保持UNKNOWN）,UNKNOWN,https://www.innolight.com/data-center-networking/1.6t-osfp224 | 1.6T-DR8 OSFP224段，web行43–45,UNKNOWN,2026-10-03,当前官网产品列示；具体量产阶段UNKNOWN,产品页/规格书
R03,中际旭创 / InnoLight,1.6T-DR8 OSFP224,UNKNOWN,13 接收放大,UNKNOWN（探测器与接收放大联合披露，未给出部分保持UNKNOWN）,UNKNOWN,https://www.innolight.com/data-center-networking/1.6t-osfp224 | 1.6T-DR8 OSFP224段，web行43–45,UNKNOWN,2026-10-03,当前官网产品列示；具体量产阶段UNKNOWN,产品页/规格书
R03,中际旭创 / InnoLight,1.6T-DR8 OSFP224,UNKNOWN,14 控制,CMIS 5.x管理接口；MCU芯片及内部实现未取得,部分披露；具体边界见主张,https://www.innolight.com/data-center-networking/1.6t-osfp224 | 1.6T-DR8 OSFP224段，web行43–45,UNKNOWN,2026-10-03,当前官网产品列示；具体量产阶段UNKNOWN,产品页/规格书
R03,中际旭创 / InnoLight,1.6T-DR8 OSFP224,UNKNOWN,15 非易失存储,待提取：本稿尚未取得该环节专项资料；不能据此断言厂商未披露,未提取/待检索,,UNKNOWN,2026-10-03,当前官网产品列示；具体量产阶段UNKNOWN,产品页/规格书
R03,中际旭创 / InnoLight,1.6T-DR8 OSFP224,UNKNOWN,16 电源,待提取：本稿尚未取得该环节专项资料；不能据此断言厂商未披露,未提取/待检索,,UNKNOWN,2026-10-03,当前官网产品列示；具体量产阶段UNKNOWN,产品页/规格书
R03,中际旭创 / InnoLight,1.6T-DR8 OSFP224,UNKNOWN,17 时钟,待提取：本稿尚未取得该环节专项资料；不能据此断言厂商未披露,未提取/待检索,,UNKNOWN,2026-10-03,当前官网产品列示；具体量产阶段UNKNOWN,产品页/规格书
R03,中际旭创 / InnoLight,1.6T-DR8 OSFP224,UNKNOWN,18 无源电子件,待提取：本稿尚未取得该环节专项资料；不能据此断言厂商未披露,未提取/待检索,,UNKNOWN,2026-10-03,当前官网产品列示；具体量产阶段UNKNOWN,产品页/规格书
R03,中际旭创 / InnoLight,1.6T-DR8 OSFP224,UNKNOWN,19 热管理,UNKNOWN；0–70°C；散热结构与材料未取得,部分披露；具体边界见主张,https://www.innolight.com/data-center-networking/1.6t-osfp224 | 1.6T-DR8 OSFP224段，web行43–45,UNKNOWN,2026-10-03,当前官网产品列示；具体量产阶段UNKNOWN,产品页/规格书
R03,中际旭创 / InnoLight,1.6T-DR8 OSFP224,UNKNOWN,20 总体封装,OSFP224 / 连接器UNKNOWN,部分披露/有保留,https://www.innolight.com/data-center-networking/1.6t-osfp224 | 1.6T-DR8 OSFP224段，web行43–45,UNKNOWN,2026-10-03,当前官网产品列示；具体量产阶段UNKNOWN,产品页/规格书
R04,光迅科技 / Accelink,1.6T OSFP224 DR8（3nm升级版本/OFC 2025）,UNKNOWN（发布稿无P/N）,01 主机电接口,200G SerDes系统，8 × 200G（文中明确8×200G信号，电通道依200G系统与产品容量推导）,含工程推断，待型号规格确认,https://www.accelink.com/en/lighting_your_dreams/1904410936018501633.html | 正文三项技术突破,2025-03-24,2026-10-03,OFC 2025将演示；不能借800G量产句推1.6T量产,演示/发布配置
R04,光迅科技 / Accelink,1.6T OSFP224 DR8（3nm升级版本/OFC 2025）,UNKNOWN（发布稿无P/N）,02 PCB与电连接,待提取：本稿尚未取得该环节专项资料；不能据此断言厂商未披露,未提取/待检索,,2025-03-24,2026-10-03,OFC 2025将演示；不能借800G量产句推1.6T量产,演示/发布配置
R04,光迅科技 / Accelink,1.6T OSFP224 DR8（3nm升级版本/OFC 2025）,UNKNOWN（发布稿无P/N）,03 电处理,3nm DSP；对比前代5nm，供应商/型号UNKNOWN,部分披露/有保留,https://www.accelink.com/en/lighting_your_dreams/1904410936018501633.html | 正文三项技术突破,2025-03-24,2026-10-03,OFC 2025将演示；不能借800G量产句推1.6T量产,演示/发布配置
R04,光迅科技 / Accelink,1.6T OSFP224 DR8（3nm升级版本/OFC 2025）,UNKNOWN（发布稿无P/N）,04 驱动,待提取：本稿尚未取得该环节专项资料；不能据此断言厂商未披露,未提取/待检索,,2025-03-24,2026-10-03,OFC 2025将演示；不能借800G量产句推1.6T量产,演示/发布配置
R04,光迅科技 / Accelink,1.6T OSFP224 DR8（3nm升级版本/OFC 2025）,UNKNOWN（发布稿无P/N）,05 发光与调制,Silicon Photonics明确；CW激光器类型、功率、MZM/环调制器类型UNKNOWN,部分披露/有保留,https://www.accelink.com/en/lighting_your_dreams/1904410936018501633.html | 正文三项技术突破,2025-03-24,2026-10-03,OFC 2025将演示；不能借800G量产句推1.6T量产,演示/发布配置
R04,光迅科技 / Accelink,1.6T OSFP224 DR8（3nm升级版本/OFC 2025）,UNKNOWN（发布稿无P/N）,06 载体与芯片互连,待提取：本稿尚未取得该环节专项资料；不能据此断言厂商未披露,未提取/待检索,,2025-03-24,2026-10-03,OFC 2025将演示；不能借800G量产句推1.6T量产,演示/发布配置
R04,光迅科技 / Accelink,1.6T OSFP224 DR8（3nm升级版本/OFC 2025）,UNKNOWN（发布稿无P/N）,07 发射耦合,待提取：本稿尚未取得该环节专项资料；不能据此断言厂商未披露,未提取/待检索,,2025-03-24,2026-10-03,OFC 2025将演示；不能借800G量产句推1.6T量产,演示/发布配置
R04,光迅科技 / Accelink,1.6T OSFP224 DR8（3nm升级版本/OFC 2025）,UNKNOWN（发布稿无P/N）,08 合波,UNKNOWN；稿未列具体WDM器件,UNKNOWN,https://www.accelink.com/en/lighting_your_dreams/1904410936018501633.html | 正文三项技术突破,2025-03-24,2026-10-03,OFC 2025将演示；不能借800G量产句推1.6T量产,演示/发布配置
R04,光迅科技 / Accelink,1.6T OSFP224 DR8（3nm升级版本/OFC 2025）,UNKNOWN（发布稿无P/N）,09 外部光接口,8 × 200G，500m单模稳定传输；距离：500m SMF；光纤接口见封装字段：OSFP224 / 连接器UNKNOWN,部分披露/有保留,https://www.accelink.com/en/lighting_your_dreams/1904410936018501633.html | 正文三项技术突破,2025-03-24,2026-10-03,OFC 2025将演示；不能借800G量产句推1.6T量产,演示/发布配置
R04,光迅科技 / Accelink,1.6T OSFP224 DR8（3nm升级版本/OFC 2025）,UNKNOWN（发布稿无P/N）,10 分波,UNKNOWN；稿未列具体WDM器件,UNKNOWN,https://www.accelink.com/en/lighting_your_dreams/1904410936018501633.html | 正文三项技术突破,2025-03-24,2026-10-03,OFC 2025将演示；不能借800G量产句推1.6T量产,演示/发布配置
R04,光迅科技 / Accelink,1.6T OSFP224 DR8（3nm升级版本/OFC 2025）,UNKNOWN（发布稿无P/N）,11 接收耦合,待提取：本稿尚未取得该环节专项资料；不能据此断言厂商未披露,未提取/待检索,,2025-03-24,2026-10-03,OFC 2025将演示；不能借800G量产句推1.6T量产,演示/发布配置
R04,光迅科技 / Accelink,1.6T OSFP224 DR8（3nm升级版本/OFC 2025）,UNKNOWN（发布稿无P/N）,12 探测器,UNKNOWN（不能从自有PD/APD平台映射本产品）（探测器与接收放大联合披露，未给出部分保持UNKNOWN）,UNKNOWN,https://www.accelink.com/en/lighting_your_dreams/1904410936018501633.html | 正文三项技术突破,2025-03-24,2026-10-03,OFC 2025将演示；不能借800G量产句推1.6T量产,演示/发布配置
R04,光迅科技 / Accelink,1.6T OSFP224 DR8（3nm升级版本/OFC 2025）,UNKNOWN（发布稿无P/N）,13 接收放大,UNKNOWN（不能从自有PD/APD平台映射本产品）（探测器与接收放大联合披露，未给出部分保持UNKNOWN）,UNKNOWN,https://www.accelink.com/en/lighting_your_dreams/1904410936018501633.html | 正文三项技术突破,2025-03-24,2026-10-03,OFC 2025将演示；不能借800G量产句推1.6T量产,演示/发布配置
R04,光迅科技 / Accelink,1.6T OSFP224 DR8（3nm升级版本/OFC 2025）,UNKNOWN（发布稿无P/N）,14 控制,待提取：本稿尚未取得该环节专项资料；不能据此断言厂商未披露,未提取/待检索,,2025-03-24,2026-10-03,OFC 2025将演示；不能借800G量产句推1.6T量产,演示/发布配置
R04,光迅科技 / Accelink,1.6T OSFP224 DR8（3nm升级版本/OFC 2025）,UNKNOWN（发布稿无P/N）,15 非易失存储,待提取：本稿尚未取得该环节专项资料；不能据此断言厂商未披露,未提取/待检索,,2025-03-24,2026-10-03,OFC 2025将演示；不能借800G量产句推1.6T量产,演示/发布配置
R04,光迅科技 / Accelink,1.6T OSFP224 DR8（3nm升级版本/OFC 2025）,UNKNOWN（发布稿无P/N）,16 电源,待提取：本稿尚未取得该环节专项资料；不能据此断言厂商未披露,未提取/待检索,,2025-03-24,2026-10-03,OFC 2025将演示；不能借800G量产句推1.6T量产,演示/发布配置
R04,光迅科技 / Accelink,1.6T OSFP224 DR8（3nm升级版本/OFC 2025）,UNKNOWN（发布稿无P/N）,17 时钟,待提取：本稿尚未取得该环节专项资料；不能据此断言厂商未披露,未提取/待检索,,2025-03-24,2026-10-03,OFC 2025将演示；不能借800G量产句推1.6T量产,演示/发布配置
R04,光迅科技 / Accelink,1.6T OSFP224 DR8（3nm升级版本/OFC 2025）,UNKNOWN（发布稿无P/N）,18 无源电子件,待提取：本稿尚未取得该环节专项资料；不能据此断言厂商未披露,未提取/待检索,,2025-03-24,2026-10-03,OFC 2025将演示；不能借800G量产句推1.6T量产,演示/发布配置
R04,光迅科技 / Accelink,1.6T OSFP224 DR8（3nm升级版本/OFC 2025）,UNKNOWN（发布稿无P/N）,19 热管理,相较5nm下降；定量值UNKNOWN；具体散热器、材料与热设计UNKNOWN,部分披露/有保留,https://www.accelink.com/en/lighting_your_dreams/1904410936018501633.html | 正文三项技术突破,2025-03-24,2026-10-03,OFC 2025将演示；不能借800G量产句推1.6T量产,演示/发布配置
R04,光迅科技 / Accelink,1.6T OSFP224 DR8（3nm升级版本/OFC 2025）,UNKNOWN（发布稿无P/N）,20 总体封装,OSFP224 / 连接器UNKNOWN,部分披露/有保留,https://www.accelink.com/en/lighting_your_dreams/1904410936018501633.html | 正文三项技术突破,2025-03-24,2026-10-03,OFC 2025将演示；不能借800G量产句推1.6T量产,演示/发布配置
R05,光迅科技 / Accelink,800G DR8 LPO / OSFP112（OFC 2025）,UNKNOWN,01 主机电接口,OSFP112；精确8×100G按封装/DR8标准推断，稿未逐项规格表,含工程推断，待型号规格确认,"https://www.accelink.com/en/lighting_your_dreams/1906618234845560833.html | web行151–155
https://www.accelink.com/lighting_your_dreams/1906617069227540481.html | 中文正文展示产品段",2025-03-31,2026-10-03,OFC 2025演示与Celestica DS5000交换机组合；SKU量产UNKNOWN,演示/发布配置
R05,光迅科技 / Accelink,800G DR8 LPO / OSFP112（OFC 2025）,UNKNOWN,02 PCB与电连接,待提取：本稿尚未取得该环节专项资料；不能据此断言厂商未披露,未提取/待检索,,2025-03-31,2026-10-03,OFC 2025演示与Celestica DS5000交换机组合；SKU量产UNKNOWN,演示/发布配置
R05,光迅科技 / Accelink,800G DR8 LPO / OSFP112（OFC 2025）,UNKNOWN,03 电处理,LPO明确，具体Driver/TIA和是否片上辅助电路UNKNOWN,部分披露/有保留,"https://www.accelink.com/en/lighting_your_dreams/1906618234845560833.html | web行151–155
https://www.accelink.com/lighting_your_dreams/1906617069227540481.html | 中文正文展示产品段",2025-03-31,2026-10-03,OFC 2025演示与Celestica DS5000交换机组合；SKU量产UNKNOWN,演示/发布配置
R05,光迅科技 / Accelink,800G DR8 LPO / OSFP112（OFC 2025）,UNKNOWN,04 驱动,LPO明确，具体Driver/TIA和是否片上辅助电路UNKNOWN（本项仅提取驱动相关披露）,部分披露/有保留,"https://www.accelink.com/en/lighting_your_dreams/1906618234845560833.html | web行151–155
https://www.accelink.com/lighting_your_dreams/1906617069227540481.html | 中文正文展示产品段",2025-03-31,2026-10-03,OFC 2025演示与Celestica DS5000交换机组合；SKU量产UNKNOWN,演示/发布配置
R05,光迅科技 / Accelink,800G DR8 LPO / OSFP112（OFC 2025）,UNKNOWN,05 发光与调制,UNKNOWN（不由1.6T SiPh推800G同族）,UNKNOWN,"https://www.accelink.com/en/lighting_your_dreams/1906618234845560833.html | web行151–155
https://www.accelink.com/lighting_your_dreams/1906617069227540481.html | 中文正文展示产品段",2025-03-31,2026-10-03,OFC 2025演示与Celestica DS5000交换机组合；SKU量产UNKNOWN,演示/发布配置
R05,光迅科技 / Accelink,800G DR8 LPO / OSFP112（OFC 2025）,UNKNOWN,06 载体与芯片互连,待提取：本稿尚未取得该环节专项资料；不能据此断言厂商未披露,未提取/待检索,,2025-03-31,2026-10-03,OFC 2025演示与Celestica DS5000交换机组合；SKU量产UNKNOWN,演示/发布配置
R05,光迅科技 / Accelink,800G DR8 LPO / OSFP112（OFC 2025）,UNKNOWN,07 发射耦合,待提取：本稿尚未取得该环节专项资料；不能据此断言厂商未披露,未提取/待检索,,2025-03-31,2026-10-03,OFC 2025演示与Celestica DS5000交换机组合；SKU量产UNKNOWN,演示/发布配置
R05,光迅科技 / Accelink,800G DR8 LPO / OSFP112（OFC 2025）,UNKNOWN,08 合波,UNKNOWN,UNKNOWN,"https://www.accelink.com/en/lighting_your_dreams/1906618234845560833.html | web行151–155
https://www.accelink.com/lighting_your_dreams/1906617069227540481.html | 中文正文展示产品段",2025-03-31,2026-10-03,OFC 2025演示与Celestica DS5000交换机组合；SKU量产UNKNOWN,演示/发布配置
R05,光迅科技 / Accelink,800G DR8 LPO / OSFP112（OFC 2025）,UNKNOWN,09 外部光接口,DR8；精确速率/波长UNKNOWN；距离：UNKNOWN；光纤接口见封装字段：OSFP112（中文官方稿指定同场800G模块）；连接器UNKNOWN,部分披露/有保留,"https://www.accelink.com/en/lighting_your_dreams/1906618234845560833.html | web行151–155
https://www.accelink.com/lighting_your_dreams/1906617069227540481.html | 中文正文展示产品段",2025-03-31,2026-10-03,OFC 2025演示与Celestica DS5000交换机组合；SKU量产UNKNOWN,演示/发布配置
R05,光迅科技 / Accelink,800G DR8 LPO / OSFP112（OFC 2025）,UNKNOWN,10 分波,UNKNOWN,UNKNOWN,"https://www.accelink.com/en/lighting_your_dreams/1906618234845560833.html | web行151–155
https://www.accelink.com/lighting_your_dreams/1906617069227540481.html | 中文正文展示产品段",2025-03-31,2026-10-03,OFC 2025演示与Celestica DS5000交换机组合；SKU量产UNKNOWN,演示/发布配置
R05,光迅科技 / Accelink,800G DR8 LPO / OSFP112（OFC 2025）,UNKNOWN,11 接收耦合,待提取：本稿尚未取得该环节专项资料；不能据此断言厂商未披露,未提取/待检索,,2025-03-31,2026-10-03,OFC 2025演示与Celestica DS5000交换机组合；SKU量产UNKNOWN,演示/发布配置
R05,光迅科技 / Accelink,800G DR8 LPO / OSFP112（OFC 2025）,UNKNOWN,12 探测器,UNKNOWN（探测器与接收放大联合披露，未给出部分保持UNKNOWN）,UNKNOWN,"https://www.accelink.com/en/lighting_your_dreams/1906618234845560833.html | web行151–155
https://www.accelink.com/lighting_your_dreams/1906617069227540481.html | 中文正文展示产品段",2025-03-31,2026-10-03,OFC 2025演示与Celestica DS5000交换机组合；SKU量产UNKNOWN,演示/发布配置
R05,光迅科技 / Accelink,800G DR8 LPO / OSFP112（OFC 2025）,UNKNOWN,13 接收放大,UNKNOWN（探测器与接收放大联合披露，未给出部分保持UNKNOWN）,UNKNOWN,"https://www.accelink.com/en/lighting_your_dreams/1906618234845560833.html | web行151–155
https://www.accelink.com/lighting_your_dreams/1906617069227540481.html | 中文正文展示产品段",2025-03-31,2026-10-03,OFC 2025演示与Celestica DS5000交换机组合；SKU量产UNKNOWN,演示/发布配置
R05,光迅科技 / Accelink,800G DR8 LPO / OSFP112（OFC 2025）,UNKNOWN,14 控制,待提取：本稿尚未取得该环节专项资料；不能据此断言厂商未披露,未提取/待检索,,2025-03-31,2026-10-03,OFC 2025演示与Celestica DS5000交换机组合；SKU量产UNKNOWN,演示/发布配置
R05,光迅科技 / Accelink,800G DR8 LPO / OSFP112（OFC 2025）,UNKNOWN,15 非易失存储,待提取：本稿尚未取得该环节专项资料；不能据此断言厂商未披露,未提取/待检索,,2025-03-31,2026-10-03,OFC 2025演示与Celestica DS5000交换机组合；SKU量产UNKNOWN,演示/发布配置
R05,光迅科技 / Accelink,800G DR8 LPO / OSFP112（OFC 2025）,UNKNOWN,16 电源,待提取：本稿尚未取得该环节专项资料；不能据此断言厂商未披露,未提取/待检索,,2025-03-31,2026-10-03,OFC 2025演示与Celestica DS5000交换机组合；SKU量产UNKNOWN,演示/发布配置
R05,光迅科技 / Accelink,800G DR8 LPO / OSFP112（OFC 2025）,UNKNOWN,17 时钟,待提取：本稿尚未取得该环节专项资料；不能据此断言厂商未披露,未提取/待检索,,2025-03-31,2026-10-03,OFC 2025演示与Celestica DS5000交换机组合；SKU量产UNKNOWN,演示/发布配置
R05,光迅科技 / Accelink,800G DR8 LPO / OSFP112（OFC 2025）,UNKNOWN,18 无源电子件,待提取：本稿尚未取得该环节专项资料；不能据此断言厂商未披露,未提取/待检索,,2025-03-31,2026-10-03,OFC 2025演示与Celestica DS5000交换机组合；SKU量产UNKNOWN,演示/发布配置
R05,光迅科技 / Accelink,800G DR8 LPO / OSFP112（OFC 2025）,UNKNOWN,19 热管理,定性低功耗低时延，数值UNKNOWN；具体散热器、材料与热设计UNKNOWN,部分披露/有保留,"https://www.accelink.com/en/lighting_your_dreams/1906618234845560833.html | web行151–155
https://www.accelink.com/lighting_your_dreams/1906617069227540481.html | 中文正文展示产品段",2025-03-31,2026-10-03,OFC 2025演示与Celestica DS5000交换机组合；SKU量产UNKNOWN,演示/发布配置
R05,光迅科技 / Accelink,800G DR8 LPO / OSFP112（OFC 2025）,UNKNOWN,20 总体封装,OSFP112（中文官方稿指定同场800G模块）；连接器UNKNOWN,部分披露/有保留,"https://www.accelink.com/en/lighting_your_dreams/1906618234845560833.html | web行151–155
https://www.accelink.com/lighting_your_dreams/1906617069227540481.html | 中文正文展示产品段",2025-03-31,2026-10-03,OFC 2025演示与Celestica DS5000交换机组合；SKU量产UNKNOWN,演示/发布配置
R06,光迅科技 / Accelink,800G OSFP DR8,RTXM600-201,01 主机电接口,8 ×100G PAM4；retimed 800GAUI-8，当前浏览器DOM明确,厂商直接披露,https://www.accelink.com/en/lighting_your_dreams/1745716334399913986.html | RTXM600-201 / Key Features（JS加载后Chrome DOM）,UNKNOWN（页面无发布日期）,2026-10-03,当前官网可询盘产品目录；此P/N量产阶段UNKNOWN,产品页/规格书
R06,光迅科技 / Accelink,800G OSFP DR8,RTXM600-201,02 PCB与电连接,待提取：本稿尚未取得该环节专项资料；不能据此断言厂商未披露,未提取/待检索,,UNKNOWN（页面无发布日期）,2026-10-03,当前官网可询盘产品目录；此P/N量产阶段UNKNOWN,产品页/规格书
R06,光迅科技 / Accelink,800G OSFP DR8,RTXM600-201,03 电处理,retimed已披露；是否DSP及其制程/型号UNKNOWN，不以retimed自动补DSP,部分披露/有保留,https://www.accelink.com/en/lighting_your_dreams/1745716334399913986.html | RTXM600-201 / Key Features（JS加载后Chrome DOM）,UNKNOWN（页面无发布日期）,2026-10-03,当前官网可询盘产品目录；此P/N量产阶段UNKNOWN,产品页/规格书
R06,光迅科技 / Accelink,800G OSFP DR8,RTXM600-201,04 驱动,待提取：本稿尚未取得该环节专项资料；不能据此断言厂商未披露,未提取/待检索,,UNKNOWN（页面无发布日期）,2026-10-03,当前官网可询盘产品目录；此P/N量产阶段UNKNOWN,产品页/规格书
R06,光迅科技 / Accelink,800G OSFP DR8,RTXM600-201,05 发光与调制,EML 1310nm,厂商直接披露,https://www.accelink.com/en/lighting_your_dreams/1745716334399913986.html | RTXM600-201 / Key Features（JS加载后Chrome DOM）,UNKNOWN（页面无发布日期）,2026-10-03,当前官网可询盘产品目录；此P/N量产阶段UNKNOWN,产品页/规格书
R06,光迅科技 / Accelink,800G OSFP DR8,RTXM600-201,06 载体与芯片互连,待提取：本稿尚未取得该环节专项资料；不能据此断言厂商未披露,未提取/待检索,,UNKNOWN（页面无发布日期）,2026-10-03,当前官网可询盘产品目录；此P/N量产阶段UNKNOWN,产品页/规格书
R06,光迅科技 / Accelink,800G OSFP DR8,RTXM600-201,07 发射耦合,待提取：本稿尚未取得该环节专项资料；不能据此断言厂商未披露,未提取/待检索,,UNKNOWN（页面无发布日期）,2026-10-03,当前官网可询盘产品目录；此P/N量产阶段UNKNOWN,产品页/规格书
R06,光迅科技 / Accelink,800G OSFP DR8,RTXM600-201,08 合波,页面未列MUX/DEMUX；并行8路架构，不补WDM,部分披露/有保留,https://www.accelink.com/en/lighting_your_dreams/1745716334399913986.html | RTXM600-201 / Key Features（JS加载后Chrome DOM）,UNKNOWN（页面无发布日期）,2026-10-03,当前官网可询盘产品目录；此P/N量产阶段UNKNOWN,产品页/规格书
R06,光迅科技 / Accelink,800G OSFP DR8,RTXM600-201,09 外部光接口,8 ×100G PAM4 1310nm EML；DR8 parallel架构；距离：500m SMF；光纤接口见封装字段：OSFP / MPO-16,厂商直接披露,https://www.accelink.com/en/lighting_your_dreams/1745716334399913986.html | RTXM600-201 / Key Features（JS加载后Chrome DOM）,UNKNOWN（页面无发布日期）,2026-10-03,当前官网可询盘产品目录；此P/N量产阶段UNKNOWN,产品页/规格书
R06,光迅科技 / Accelink,800G OSFP DR8,RTXM600-201,10 分波,页面未列MUX/DEMUX；并行8路架构，不补WDM,部分披露/有保留,https://www.accelink.com/en/lighting_your_dreams/1745716334399913986.html | RTXM600-201 / Key Features（JS加载后Chrome DOM）,UNKNOWN（页面无发布日期）,2026-10-03,当前官网可询盘产品目录；此P/N量产阶段UNKNOWN,产品页/规格书
R06,光迅科技 / Accelink,800G OSFP DR8,RTXM600-201,11 接收耦合,待提取：本稿尚未取得该环节专项资料；不能据此断言厂商未披露,未提取/待检索,,UNKNOWN（页面无发布日期）,2026-10-03,当前官网可询盘产品目录；此P/N量产阶段UNKNOWN,产品页/规格书
R06,光迅科技 / Accelink,800G OSFP DR8,RTXM600-201,12 探测器,当前实时DOM未呈现Receiver规格；历史官网搜索缓存列PIN，暂仅线索；TIA UNKNOWN（探测器与接收放大联合披露，未给出部分保持UNKNOWN）,未核线索；采用情况UNKNOWN,https://www.accelink.com/en/lighting_your_dreams/1745716334399913986.html | RTXM600-201 / Key Features（JS加载后Chrome DOM）,UNKNOWN（页面无发布日期）,2026-10-03,当前官网可询盘产品目录；此P/N量产阶段UNKNOWN,产品页/规格书
R06,光迅科技 / Accelink,800G OSFP DR8,RTXM600-201,13 接收放大,当前实时DOM未呈现Receiver规格；历史官网搜索缓存列PIN，暂仅线索；TIA UNKNOWN（探测器与接收放大联合披露，未给出部分保持UNKNOWN）,未核线索；采用情况UNKNOWN,https://www.accelink.com/en/lighting_your_dreams/1745716334399913986.html | RTXM600-201 / Key Features（JS加载后Chrome DOM）,UNKNOWN（页面无发布日期）,2026-10-03,当前官网可询盘产品目录；此P/N量产阶段UNKNOWN,产品页/规格书
R06,光迅科技 / Accelink,800G OSFP DR8,RTXM600-201,14 控制,待提取：本稿尚未取得该环节专项资料；不能据此断言厂商未披露,未提取/待检索,,UNKNOWN（页面无发布日期）,2026-10-03,当前官网可询盘产品目录；此P/N量产阶段UNKNOWN,产品页/规格书
R06,光迅科技 / Accelink,800G OSFP DR8,RTXM600-201,15 非易失存储,待提取：本稿尚未取得该环节专项资料；不能据此断言厂商未披露,未提取/待检索,,UNKNOWN（页面无发布日期）,2026-10-03,当前官网可询盘产品目录；此P/N量产阶段UNKNOWN,产品页/规格书
R06,光迅科技 / Accelink,800G OSFP DR8,RTXM600-201,16 电源,待提取：本稿尚未取得该环节专项资料；不能据此断言厂商未披露,未提取/待检索,,UNKNOWN（页面无发布日期）,2026-10-03,当前官网可询盘产品目录；此P/N量产阶段UNKNOWN,产品页/规格书
R06,光迅科技 / Accelink,800G OSFP DR8,RTXM600-201,17 时钟,待提取：本稿尚未取得该环节专项资料；不能据此断言厂商未披露,未提取/待检索,,UNKNOWN（页面无发布日期）,2026-10-03,当前官网可询盘产品目录；此P/N量产阶段UNKNOWN,产品页/规格书
R06,光迅科技 / Accelink,800G OSFP DR8,RTXM600-201,18 无源电子件,待提取：本稿尚未取得该环节专项资料；不能据此断言厂商未披露,未提取/待检索,,UNKNOWN（页面无发布日期）,2026-10-03,当前官网可询盘产品目录；此P/N量产阶段UNKNOWN,产品页/规格书
R06,光迅科技 / Accelink,800G OSFP DR8,RTXM600-201,19 热管理,<16W；0–70°C；具体散热器、材料与热设计UNKNOWN,部分披露/有保留,https://www.accelink.com/en/lighting_your_dreams/1745716334399913986.html | RTXM600-201 / Key Features（JS加载后Chrome DOM）,UNKNOWN（页面无发布日期）,2026-10-03,当前官网可询盘产品目录；此P/N量产阶段UNKNOWN,产品页/规格书
R06,光迅科技 / Accelink,800G OSFP DR8,RTXM600-201,20 总体封装,OSFP / MPO-16,厂商直接披露,https://www.accelink.com/en/lighting_your_dreams/1745716334399913986.html | RTXM600-201 / Key Features（JS加载后Chrome DOM）,UNKNOWN（页面无发布日期）,2026-10-03,当前官网可询盘产品目录；此P/N量产阶段UNKNOWN,产品页/规格书
R07,光迅科技 / Accelink,800G OSFP 2xFR4,RTXM600-210,01 主机电接口,8 ×100G PAM4；retimed 800GAUI-8，当前DOM明确,厂商直接披露,https://www.accelink.com/en/lighting_your_dreams/1745731709229400066.html | RTXM600-210 / Key Features,UNKNOWN,2026-10-03,当前官网可询盘产品列示，P/N量产UNKNOWN,产品页/规格书
R07,光迅科技 / Accelink,800G OSFP 2xFR4,RTXM600-210,02 PCB与电连接,待提取：本稿尚未取得该环节专项资料；不能据此断言厂商未披露,未提取/待检索,,UNKNOWN,2026-10-03,当前官网可询盘产品列示，P/N量产UNKNOWN,产品页/规格书
R07,光迅科技 / Accelink,800G OSFP 2xFR4,RTXM600-210,03 电处理,retimed明确；DSP类型/制程/型号UNKNOWN,部分披露/有保留,https://www.accelink.com/en/lighting_your_dreams/1745731709229400066.html | RTXM600-210 / Key Features,UNKNOWN,2026-10-03,当前官网可询盘产品列示，P/N量产UNKNOWN,产品页/规格书
R07,光迅科技 / Accelink,800G OSFP 2xFR4,RTXM600-210,04 驱动,待提取：本稿尚未取得该环节专项资料；不能据此断言厂商未披露,未提取/待检索,,UNKNOWN,2026-10-03,当前官网可询盘产品列示，P/N量产UNKNOWN,产品页/规格书
R07,光迅科技 / Accelink,800G OSFP 2xFR4,RTXM600-210,05 发光与调制,EML CWDM,厂商直接披露,https://www.accelink.com/en/lighting_your_dreams/1745731709229400066.html | RTXM600-210 / Key Features,UNKNOWN,2026-10-03,当前官网可询盘产品列示，P/N量产UNKNOWN,产品页/规格书
R07,光迅科技 / Accelink,800G OSFP 2xFR4,RTXM600-210,06 载体与芯片互连,待提取：本稿尚未取得该环节专项资料；不能据此断言厂商未披露,未提取/待检索,,UNKNOWN,2026-10-03,当前官网可询盘产品列示，P/N量产UNKNOWN,产品页/规格书
R07,光迅科技 / Accelink,800G OSFP 2xFR4,RTXM600-210,07 发射耦合,待提取：本稿尚未取得该环节专项资料；不能据此断言厂商未披露,未提取/待检索,,UNKNOWN,2026-10-03,当前官网可询盘产品列示，P/N量产UNKNOWN,产品页/规格书
R07,光迅科技 / Accelink,800G OSFP 2xFR4,RTXM600-210,08 合波,CWDM发射明确；2×FR4的复用/解复用功能为架构解释；AWG/薄膜实现UNKNOWN,含工程推断，待型号规格确认,https://www.accelink.com/en/lighting_your_dreams/1745731709229400066.html | RTXM600-210 / Key Features,UNKNOWN,2026-10-03,当前官网可询盘产品列示，P/N量产UNKNOWN,产品页/规格书
R07,光迅科技 / Accelink,800G OSFP 2xFR4,RTXM600-210,09 外部光接口,8 ×100G PAM4 EML CWDM；两组FR4为产品结构解释；距离：2km SMF；光纤接口见封装字段：OSFP / Dual LC receptacles（当前DOM）；历史表写Dual Duplex LC，当前先保留Dual LC,含工程推断，待型号规格确认,https://www.accelink.com/en/lighting_your_dreams/1745731709229400066.html | RTXM600-210 / Key Features,UNKNOWN,2026-10-03,当前官网可询盘产品列示，P/N量产UNKNOWN,产品页/规格书
R07,光迅科技 / Accelink,800G OSFP 2xFR4,RTXM600-210,10 分波,CWDM发射明确；2×FR4的复用/解复用功能为架构解释；AWG/薄膜实现UNKNOWN,含工程推断，待型号规格确认,https://www.accelink.com/en/lighting_your_dreams/1745731709229400066.html | RTXM600-210 / Key Features,UNKNOWN,2026-10-03,当前官网可询盘产品列示，P/N量产UNKNOWN,产品页/规格书
R07,光迅科技 / Accelink,800G OSFP 2xFR4,RTXM600-210,11 接收耦合,待提取：本稿尚未取得该环节专项资料；不能据此断言厂商未披露,未提取/待检索,,UNKNOWN,2026-10-03,当前官网可询盘产品列示，P/N量产UNKNOWN,产品页/规格书
R07,光迅科技 / Accelink,800G OSFP 2xFR4,RTXM600-210,12 探测器,当前DOM未列接收类型；历史官网搜索缓存列PIN，暂线索；TIA UNKNOWN（探测器与接收放大联合披露，未给出部分保持UNKNOWN）,未核线索；采用情况UNKNOWN,https://www.accelink.com/en/lighting_your_dreams/1745731709229400066.html | RTXM600-210 / Key Features,UNKNOWN,2026-10-03,当前官网可询盘产品列示，P/N量产UNKNOWN,产品页/规格书
R07,光迅科技 / Accelink,800G OSFP 2xFR4,RTXM600-210,13 接收放大,当前DOM未列接收类型；历史官网搜索缓存列PIN，暂线索；TIA UNKNOWN（探测器与接收放大联合披露，未给出部分保持UNKNOWN）,未核线索；采用情况UNKNOWN,https://www.accelink.com/en/lighting_your_dreams/1745731709229400066.html | RTXM600-210 / Key Features,UNKNOWN,2026-10-03,当前官网可询盘产品列示，P/N量产UNKNOWN,产品页/规格书
R07,光迅科技 / Accelink,800G OSFP 2xFR4,RTXM600-210,14 控制,待提取：本稿尚未取得该环节专项资料；不能据此断言厂商未披露,未提取/待检索,,UNKNOWN,2026-10-03,当前官网可询盘产品列示，P/N量产UNKNOWN,产品页/规格书
R07,光迅科技 / Accelink,800G OSFP 2xFR4,RTXM600-210,15 非易失存储,待提取：本稿尚未取得该环节专项资料；不能据此断言厂商未披露,未提取/待检索,,UNKNOWN,2026-10-03,当前官网可询盘产品列示，P/N量产UNKNOWN,产品页/规格书
R07,光迅科技 / Accelink,800G OSFP 2xFR4,RTXM600-210,16 电源,待提取：本稿尚未取得该环节专项资料；不能据此断言厂商未披露,未提取/待检索,,UNKNOWN,2026-10-03,当前官网可询盘产品列示，P/N量产UNKNOWN,产品页/规格书
R07,光迅科技 / Accelink,800G OSFP 2xFR4,RTXM600-210,17 时钟,待提取：本稿尚未取得该环节专项资料；不能据此断言厂商未披露,未提取/待检索,,UNKNOWN,2026-10-03,当前官网可询盘产品列示，P/N量产UNKNOWN,产品页/规格书
R07,光迅科技 / Accelink,800G OSFP 2xFR4,RTXM600-210,18 无源电子件,待提取：本稿尚未取得该环节专项资料；不能据此断言厂商未披露,未提取/待检索,,UNKNOWN,2026-10-03,当前官网可询盘产品列示，P/N量产UNKNOWN,产品页/规格书
R07,光迅科技 / Accelink,800G OSFP 2xFR4,RTXM600-210,19 热管理,<16W；0–70°C；具体散热器、材料与热设计UNKNOWN,部分披露/有保留,https://www.accelink.com/en/lighting_your_dreams/1745731709229400066.html | RTXM600-210 / Key Features,UNKNOWN,2026-10-03,当前官网可询盘产品列示，P/N量产UNKNOWN,产品页/规格书
R07,光迅科技 / Accelink,800G OSFP 2xFR4,RTXM600-210,20 总体封装,OSFP / Dual LC receptacles（当前DOM）；历史表写Dual Duplex LC，当前先保留Dual LC,厂商直接披露,https://www.accelink.com/en/lighting_your_dreams/1745731709229400066.html | RTXM600-210 / Key Features,UNKNOWN,2026-10-03,当前官网可询盘产品列示，P/N量产UNKNOWN,产品页/规格书
R08,光迅科技 / Accelink,1.6T OSFP-XD DR8,RTXM700-200,01 主机电接口,16 ×100G PAM4 retimed，当前DOM明确；官网电接口文字label为400GAUI-4，疑点保留，不自行改为1600GAUI,厂商直接披露,https://www.accelink.com/en/lighting_your_dreams/1729755138554798081.html | RTXM700-200 / Key Features,UNKNOWN（当前产品页无日期）,2026-10-03,当前官网可询盘具体P/N，量产/认证阶段UNKNOWN,产品页/规格书
R08,光迅科技 / Accelink,1.6T OSFP-XD DR8,RTXM700-200,02 PCB与电连接,待提取：本稿尚未取得该环节专项资料；不能据此断言厂商未披露,未提取/待检索,,UNKNOWN（当前产品页无日期）,2026-10-03,当前官网可询盘具体P/N，量产/认证阶段UNKNOWN,产品页/规格书
R08,光迅科技 / Accelink,1.6T OSFP-XD DR8,RTXM700-200,03 电处理,retimed明确；DSP芯片、gearbox具体型号/制程UNKNOWN,部分披露/有保留,https://www.accelink.com/en/lighting_your_dreams/1729755138554798081.html | RTXM700-200 / Key Features,UNKNOWN（当前产品页无日期）,2026-10-03,当前官网可询盘具体P/N，量产/认证阶段UNKNOWN,产品页/规格书
R08,光迅科技 / Accelink,1.6T OSFP-XD DR8,RTXM700-200,04 驱动,待提取：本稿尚未取得该环节专项资料；不能据此断言厂商未披露,未提取/待检索,,UNKNOWN（当前产品页无日期）,2026-10-03,当前官网可询盘具体P/N，量产/认证阶段UNKNOWN,产品页/规格书
R08,光迅科技 / Accelink,1.6T OSFP-XD DR8,RTXM700-200,05 发光与调制,Cooled EML 1311nm（当前Key Features）；不要与OSFP224 SiPh/3nm版本合并,厂商直接披露,https://www.accelink.com/en/lighting_your_dreams/1729755138554798081.html | RTXM700-200 / Key Features,UNKNOWN（当前产品页无日期）,2026-10-03,当前官网可询盘具体P/N，量产/认证阶段UNKNOWN,产品页/规格书
R08,光迅科技 / Accelink,1.6T OSFP-XD DR8,RTXM700-200,06 载体与芯片互连,待提取：本稿尚未取得该环节专项资料；不能据此断言厂商未披露,未提取/待检索,,UNKNOWN（当前产品页无日期）,2026-10-03,当前官网可询盘具体P/N，量产/认证阶段UNKNOWN,产品页/规格书
R08,光迅科技 / Accelink,1.6T OSFP-XD DR8,RTXM700-200,07 发射耦合,待提取：本稿尚未取得该环节专项资料；不能据此断言厂商未披露,未提取/待检索,,UNKNOWN（当前产品页无日期）,2026-10-03,当前官网可询盘具体P/N，量产/认证阶段UNKNOWN,产品页/规格书
R08,光迅科技 / Accelink,1.6T OSFP-XD DR8,RTXM700-200,08 合波,DR8并行结构；具体内部无源光件UNKNOWN,部分披露/有保留,https://www.accelink.com/en/lighting_your_dreams/1729755138554798081.html | RTXM700-200 / Key Features,UNKNOWN（当前产品页无日期）,2026-10-03,当前官网可询盘具体P/N，量产/认证阶段UNKNOWN,产品页/规格书
R08,光迅科技 / Accelink,1.6T OSFP-XD DR8,RTXM700-200,09 外部光接口,8 ×200G PAM4，正文每路最高212.5Gb/s；距离：500m SMF；光纤接口见封装字段：OSFP-XD；Dual MPO-12 receptacles,厂商直接披露,https://www.accelink.com/en/lighting_your_dreams/1729755138554798081.html | RTXM700-200 / Key Features,UNKNOWN（当前产品页无日期）,2026-10-03,当前官网可询盘具体P/N，量产/认证阶段UNKNOWN,产品页/规格书
R08,光迅科技 / Accelink,1.6T OSFP-XD DR8,RTXM700-200,10 分波,DR8并行结构；具体内部无源光件UNKNOWN,部分披露/有保留,https://www.accelink.com/en/lighting_your_dreams/1729755138554798081.html | RTXM700-200 / Key Features,UNKNOWN（当前产品页无日期）,2026-10-03,当前官网可询盘具体P/N，量产/认证阶段UNKNOWN,产品页/规格书
R08,光迅科技 / Accelink,1.6T OSFP-XD DR8,RTXM700-200,11 接收耦合,待提取：本稿尚未取得该环节专项资料；不能据此断言厂商未披露,未提取/待检索,,UNKNOWN（当前产品页无日期）,2026-10-03,当前官网可询盘具体P/N，量产/认证阶段UNKNOWN,产品页/规格书
R08,光迅科技 / Accelink,1.6T OSFP-XD DR8,RTXM700-200,12 探测器,UNKNOWN；历史搜索表写PD，当前DOM不列Receiver（探测器与接收放大联合披露，未给出部分保持UNKNOWN）,UNKNOWN,https://www.accelink.com/en/lighting_your_dreams/1729755138554798081.html | RTXM700-200 / Key Features,UNKNOWN（当前产品页无日期）,2026-10-03,当前官网可询盘具体P/N，量产/认证阶段UNKNOWN,产品页/规格书
R08,光迅科技 / Accelink,1.6T OSFP-XD DR8,RTXM700-200,13 接收放大,UNKNOWN；历史搜索表写PD，当前DOM不列Receiver（探测器与接收放大联合披露，未给出部分保持UNKNOWN）,UNKNOWN,https://www.accelink.com/en/lighting_your_dreams/1729755138554798081.html | RTXM700-200 / Key Features,UNKNOWN（当前产品页无日期）,2026-10-03,当前官网可询盘具体P/N，量产/认证阶段UNKNOWN,产品页/规格书
R08,光迅科技 / Accelink,1.6T OSFP-XD DR8,RTXM700-200,14 控制,待提取：本稿尚未取得该环节专项资料；不能据此断言厂商未披露,未提取/待检索,,UNKNOWN（当前产品页无日期）,2026-10-03,当前官网可询盘具体P/N，量产/认证阶段UNKNOWN,产品页/规格书
R08,光迅科技 / Accelink,1.6T OSFP-XD DR8,RTXM700-200,15 非易失存储,待提取：本稿尚未取得该环节专项资料；不能据此断言厂商未披露,未提取/待检索,,UNKNOWN（当前产品页无日期）,2026-10-03,当前官网可询盘具体P/N，量产/认证阶段UNKNOWN,产品页/规格书
R08,光迅科技 / Accelink,1.6T OSFP-XD DR8,RTXM700-200,16 电源,待提取：本稿尚未取得该环节专项资料；不能据此断言厂商未披露,未提取/待检索,,UNKNOWN（当前产品页无日期）,2026-10-03,当前官网可询盘具体P/N，量产/认证阶段UNKNOWN,产品页/规格书
R08,光迅科技 / Accelink,1.6T OSFP-XD DR8,RTXM700-200,17 时钟,待提取：本稿尚未取得该环节专项资料；不能据此断言厂商未披露,未提取/待检索,,UNKNOWN（当前产品页无日期）,2026-10-03,当前官网可询盘具体P/N，量产/认证阶段UNKNOWN,产品页/规格书
R08,光迅科技 / Accelink,1.6T OSFP-XD DR8,RTXM700-200,18 无源电子件,待提取：本稿尚未取得该环节专项资料；不能据此断言厂商未披露,未提取/待检索,,UNKNOWN（当前产品页无日期）,2026-10-03,当前官网可询盘具体P/N，量产/认证阶段UNKNOWN,产品页/规格书
R08,光迅科技 / Accelink,1.6T OSFP-XD DR8,RTXM700-200,19 热管理,<25W；0–70°C；具体散热器、材料与热设计UNKNOWN,部分披露/有保留,https://www.accelink.com/en/lighting_your_dreams/1729755138554798081.html | RTXM700-200 / Key Features,UNKNOWN（当前产品页无日期）,2026-10-03,当前官网可询盘具体P/N，量产/认证阶段UNKNOWN,产品页/规格书
R08,光迅科技 / Accelink,1.6T OSFP-XD DR8,RTXM700-200,20 总体封装,OSFP-XD；Dual MPO-12 receptacles,厂商直接披露,https://www.accelink.com/en/lighting_your_dreams/1729755138554798081.html | RTXM700-200 / Key Features,UNKNOWN（当前产品页无日期）,2026-10-03,当前官网可询盘具体P/N，量产/认证阶段UNKNOWN,产品页/规格书
R09,光迅科技 / Accelink,1.6T OSFP224 DR8（官网当前配置）,RTXM700-502,01 主机电接口,UNKNOWN（当前Key Features未直接披露电通道；不得直接以OFC2025稿8×200G电或OSFP224名称填入）,UNKNOWN,https://www.accelink.com/en/lighting_your_dreams/1859158602116268033.html | RTXM700-502 / Key Features,UNKNOWN,2026-10-03,当前官网具体P/N可询盘；量产/客户认证UNKNOWN,产品页/规格书
R09,光迅科技 / Accelink,1.6T OSFP224 DR8（官网当前配置）,RTXM700-502,02 PCB与电连接,待提取：本稿尚未取得该环节专项资料；不能据此断言厂商未披露,未提取/待检索,,UNKNOWN,2026-10-03,当前官网具体P/N可询盘；量产/客户认证UNKNOWN,产品页/规格书
R09,光迅科技 / Accelink,1.6T OSFP224 DR8（官网当前配置）,RTXM700-502,03 电处理,UNKNOWN（产品页不披露DSP，不能自动认作OFC2025的3nm升级版）,UNKNOWN,https://www.accelink.com/en/lighting_your_dreams/1859158602116268033.html | RTXM700-502 / Key Features,UNKNOWN,2026-10-03,当前官网具体P/N可询盘；量产/客户认证UNKNOWN,产品页/规格书
R09,光迅科技 / Accelink,1.6T OSFP224 DR8（官网当前配置）,RTXM700-502,04 驱动,待提取：本稿尚未取得该环节专项资料；不能据此断言厂商未披露,未提取/待检索,,UNKNOWN,2026-10-03,当前官网具体P/N可询盘；量产/客户认证UNKNOWN,产品页/规格书
R09,光迅科技 / Accelink,1.6T OSFP224 DR8（官网当前配置）,RTXM700-502,05 发光与调制,Sipho modulator / Sipho-based transmitter明确；CW光源、调制器具体结构UNKNOWN,部分披露/有保留,https://www.accelink.com/en/lighting_your_dreams/1859158602116268033.html | RTXM700-502 / Key Features,UNKNOWN,2026-10-03,当前官网具体P/N可询盘；量产/客户认证UNKNOWN,产品页/规格书
R09,光迅科技 / Accelink,1.6T OSFP224 DR8（官网当前配置）,RTXM700-502,06 载体与芯片互连,待提取：本稿尚未取得该环节专项资料；不能据此断言厂商未披露,未提取/待检索,,UNKNOWN,2026-10-03,当前官网具体P/N可询盘；量产/客户认证UNKNOWN,产品页/规格书
R09,光迅科技 / Accelink,1.6T OSFP224 DR8（官网当前配置）,RTXM700-502,07 发射耦合,待提取：本稿尚未取得该环节专项资料；不能据此断言厂商未披露,未提取/待检索,,UNKNOWN,2026-10-03,当前官网具体P/N可询盘；量产/客户认证UNKNOWN,产品页/规格书
R09,光迅科技 / Accelink,1.6T OSFP224 DR8（官网当前配置）,RTXM700-502,08 合波,UNKNOWN（DR8并行标准架构可解释，内部光学器件未披露）,UNKNOWN,https://www.accelink.com/en/lighting_your_dreams/1859158602116268033.html | RTXM700-502 / Key Features,UNKNOWN,2026-10-03,当前官网具体P/N可询盘；量产/客户认证UNKNOWN,产品页/规格书
R09,光迅科技 / Accelink,1.6T OSFP224 DR8（官网当前配置）,RTXM700-502,09 外部光接口,8 ×200G PAM4；每通道最高212.5Gbps直接披露；距离：500m SMF；光纤接口见封装字段：标题OSFP224，Key Features写OSFP1600；dual MPO-12 APC,厂商直接披露,https://www.accelink.com/en/lighting_your_dreams/1859158602116268033.html | RTXM700-502 / Key Features,UNKNOWN,2026-10-03,当前官网具体P/N可询盘；量产/客户认证UNKNOWN,产品页/规格书
R09,光迅科技 / Accelink,1.6T OSFP224 DR8（官网当前配置）,RTXM700-502,10 分波,UNKNOWN（DR8并行标准架构可解释，内部光学器件未披露）,UNKNOWN,https://www.accelink.com/en/lighting_your_dreams/1859158602116268033.html | RTXM700-502 / Key Features,UNKNOWN,2026-10-03,当前官网具体P/N可询盘；量产/客户认证UNKNOWN,产品页/规格书
R09,光迅科技 / Accelink,1.6T OSFP224 DR8（官网当前配置）,RTXM700-502,11 接收耦合,待提取：本稿尚未取得该环节专项资料；不能据此断言厂商未披露,未提取/待检索,,UNKNOWN,2026-10-03,当前官网具体P/N可询盘；量产/客户认证UNKNOWN,产品页/规格书
R09,光迅科技 / Accelink,1.6T OSFP224 DR8（官网当前配置）,RTXM700-502,12 探测器,UNKNOWN（探测器与接收放大联合披露，未给出部分保持UNKNOWN）,UNKNOWN,https://www.accelink.com/en/lighting_your_dreams/1859158602116268033.html | RTXM700-502 / Key Features,UNKNOWN,2026-10-03,当前官网具体P/N可询盘；量产/客户认证UNKNOWN,产品页/规格书
R09,光迅科技 / Accelink,1.6T OSFP224 DR8（官网当前配置）,RTXM700-502,13 接收放大,UNKNOWN（探测器与接收放大联合披露，未给出部分保持UNKNOWN）,UNKNOWN,https://www.accelink.com/en/lighting_your_dreams/1859158602116268033.html | RTXM700-502 / Key Features,UNKNOWN,2026-10-03,当前官网具体P/N可询盘；量产/客户认证UNKNOWN,产品页/规格书
R09,光迅科技 / Accelink,1.6T OSFP224 DR8（官网当前配置）,RTXM700-502,14 控制,待提取：本稿尚未取得该环节专项资料；不能据此断言厂商未披露,未提取/待检索,,UNKNOWN,2026-10-03,当前官网具体P/N可询盘；量产/客户认证UNKNOWN,产品页/规格书
R09,光迅科技 / Accelink,1.6T OSFP224 DR8（官网当前配置）,RTXM700-502,15 非易失存储,待提取：本稿尚未取得该环节专项资料；不能据此断言厂商未披露,未提取/待检索,,UNKNOWN,2026-10-03,当前官网具体P/N可询盘；量产/客户认证UNKNOWN,产品页/规格书
R09,光迅科技 / Accelink,1.6T OSFP224 DR8（官网当前配置）,RTXM700-502,16 电源,待提取：本稿尚未取得该环节专项资料；不能据此断言厂商未披露,未提取/待检索,,UNKNOWN,2026-10-03,当前官网具体P/N可询盘；量产/客户认证UNKNOWN,产品页/规格书
R09,光迅科技 / Accelink,1.6T OSFP224 DR8（官网当前配置）,RTXM700-502,17 时钟,待提取：本稿尚未取得该环节专项资料；不能据此断言厂商未披露,未提取/待检索,,UNKNOWN,2026-10-03,当前官网具体P/N可询盘；量产/客户认证UNKNOWN,产品页/规格书
R09,光迅科技 / Accelink,1.6T OSFP224 DR8（官网当前配置）,RTXM700-502,18 无源电子件,待提取：本稿尚未取得该环节专项资料；不能据此断言厂商未披露,未提取/待检索,,UNKNOWN,2026-10-03,当前官网具体P/N可询盘；量产/客户认证UNKNOWN,产品页/规格书
R09,光迅科技 / Accelink,1.6T OSFP224 DR8（官网当前配置）,RTXM700-502,19 热管理,30W；15–70°C（官网当前Key Features，不与其他版本功耗混合）；具体散热器、材料与热设计UNKNOWN,部分披露/有保留,https://www.accelink.com/en/lighting_your_dreams/1859158602116268033.html | RTXM700-502 / Key Features,UNKNOWN,2026-10-03,当前官网具体P/N可询盘；量产/客户认证UNKNOWN,产品页/规格书
R09,光迅科技 / Accelink,1.6T OSFP224 DR8（官网当前配置）,RTXM700-502,20 总体封装,标题OSFP224，Key Features写OSFP1600；dual MPO-12 APC,厂商直接披露,https://www.accelink.com/en/lighting_your_dreams/1859158602116268033.html | RTXM700-502 / Key Features,UNKNOWN,2026-10-03,当前官网具体P/N可询盘；量产/客户认证UNKNOWN,产品页/规格书
R10,新易盛 / Eoptolink,800G DR8 LPO（OFC 2024产品族）,UNKNOWN（OIF厂商PDF未列P/N）,01 主机电接口,资料给每通道106.25Gbps PAM4；该 DR8 版本完整电通道表与SKU对应UNKNOWN,部分披露/有保留,"https://www.oiforum.com/wp-content/uploads/OIF_PLL_Demo_Eoptolink_OFC2024.pdf | p1, FEATURES与PRODUCT DESCRIPTION",OFC 2024 2024-03-26至28,2026-10-03,OFC 2024展示资料，说明具体路线；不证任一SKU大批量,产品族披露
R10,新易盛 / Eoptolink,800G DR8 LPO（OFC 2024产品族）,UNKNOWN（OIF厂商PDF未列P/N）,02 PCB与电连接,待提取：本稿尚未取得该环节专项资料；不能据此断言厂商未披露,未提取/待检索,,OFC 2024 2024-03-26至28,2026-10-03,OFC 2024展示资料，说明具体路线；不证任一SKU大批量,产品族披露
R10,新易盛 / Eoptolink,800G DR8 LPO（OFC 2024产品族）,UNKNOWN（OIF厂商PDF未列P/N）,03 电处理,仅TX线性Driver、RX TIA；模块内不需DSP/CDR ASIC,厂商直接披露,"https://www.oiforum.com/wp-content/uploads/OIF_PLL_Demo_Eoptolink_OFC2024.pdf | p1, FEATURES与PRODUCT DESCRIPTION",OFC 2024 2024-03-26至28,2026-10-03,OFC 2024展示资料，说明具体路线；不证任一SKU大批量,产品族披露
R10,新易盛 / Eoptolink,800G DR8 LPO（OFC 2024产品族）,UNKNOWN（OIF厂商PDF未列P/N）,04 驱动,仅TX线性Driver、RX TIA；模块内不需DSP/CDR ASIC（本项仅提取驱动相关披露）,厂商直接披露,"https://www.oiforum.com/wp-content/uploads/OIF_PLL_Demo_Eoptolink_OFC2024.pdf | p1, FEATURES与PRODUCT DESCRIPTION",OFC 2024 2024-03-26至28,2026-10-03,OFC 2024展示资料，说明具体路线；不证任一SKU大批量,产品族披露
R10,新易盛 / Eoptolink,800G DR8 LPO（OFC 2024产品族）,UNKNOWN（OIF厂商PDF未列P/N）,05 发光与调制,SiPh transmitter；CW光源/调制器结构UNKNOWN,部分披露/有保留,"https://www.oiforum.com/wp-content/uploads/OIF_PLL_Demo_Eoptolink_OFC2024.pdf | p1, FEATURES与PRODUCT DESCRIPTION",OFC 2024 2024-03-26至28,2026-10-03,OFC 2024展示资料，说明具体路线；不证任一SKU大批量,产品族披露
R10,新易盛 / Eoptolink,800G DR8 LPO（OFC 2024产品族）,UNKNOWN（OIF厂商PDF未列P/N）,06 载体与芯片互连,待提取：本稿尚未取得该环节专项资料；不能据此断言厂商未披露,未提取/待检索,,OFC 2024 2024-03-26至28,2026-10-03,OFC 2024展示资料，说明具体路线；不证任一SKU大批量,产品族披露
R10,新易盛 / Eoptolink,800G DR8 LPO（OFC 2024产品族）,UNKNOWN（OIF厂商PDF未列P/N）,07 发射耦合,待提取：本稿尚未取得该环节专项资料；不能据此断言厂商未披露,未提取/待检索,,OFC 2024 2024-03-26至28,2026-10-03,OFC 2024展示资料，说明具体路线；不证任一SKU大批量,产品族披露
R10,新易盛 / Eoptolink,800G DR8 LPO（OFC 2024产品族）,UNKNOWN（OIF厂商PDF未列P/N）,08 合波,UNKNOWN：具体合分波器件、材料和集成位置未披露；两个产品的光路不合并,UNKNOWN,"https://www.oiforum.com/wp-content/uploads/OIF_PLL_Demo_Eoptolink_OFC2024.pdf | p1, FEATURES与PRODUCT DESCRIPTION",OFC 2024 2024-03-26至28,2026-10-03,OFC 2024展示资料，说明具体路线；不证任一SKU大批量,产品族披露
R10,新易盛 / Eoptolink,800G DR8 LPO（OFC 2024产品族）,UNKNOWN（OIF厂商PDF未列P/N）,09 外部光接口,DR8 并行配置；资料给106.25Gbps PAM4/通道，完整通道对应仍需SKU规格；距离：500m SMF；光纤接口见封装字段：OSFP / QSFP112-DD产品族；该配置精确形态与连接器待SKU确认,厂商直接披露,"https://www.oiforum.com/wp-content/uploads/OIF_PLL_Demo_Eoptolink_OFC2024.pdf | p1, FEATURES与PRODUCT DESCRIPTION",OFC 2024 2024-03-26至28,2026-10-03,OFC 2024展示资料，说明具体路线；不证任一SKU大批量,产品族披露
R10,新易盛 / Eoptolink,800G DR8 LPO（OFC 2024产品族）,UNKNOWN（OIF厂商PDF未列P/N）,10 分波,UNKNOWN：具体合分波器件、材料和集成位置未披露；两个产品的光路不合并,UNKNOWN,"https://www.oiforum.com/wp-content/uploads/OIF_PLL_Demo_Eoptolink_OFC2024.pdf | p1, FEATURES与PRODUCT DESCRIPTION",OFC 2024 2024-03-26至28,2026-10-03,OFC 2024展示资料，说明具体路线；不证任一SKU大批量,产品族披露
R10,新易盛 / Eoptolink,800G DR8 LPO（OFC 2024产品族）,UNKNOWN（OIF厂商PDF未列P/N）,11 接收耦合,待提取：本稿尚未取得该环节专项资料；不能据此断言厂商未披露,未提取/待检索,,OFC 2024 2024-03-26至28,2026-10-03,OFC 2024展示资料，说明具体路线；不证任一SKU大批量,产品族披露
R10,新易盛 / Eoptolink,800G DR8 LPO（OFC 2024产品族）,UNKNOWN（OIF厂商PDF未列P/N）,12 探测器,PIN探测器；材料、颗数与芯片型号未披露,部分披露；具体边界见主张,"https://www.oiforum.com/wp-content/uploads/OIF_PLL_Demo_Eoptolink_OFC2024.pdf | p1, FEATURES与PRODUCT DESCRIPTION",OFC 2024 2024-03-26至28,2026-10-03,OFC 2024展示资料，说明具体路线；不证任一SKU大批量,产品族披露
R10,新易盛 / Eoptolink,800G DR8 LPO（OFC 2024产品族）,UNKNOWN（OIF厂商PDF未列P/N）,13 接收放大,TIA阵列；具体通道组织与型号未披露,部分披露；具体边界见主张,"https://www.oiforum.com/wp-content/uploads/OIF_PLL_Demo_Eoptolink_OFC2024.pdf | p1, FEATURES与PRODUCT DESCRIPTION",OFC 2024 2024-03-26至28,2026-10-03,OFC 2024展示资料，说明具体路线；不证任一SKU大批量,产品族披露
R10,新易盛 / Eoptolink,800G DR8 LPO（OFC 2024产品族）,UNKNOWN（OIF厂商PDF未列P/N）,14 控制,待提取：本稿尚未取得该环节专项资料；不能据此断言厂商未披露,未提取/待检索,,OFC 2024 2024-03-26至28,2026-10-03,OFC 2024展示资料，说明具体路线；不证任一SKU大批量,产品族披露
R10,新易盛 / Eoptolink,800G DR8 LPO（OFC 2024产品族）,UNKNOWN（OIF厂商PDF未列P/N）,15 非易失存储,待提取：本稿尚未取得该环节专项资料；不能据此断言厂商未披露,未提取/待检索,,OFC 2024 2024-03-26至28,2026-10-03,OFC 2024展示资料，说明具体路线；不证任一SKU大批量,产品族披露
R10,新易盛 / Eoptolink,800G DR8 LPO（OFC 2024产品族）,UNKNOWN（OIF厂商PDF未列P/N）,16 电源,待提取：本稿尚未取得该环节专项资料；不能据此断言厂商未披露,未提取/待检索,,OFC 2024 2024-03-26至28,2026-10-03,OFC 2024展示资料，说明具体路线；不证任一SKU大批量,产品族披露
R10,新易盛 / Eoptolink,800G DR8 LPO（OFC 2024产品族）,UNKNOWN（OIF厂商PDF未列P/N）,17 时钟,待提取：本稿尚未取得该环节专项资料；不能据此断言厂商未披露,未提取/待检索,,OFC 2024 2024-03-26至28,2026-10-03,OFC 2024展示资料，说明具体路线；不证任一SKU大批量,产品族披露
R10,新易盛 / Eoptolink,800G DR8 LPO（OFC 2024产品族）,UNKNOWN（OIF厂商PDF未列P/N）,18 无源电子件,待提取：本稿尚未取得该环节专项资料；不能据此断言厂商未披露,未提取/待检索,,OFC 2024 2024-03-26至28,2026-10-03,OFC 2024展示资料，说明具体路线；不证任一SKU大批量,产品族披露
R10,新易盛 / Eoptolink,800G DR8 LPO（OFC 2024产品族）,UNKNOWN（OIF厂商PDF未列P/N）,19 热管理,<8W（产品族上限，非每SKU实测）；具体散热器、材料与热设计UNKNOWN,部分披露/有保留,"https://www.oiforum.com/wp-content/uploads/OIF_PLL_Demo_Eoptolink_OFC2024.pdf | p1, FEATURES与PRODUCT DESCRIPTION",OFC 2024 2024-03-26至28,2026-10-03,OFC 2024展示资料，说明具体路线；不证任一SKU大批量,产品族披露
R10,新易盛 / Eoptolink,800G DR8 LPO（OFC 2024产品族）,UNKNOWN（OIF厂商PDF未列P/N）,20 总体封装,OSFP / QSFP112-DD产品族；该配置精确形态与连接器待SKU确认,厂商直接披露,"https://www.oiforum.com/wp-content/uploads/OIF_PLL_Demo_Eoptolink_OFC2024.pdf | p1, FEATURES与PRODUCT DESCRIPTION",OFC 2024 2024-03-26至28,2026-10-03,OFC 2024展示资料，说明具体路线；不证任一SKU大批量,产品族披露
R11,新易盛 / Eoptolink,800G 2×FR4 LPO（OFC 2024产品族）,UNKNOWN（OIF厂商PDF未列P/N）,01 主机电接口,资料给每通道106.25Gbps PAM4；该 2×FR4 版本完整电通道表与SKU对应UNKNOWN,部分披露/有保留,"https://www.oiforum.com/wp-content/uploads/OIF_PLL_Demo_Eoptolink_OFC2024.pdf | p1, FEATURES与PRODUCT DESCRIPTION",OFC 2024 2024-03-26至28,2026-10-03,OFC 2024展示资料，说明具体路线；不证任一SKU大批量,产品族披露
R11,新易盛 / Eoptolink,800G 2×FR4 LPO（OFC 2024产品族）,UNKNOWN（OIF厂商PDF未列P/N）,02 PCB与电连接,待提取：本稿尚未取得该环节专项资料；不能据此断言厂商未披露,未提取/待检索,,OFC 2024 2024-03-26至28,2026-10-03,OFC 2024展示资料，说明具体路线；不证任一SKU大批量,产品族披露
R11,新易盛 / Eoptolink,800G 2×FR4 LPO（OFC 2024产品族）,UNKNOWN（OIF厂商PDF未列P/N）,03 电处理,仅TX线性Driver、RX TIA；模块内不需DSP/CDR ASIC,厂商直接披露,"https://www.oiforum.com/wp-content/uploads/OIF_PLL_Demo_Eoptolink_OFC2024.pdf | p1, FEATURES与PRODUCT DESCRIPTION",OFC 2024 2024-03-26至28,2026-10-03,OFC 2024展示资料，说明具体路线；不证任一SKU大批量,产品族披露
R11,新易盛 / Eoptolink,800G 2×FR4 LPO（OFC 2024产品族）,UNKNOWN（OIF厂商PDF未列P/N）,04 驱动,仅TX线性Driver、RX TIA；模块内不需DSP/CDR ASIC（本项仅提取驱动相关披露）,厂商直接披露,"https://www.oiforum.com/wp-content/uploads/OIF_PLL_Demo_Eoptolink_OFC2024.pdf | p1, FEATURES与PRODUCT DESCRIPTION",OFC 2024 2024-03-26至28,2026-10-03,OFC 2024展示资料，说明具体路线；不证任一SKU大批量,产品族披露
R11,新易盛 / Eoptolink,800G 2×FR4 LPO（OFC 2024产品族）,UNKNOWN（OIF厂商PDF未列P/N）,05 发光与调制,SiPh transmitter；CW光源/调制器结构UNKNOWN,部分披露/有保留,"https://www.oiforum.com/wp-content/uploads/OIF_PLL_Demo_Eoptolink_OFC2024.pdf | p1, FEATURES与PRODUCT DESCRIPTION",OFC 2024 2024-03-26至28,2026-10-03,OFC 2024展示资料，说明具体路线；不证任一SKU大批量,产品族披露
R11,新易盛 / Eoptolink,800G 2×FR4 LPO（OFC 2024产品族）,UNKNOWN（OIF厂商PDF未列P/N）,06 载体与芯片互连,待提取：本稿尚未取得该环节专项资料；不能据此断言厂商未披露,未提取/待检索,,OFC 2024 2024-03-26至28,2026-10-03,OFC 2024展示资料，说明具体路线；不证任一SKU大批量,产品族披露
R11,新易盛 / Eoptolink,800G 2×FR4 LPO（OFC 2024产品族）,UNKNOWN（OIF厂商PDF未列P/N）,07 发射耦合,待提取：本稿尚未取得该环节专项资料；不能据此断言厂商未披露,未提取/待检索,,OFC 2024 2024-03-26至28,2026-10-03,OFC 2024展示资料，说明具体路线；不证任一SKU大批量,产品族披露
R11,新易盛 / Eoptolink,800G 2×FR4 LPO（OFC 2024产品族）,UNKNOWN（OIF厂商PDF未列P/N）,08 合波,UNKNOWN：具体合分波器件、材料和集成位置未披露；两个产品的光路不合并,UNKNOWN,"https://www.oiforum.com/wp-content/uploads/OIF_PLL_Demo_Eoptolink_OFC2024.pdf | p1, FEATURES与PRODUCT DESCRIPTION",OFC 2024 2024-03-26至28,2026-10-03,OFC 2024展示资料，说明具体路线；不证任一SKU大批量,产品族披露
R11,新易盛 / Eoptolink,800G 2×FR4 LPO（OFC 2024产品族）,UNKNOWN（OIF厂商PDF未列P/N）,09 外部光接口,2×FR4 波分配置；资料给106.25Gbps PAM4/通道，完整通道对应仍需SKU规格；距离：2km SMF；光纤接口见封装字段：OSFP / QSFP112-DD产品族；该配置精确形态与连接器待SKU确认,厂商直接披露,"https://www.oiforum.com/wp-content/uploads/OIF_PLL_Demo_Eoptolink_OFC2024.pdf | p1, FEATURES与PRODUCT DESCRIPTION",OFC 2024 2024-03-26至28,2026-10-03,OFC 2024展示资料，说明具体路线；不证任一SKU大批量,产品族披露
R11,新易盛 / Eoptolink,800G 2×FR4 LPO（OFC 2024产品族）,UNKNOWN（OIF厂商PDF未列P/N）,10 分波,UNKNOWN：具体合分波器件、材料和集成位置未披露；两个产品的光路不合并,UNKNOWN,"https://www.oiforum.com/wp-content/uploads/OIF_PLL_Demo_Eoptolink_OFC2024.pdf | p1, FEATURES与PRODUCT DESCRIPTION",OFC 2024 2024-03-26至28,2026-10-03,OFC 2024展示资料，说明具体路线；不证任一SKU大批量,产品族披露
R11,新易盛 / Eoptolink,800G 2×FR4 LPO（OFC 2024产品族）,UNKNOWN（OIF厂商PDF未列P/N）,11 接收耦合,待提取：本稿尚未取得该环节专项资料；不能据此断言厂商未披露,未提取/待检索,,OFC 2024 2024-03-26至28,2026-10-03,OFC 2024展示资料，说明具体路线；不证任一SKU大批量,产品族披露
R11,新易盛 / Eoptolink,800G 2×FR4 LPO（OFC 2024产品族）,UNKNOWN（OIF厂商PDF未列P/N）,12 探测器,PIN探测器；材料、颗数与芯片型号未披露,部分披露；具体边界见主张,"https://www.oiforum.com/wp-content/uploads/OIF_PLL_Demo_Eoptolink_OFC2024.pdf | p1, FEATURES与PRODUCT DESCRIPTION",OFC 2024 2024-03-26至28,2026-10-03,OFC 2024展示资料，说明具体路线；不证任一SKU大批量,产品族披露
R11,新易盛 / Eoptolink,800G 2×FR4 LPO（OFC 2024产品族）,UNKNOWN（OIF厂商PDF未列P/N）,13 接收放大,TIA阵列；具体通道组织与型号未披露,部分披露；具体边界见主张,"https://www.oiforum.com/wp-content/uploads/OIF_PLL_Demo_Eoptolink_OFC2024.pdf | p1, FEATURES与PRODUCT DESCRIPTION",OFC 2024 2024-03-26至28,2026-10-03,OFC 2024展示资料，说明具体路线；不证任一SKU大批量,产品族披露
R11,新易盛 / Eoptolink,800G 2×FR4 LPO（OFC 2024产品族）,UNKNOWN（OIF厂商PDF未列P/N）,14 控制,待提取：本稿尚未取得该环节专项资料；不能据此断言厂商未披露,未提取/待检索,,OFC 2024 2024-03-26至28,2026-10-03,OFC 2024展示资料，说明具体路线；不证任一SKU大批量,产品族披露
R11,新易盛 / Eoptolink,800G 2×FR4 LPO（OFC 2024产品族）,UNKNOWN（OIF厂商PDF未列P/N）,15 非易失存储,待提取：本稿尚未取得该环节专项资料；不能据此断言厂商未披露,未提取/待检索,,OFC 2024 2024-03-26至28,2026-10-03,OFC 2024展示资料，说明具体路线；不证任一SKU大批量,产品族披露
R11,新易盛 / Eoptolink,800G 2×FR4 LPO（OFC 2024产品族）,UNKNOWN（OIF厂商PDF未列P/N）,16 电源,待提取：本稿尚未取得该环节专项资料；不能据此断言厂商未披露,未提取/待检索,,OFC 2024 2024-03-26至28,2026-10-03,OFC 2024展示资料，说明具体路线；不证任一SKU大批量,产品族披露
R11,新易盛 / Eoptolink,800G 2×FR4 LPO（OFC 2024产品族）,UNKNOWN（OIF厂商PDF未列P/N）,17 时钟,待提取：本稿尚未取得该环节专项资料；不能据此断言厂商未披露,未提取/待检索,,OFC 2024 2024-03-26至28,2026-10-03,OFC 2024展示资料，说明具体路线；不证任一SKU大批量,产品族披露
R11,新易盛 / Eoptolink,800G 2×FR4 LPO（OFC 2024产品族）,UNKNOWN（OIF厂商PDF未列P/N）,18 无源电子件,待提取：本稿尚未取得该环节专项资料；不能据此断言厂商未披露,未提取/待检索,,OFC 2024 2024-03-26至28,2026-10-03,OFC 2024展示资料，说明具体路线；不证任一SKU大批量,产品族披露
R11,新易盛 / Eoptolink,800G 2×FR4 LPO（OFC 2024产品族）,UNKNOWN（OIF厂商PDF未列P/N）,19 热管理,<8W（产品族上限，非每SKU实测）；具体散热器、材料与热设计UNKNOWN,部分披露/有保留,"https://www.oiforum.com/wp-content/uploads/OIF_PLL_Demo_Eoptolink_OFC2024.pdf | p1, FEATURES与PRODUCT DESCRIPTION",OFC 2024 2024-03-26至28,2026-10-03,OFC 2024展示资料，说明具体路线；不证任一SKU大批量,产品族披露
R11,新易盛 / Eoptolink,800G 2×FR4 LPO（OFC 2024产品族）,UNKNOWN（OIF厂商PDF未列P/N）,20 总体封装,OSFP / QSFP112-DD产品族；该配置精确形态与连接器待SKU确认,厂商直接披露,"https://www.oiforum.com/wp-content/uploads/OIF_PLL_Demo_Eoptolink_OFC2024.pdf | p1, FEATURES与PRODUCT DESCRIPTION",OFC 2024 2024-03-26至28,2026-10-03,OFC 2024展示资料，说明具体路线；不证任一SKU大批量,产品族披露
R12,新易盛 / Eoptolink,800G OSFP DR8 Immersion cooled,EOLO-138HG-5H-XYMX,01 主机电接口,8 independent I/O，800GAUI-8；8×106.25Gbps PAM4,厂商直接披露,https://www.eoptolink.com/pdf/800G/OSFP%20Liquid%20Cooling/Brief%20EOLO-138HG-5H-XYMX%20Preliminary%20V1.a.pdf | p1 Features/产品说明/订货表,文件未标明确日历日期,2026-10-03,Preliminary V1.a数据简表；不证量产交付,产品页/规格书
R12,新易盛 / Eoptolink,800G OSFP DR8 Immersion cooled,EOLO-138HG-5H-XYMX,02 PCB与电连接,待提取：本稿尚未取得该环节专项资料；不能据此断言厂商未披露,未提取/待检索,,文件未标明确日历日期,2026-10-03,Preliminary V1.a数据简表；不证量产交付,产品页/规格书
R12,新易盛 / Eoptolink,800G OSFP DR8 Immersion cooled,EOLO-138HG-5H-XYMX,03 电处理,发射Driver与接收TIA集成进DSP（规格书明述）；芯片型号/制程UNKNOWN,部分披露/有保留,https://www.eoptolink.com/pdf/800G/OSFP%20Liquid%20Cooling/Brief%20EOLO-138HG-5H-XYMX%20Preliminary%20V1.a.pdf | p1 Features/产品说明/订货表,文件未标明确日历日期,2026-10-03,Preliminary V1.a数据简表；不证量产交付,产品页/规格书
R12,新易盛 / Eoptolink,800G OSFP DR8 Immersion cooled,EOLO-138HG-5H-XYMX,04 驱动,发射Driver与接收TIA集成进DSP（规格书明述）；芯片型号/制程UNKNOWN（本项仅提取驱动相关披露）,部分披露/有保留,https://www.eoptolink.com/pdf/800G/OSFP%20Liquid%20Cooling/Brief%20EOLO-138HG-5H-XYMX%20Preliminary%20V1.a.pdf | p1 Features/产品说明/订货表,文件未标明确日历日期,2026-10-03,Preliminary V1.a数据简表；不证量产交付,产品页/规格书
R12,新易盛 / Eoptolink,800G OSFP DR8 Immersion cooled,EOLO-138HG-5H-XYMX,05 发光与调制,UNKNOWN；不能从LPO产品族SiPh推入本SKU,UNKNOWN,https://www.eoptolink.com/pdf/800G/OSFP%20Liquid%20Cooling/Brief%20EOLO-138HG-5H-XYMX%20Preliminary%20V1.a.pdf | p1 Features/产品说明/订货表,文件未标明确日历日期,2026-10-03,Preliminary V1.a数据简表；不证量产交付,产品页/规格书
R12,新易盛 / Eoptolink,800G OSFP DR8 Immersion cooled,EOLO-138HG-5H-XYMX,06 载体与芯片互连,待提取：本稿尚未取得该环节专项资料；不能据此断言厂商未披露,未提取/待检索,,文件未标明确日历日期,2026-10-03,Preliminary V1.a数据简表；不证量产交付,产品页/规格书
R12,新易盛 / Eoptolink,800G OSFP DR8 Immersion cooled,EOLO-138HG-5H-XYMX,07 发射耦合,待提取：本稿尚未取得该环节专项资料；不能据此断言厂商未披露,未提取/待检索,,文件未标明确日历日期,2026-10-03,Preliminary V1.a数据简表；不证量产交付,产品页/规格书
R12,新易盛 / Eoptolink,800G OSFP DR8 Immersion cooled,EOLO-138HG-5H-XYMX,08 合波,并行8通道，内部光学BOM UNKNOWN,部分披露/有保留,https://www.eoptolink.com/pdf/800G/OSFP%20Liquid%20Cooling/Brief%20EOLO-138HG-5H-XYMX%20Preliminary%20V1.a.pdf | p1 Features/产品说明/订货表,文件未标明确日历日期,2026-10-03,Preliminary V1.a数据简表；不证量产交付,产品页/规格书
R12,新易盛 / Eoptolink,800G OSFP DR8 Immersion cooled,EOLO-138HG-5H-XYMX,09 外部光接口,8 parallel ×106.25Gbps PAM4 / 1310nm；距离：500m SMF；主机KP4 FEC；光纤接口见封装字段：OSFP；MPO-16位于光纤尾纤末端,厂商直接披露,https://www.eoptolink.com/pdf/800G/OSFP%20Liquid%20Cooling/Brief%20EOLO-138HG-5H-XYMX%20Preliminary%20V1.a.pdf | p1 Features/产品说明/订货表,文件未标明确日历日期,2026-10-03,Preliminary V1.a数据简表；不证量产交付,产品页/规格书
R12,新易盛 / Eoptolink,800G OSFP DR8 Immersion cooled,EOLO-138HG-5H-XYMX,10 分波,并行8通道，内部光学BOM UNKNOWN,部分披露/有保留,https://www.eoptolink.com/pdf/800G/OSFP%20Liquid%20Cooling/Brief%20EOLO-138HG-5H-XYMX%20Preliminary%20V1.a.pdf | p1 Features/产品说明/订货表,文件未标明确日历日期,2026-10-03,Preliminary V1.a数据简表；不证量产交付,产品页/规格书
R12,新易盛 / Eoptolink,800G OSFP DR8 Immersion cooled,EOLO-138HG-5H-XYMX,11 接收耦合,待提取：本稿尚未取得该环节专项资料；不能据此断言厂商未披露,未提取/待检索,,文件未标明确日历日期,2026-10-03,Preliminary V1.a数据简表；不证量产交付,产品页/规格书
R12,新易盛 / Eoptolink,800G OSFP DR8 Immersion cooled,EOLO-138HG-5H-XYMX,12 探测器,本PDF未列PD结构/材料,所核来源未列该项,https://www.eoptolink.com/pdf/800G/OSFP%20Liquid%20Cooling/Brief%20EOLO-138HG-5H-XYMX%20Preliminary%20V1.a.pdf | p1 Features/产品说明/订货表,文件未标明确日历日期,2026-10-03,Preliminary V1.a数据简表；不证量产交付,产品页/规格书
R12,新易盛 / Eoptolink,800G OSFP DR8 Immersion cooled,EOLO-138HG-5H-XYMX,13 接收放大,TIA集成进DSP；具体型号未列,部分披露；具体边界见主张,https://www.eoptolink.com/pdf/800G/OSFP%20Liquid%20Cooling/Brief%20EOLO-138HG-5H-XYMX%20Preliminary%20V1.a.pdf | p1 Features/产品说明/订货表,文件未标明确日历日期,2026-10-03,Preliminary V1.a数据简表；不证量产交付,产品页/规格书
R12,新易盛 / Eoptolink,800G OSFP DR8 Immersion cooled,EOLO-138HG-5H-XYMX,14 控制,CMIS 5.0；DDMI数字诊断；MCU型号与存储器实现未取得,部分披露；具体边界见主张,https://www.eoptolink.com/pdf/800G/OSFP%20Liquid%20Cooling/Brief%20EOLO-138HG-5H-XYMX%20Preliminary%20V1.a.pdf | p1 Features/产品说明/订货表,文件未标明确日历日期,2026-10-03,Preliminary V1.a数据简表；不证量产交付,产品页/规格书
R12,新易盛 / Eoptolink,800G OSFP DR8 Immersion cooled,EOLO-138HG-5H-XYMX,15 非易失存储,待提取：本稿尚未取得该环节专项资料；不能据此断言厂商未披露,未提取/待检索,,文件未标明确日历日期,2026-10-03,Preliminary V1.a数据简表；不证量产交付,产品页/规格书
R12,新易盛 / Eoptolink,800G OSFP DR8 Immersion cooled,EOLO-138HG-5H-XYMX,16 电源,待提取：本稿尚未取得该环节专项资料；不能据此断言厂商未披露,未提取/待检索,,文件未标明确日历日期,2026-10-03,Preliminary V1.a数据简表；不证量产交付,产品页/规格书
R12,新易盛 / Eoptolink,800G OSFP DR8 Immersion cooled,EOLO-138HG-5H-XYMX,17 时钟,待提取：本稿尚未取得该环节专项资料；不能据此断言厂商未披露,未提取/待检索,,文件未标明确日历日期,2026-10-03,Preliminary V1.a数据简表；不证量产交付,产品页/规格书
R12,新易盛 / Eoptolink,800G OSFP DR8 Immersion cooled,EOLO-138HG-5H-XYMX,18 无源电子件,待提取：本稿尚未取得该环节专项资料；不能据此断言厂商未披露,未提取/待检索,,文件未标明确日历日期,2026-10-03,Preliminary V1.a数据简表；不证量产交付,产品页/规格书
R12,新易盛 / Eoptolink,800G OSFP DR8 Immersion cooled,EOLO-138HG-5H-XYMX,19 热管理,<14.5W；20–60°C，Two Phase Immersion Cooled环境；具体散热器、材料与热设计UNKNOWN,部分披露/有保留,https://www.eoptolink.com/pdf/800G/OSFP%20Liquid%20Cooling/Brief%20EOLO-138HG-5H-XYMX%20Preliminary%20V1.a.pdf | p1 Features/产品说明/订货表,文件未标明确日历日期,2026-10-03,Preliminary V1.a数据简表；不证量产交付,产品页/规格书
R12,新易盛 / Eoptolink,800G OSFP DR8 Immersion cooled,EOLO-138HG-5H-XYMX,20 总体封装,OSFP；MPO-16位于光纤尾纤末端,厂商直接披露,https://www.eoptolink.com/pdf/800G/OSFP%20Liquid%20Cooling/Brief%20EOLO-138HG-5H-XYMX%20Preliminary%20V1.a.pdf | p1 Features/产品说明/订货表,文件未标明确日历日期,2026-10-03,Preliminary V1.a数据简表；不证量产交付,产品页/规格书
R13,新易盛 / Eoptolink,Gen2 1.6T OSFP / OSFP-RHS 2DR4（EML变体，完整后缀未知）,EOLO-13T-5H-xDxx（型号模式；小写x表示未公开变体，不能自行指定某suffix对应SiPh或EML）,01 主机电接口,200G/channel与200G SerDes已披露；总8路由1.6T/200G与2DR4配置推导，非稿逐字的电通道表,含工程推断，待型号规格确认,https://www.prnewswire.com/news-releases/eoptolink-launches-its-gen2-1-6t-osfp-and-osfp-rhs-transceiver-family-at-ofc-2025--302414882.html | web行475–482；News provided by / SOURCE Eoptolink,2025-03-29,2026-10-03,OFC2025将演示/发布；available变体，不等于已核量产,产品族披露
R13,新易盛 / Eoptolink,Gen2 1.6T OSFP / OSFP-RHS 2DR4（EML变体，完整后缀未知）,EOLO-13T-5H-xDxx（型号模式；小写x表示未公开变体，不能自行指定某suffix对应SiPh或EML）,02 PCB与电连接,待提取：本稿尚未取得该环节专项资料；不能据此断言厂商未披露,未提取/待检索,,2025-03-29,2026-10-03,OFC2025将演示/发布；available变体，不等于已核量产,产品族披露
R13,新易盛 / Eoptolink,Gen2 1.6T OSFP / OSFP-RHS 2DR4（EML变体，完整后缀未知）,EOLO-13T-5H-xDxx（型号模式；小写x表示未公开变体，不能自行指定某suffix对应SiPh或EML）,03 电处理,Fully retimed；3nm DSP明确，供应商/芯片型号UNKNOWN,部分披露/有保留,https://www.prnewswire.com/news-releases/eoptolink-launches-its-gen2-1-6t-osfp-and-osfp-rhs-transceiver-family-at-ofc-2025--302414882.html | web行475–482；News provided by / SOURCE Eoptolink,2025-03-29,2026-10-03,OFC2025将演示/发布；available变体，不等于已核量产,产品族披露
R13,新易盛 / Eoptolink,Gen2 1.6T OSFP / OSFP-RHS 2DR4（EML变体，完整后缀未知）,EOLO-13T-5H-xDxx（型号模式；小写x表示未公开变体，不能自行指定某suffix对应SiPh或EML）,04 驱动,待提取：本稿尚未取得该环节专项资料；不能据此断言厂商未披露,未提取/待检索,,2025-03-29,2026-10-03,OFC2025将演示/发布；available变体，不等于已核量产,产品族披露
R13,新易盛 / Eoptolink,Gen2 1.6T OSFP / OSFP-RHS 2DR4（EML变体，完整后缀未知）,EOLO-13T-5H-xDxx（型号模式；小写x表示未公开变体，不能自行指定某suffix对应SiPh或EML）,05 发光与调制,EML发射版本；裸片型号及内部封装UNKNOWN,部分披露/有保留,https://www.prnewswire.com/news-releases/eoptolink-launches-its-gen2-1-6t-osfp-and-osfp-rhs-transceiver-family-at-ofc-2025--302414882.html | web行475–482；News provided by / SOURCE Eoptolink,2025-03-29,2026-10-03,OFC2025将演示/发布；available变体，不等于已核量产,产品族披露
R13,新易盛 / Eoptolink,Gen2 1.6T OSFP / OSFP-RHS 2DR4（EML变体，完整后缀未知）,EOLO-13T-5H-xDxx（型号模式；小写x表示未公开变体，不能自行指定某suffix对应SiPh或EML）,06 载体与芯片互连,待提取：本稿尚未取得该环节专项资料；不能据此断言厂商未披露,未提取/待检索,,2025-03-29,2026-10-03,OFC2025将演示/发布；available变体，不等于已核量产,产品族披露
R13,新易盛 / Eoptolink,Gen2 1.6T OSFP / OSFP-RHS 2DR4（EML变体，完整后缀未知）,EOLO-13T-5H-xDxx（型号模式；小写x表示未公开变体，不能自行指定某suffix对应SiPh或EML）,07 发射耦合,待提取：本稿尚未取得该环节专项资料；不能据此断言厂商未披露,未提取/待检索,,2025-03-29,2026-10-03,OFC2025将演示/发布；available变体，不等于已核量产,产品族披露
R13,新易盛 / Eoptolink,Gen2 1.6T OSFP / OSFP-RHS 2DR4（EML变体，完整后缀未知）,EOLO-13T-5H-xDxx（型号模式；小写x表示未公开变体，不能自行指定某suffix对应SiPh或EML）,08 合波,2DR4配置；具体内部光学件UNKNOWN,部分披露/有保留,https://www.prnewswire.com/news-releases/eoptolink-launches-its-gen2-1-6t-osfp-and-osfp-rhs-transceiver-family-at-ofc-2025--302414882.html | web行475–482；News provided by / SOURCE Eoptolink,2025-03-29,2026-10-03,OFC2025将演示/发布；available变体，不等于已核量产,产品族披露
R13,新易盛 / Eoptolink,Gen2 1.6T OSFP / OSFP-RHS 2DR4（EML变体，完整后缀未知）,EOLO-13T-5H-xDxx（型号模式；小写x表示未公开变体，不能自行指定某suffix对应SiPh或EML）,09 外部光接口,2DR4对应两组4路；具体baud/波长UNKNOWN；距离：UNKNOWN（该稿未直接披露，不由5H型号编码推500m）；光纤接口见封装字段：OSFP及OSFP-RHS；2 MPO-12,部分披露/有保留,https://www.prnewswire.com/news-releases/eoptolink-launches-its-gen2-1-6t-osfp-and-osfp-rhs-transceiver-family-at-ofc-2025--302414882.html | web行475–482；News provided by / SOURCE Eoptolink,2025-03-29,2026-10-03,OFC2025将演示/发布；available变体，不等于已核量产,产品族披露
R13,新易盛 / Eoptolink,Gen2 1.6T OSFP / OSFP-RHS 2DR4（EML变体，完整后缀未知）,EOLO-13T-5H-xDxx（型号模式；小写x表示未公开变体，不能自行指定某suffix对应SiPh或EML）,10 分波,2DR4配置；具体内部光学件UNKNOWN,部分披露/有保留,https://www.prnewswire.com/news-releases/eoptolink-launches-its-gen2-1-6t-osfp-and-osfp-rhs-transceiver-family-at-ofc-2025--302414882.html | web行475–482；News provided by / SOURCE Eoptolink,2025-03-29,2026-10-03,OFC2025将演示/发布；available变体，不等于已核量产,产品族披露
R13,新易盛 / Eoptolink,Gen2 1.6T OSFP / OSFP-RHS 2DR4（EML变体，完整后缀未知）,EOLO-13T-5H-xDxx（型号模式；小写x表示未公开变体，不能自行指定某suffix对应SiPh或EML）,11 接收耦合,待提取：本稿尚未取得该环节专项资料；不能据此断言厂商未披露,未提取/待检索,,2025-03-29,2026-10-03,OFC2025将演示/发布；available变体，不等于已核量产,产品族披露
R13,新易盛 / Eoptolink,Gen2 1.6T OSFP / OSFP-RHS 2DR4（EML变体，完整后缀未知）,EOLO-13T-5H-xDxx（型号模式；小写x表示未公开变体，不能自行指定某suffix对应SiPh或EML）,12 探测器,UNKNOWN（探测器与接收放大联合披露，未给出部分保持UNKNOWN）,UNKNOWN,https://www.prnewswire.com/news-releases/eoptolink-launches-its-gen2-1-6t-osfp-and-osfp-rhs-transceiver-family-at-ofc-2025--302414882.html | web行475–482；News provided by / SOURCE Eoptolink,2025-03-29,2026-10-03,OFC2025将演示/发布；available变体，不等于已核量产,产品族披露
R13,新易盛 / Eoptolink,Gen2 1.6T OSFP / OSFP-RHS 2DR4（EML变体，完整后缀未知）,EOLO-13T-5H-xDxx（型号模式；小写x表示未公开变体，不能自行指定某suffix对应SiPh或EML）,13 接收放大,UNKNOWN（探测器与接收放大联合披露，未给出部分保持UNKNOWN）,UNKNOWN,https://www.prnewswire.com/news-releases/eoptolink-launches-its-gen2-1-6t-osfp-and-osfp-rhs-transceiver-family-at-ofc-2025--302414882.html | web行475–482；News provided by / SOURCE Eoptolink,2025-03-29,2026-10-03,OFC2025将演示/发布；available变体，不等于已核量产,产品族披露
R13,新易盛 / Eoptolink,Gen2 1.6T OSFP / OSFP-RHS 2DR4（EML变体，完整后缀未知）,EOLO-13T-5H-xDxx（型号模式；小写x表示未公开变体，不能自行指定某suffix对应SiPh或EML）,14 控制,待提取：本稿尚未取得该环节专项资料；不能据此断言厂商未披露,未提取/待检索,,2025-03-29,2026-10-03,OFC2025将演示/发布；available变体，不等于已核量产,产品族披露
R13,新易盛 / Eoptolink,Gen2 1.6T OSFP / OSFP-RHS 2DR4（EML变体，完整后缀未知）,EOLO-13T-5H-xDxx（型号模式；小写x表示未公开变体，不能自行指定某suffix对应SiPh或EML）,15 非易失存储,待提取：本稿尚未取得该环节专项资料；不能据此断言厂商未披露,未提取/待检索,,2025-03-29,2026-10-03,OFC2025将演示/发布；available变体，不等于已核量产,产品族披露
R13,新易盛 / Eoptolink,Gen2 1.6T OSFP / OSFP-RHS 2DR4（EML变体，完整后缀未知）,EOLO-13T-5H-xDxx（型号模式；小写x表示未公开变体，不能自行指定某suffix对应SiPh或EML）,16 电源,待提取：本稿尚未取得该环节专项资料；不能据此断言厂商未披露,未提取/待检索,,2025-03-29,2026-10-03,OFC2025将演示/发布；available变体，不等于已核量产,产品族披露
R13,新易盛 / Eoptolink,Gen2 1.6T OSFP / OSFP-RHS 2DR4（EML变体，完整后缀未知）,EOLO-13T-5H-xDxx（型号模式；小写x表示未公开变体，不能自行指定某suffix对应SiPh或EML）,17 时钟,待提取：本稿尚未取得该环节专项资料；不能据此断言厂商未披露,未提取/待检索,,2025-03-29,2026-10-03,OFC2025将演示/发布；available变体，不等于已核量产,产品族披露
R13,新易盛 / Eoptolink,Gen2 1.6T OSFP / OSFP-RHS 2DR4（EML变体，完整后缀未知）,EOLO-13T-5H-xDxx（型号模式；小写x表示未公开变体，不能自行指定某suffix对应SiPh或EML）,18 无源电子件,待提取：本稿尚未取得该环节专项资料；不能据此断言厂商未披露,未提取/待检索,,2025-03-29,2026-10-03,OFC2025将演示/发布；available变体，不等于已核量产,产品族披露
R13,新易盛 / Eoptolink,Gen2 1.6T OSFP / OSFP-RHS 2DR4（EML变体，完整后缀未知）,EOLO-13T-5H-xDxx（型号模式；小写x表示未公开变体，不能自行指定某suffix对应SiPh或EML）,19 热管理,相较前代模块约下降20%（厂商比较，绝对功耗及测试基线UNKNOWN）；具体散热器、材料与热设计UNKNOWN,部分披露/有保留,https://www.prnewswire.com/news-releases/eoptolink-launches-its-gen2-1-6t-osfp-and-osfp-rhs-transceiver-family-at-ofc-2025--302414882.html | web行475–482；News provided by / SOURCE Eoptolink,2025-03-29,2026-10-03,OFC2025将演示/发布；available变体，不等于已核量产,产品族披露
R13,新易盛 / Eoptolink,Gen2 1.6T OSFP / OSFP-RHS 2DR4（EML变体，完整后缀未知）,EOLO-13T-5H-xDxx（型号模式；小写x表示未公开变体，不能自行指定某suffix对应SiPh或EML）,20 总体封装,OSFP及OSFP-RHS；2 MPO-12,厂商直接披露,https://www.prnewswire.com/news-releases/eoptolink-launches-its-gen2-1-6t-osfp-and-osfp-rhs-transceiver-family-at-ofc-2025--302414882.html | web行475–482；News provided by / SOURCE Eoptolink,2025-03-29,2026-10-03,OFC2025将演示/发布；available变体，不等于已核量产,产品族披露
R14,新易盛 / Eoptolink,Gen2 1.6T OSFP / OSFP-RHS 2DR4（SiPh变体，完整后缀未知）,EOLO-13T-5H-xDxx（型号模式；小写x表示未公开变体，不能自行指定某suffix对应SiPh或EML）,01 主机电接口,200G/channel与200G SerDes已披露；总8路由1.6T/200G与2DR4配置推导，非稿逐字的电通道表,含工程推断，待型号规格确认,https://www.prnewswire.com/news-releases/eoptolink-launches-its-gen2-1-6t-osfp-and-osfp-rhs-transceiver-family-at-ofc-2025--302414882.html | web行475–482；News provided by / SOURCE Eoptolink,2025-03-29,2026-10-03,OFC2025将演示/发布；available变体，不等于已核量产,产品族披露
R14,新易盛 / Eoptolink,Gen2 1.6T OSFP / OSFP-RHS 2DR4（SiPh变体，完整后缀未知）,EOLO-13T-5H-xDxx（型号模式；小写x表示未公开变体，不能自行指定某suffix对应SiPh或EML）,02 PCB与电连接,待提取：本稿尚未取得该环节专项资料；不能据此断言厂商未披露,未提取/待检索,,2025-03-29,2026-10-03,OFC2025将演示/发布；available变体，不等于已核量产,产品族披露
R14,新易盛 / Eoptolink,Gen2 1.6T OSFP / OSFP-RHS 2DR4（SiPh变体，完整后缀未知）,EOLO-13T-5H-xDxx（型号模式；小写x表示未公开变体，不能自行指定某suffix对应SiPh或EML）,03 电处理,Fully retimed；3nm DSP明确，供应商/芯片型号UNKNOWN,部分披露/有保留,https://www.prnewswire.com/news-releases/eoptolink-launches-its-gen2-1-6t-osfp-and-osfp-rhs-transceiver-family-at-ofc-2025--302414882.html | web行475–482；News provided by / SOURCE Eoptolink,2025-03-29,2026-10-03,OFC2025将演示/发布；available变体，不等于已核量产,产品族披露
R14,新易盛 / Eoptolink,Gen2 1.6T OSFP / OSFP-RHS 2DR4（SiPh变体，完整后缀未知）,EOLO-13T-5H-xDxx（型号模式；小写x表示未公开变体，不能自行指定某suffix对应SiPh或EML）,04 驱动,待提取：本稿尚未取得该环节专项资料；不能据此断言厂商未披露,未提取/待检索,,2025-03-29,2026-10-03,OFC2025将演示/发布；available变体，不等于已核量产,产品族披露
R14,新易盛 / Eoptolink,Gen2 1.6T OSFP / OSFP-RHS 2DR4（SiPh变体，完整后缀未知）,EOLO-13T-5H-xDxx（型号模式；小写x表示未公开变体，不能自行指定某suffix对应SiPh或EML）,05 发光与调制,SiPh发射版本；光源与具体调制器结构UNKNOWN,部分披露/有保留,https://www.prnewswire.com/news-releases/eoptolink-launches-its-gen2-1-6t-osfp-and-osfp-rhs-transceiver-family-at-ofc-2025--302414882.html | web行475–482；News provided by / SOURCE Eoptolink,2025-03-29,2026-10-03,OFC2025将演示/发布；available变体，不等于已核量产,产品族披露
R14,新易盛 / Eoptolink,Gen2 1.6T OSFP / OSFP-RHS 2DR4（SiPh变体，完整后缀未知）,EOLO-13T-5H-xDxx（型号模式；小写x表示未公开变体，不能自行指定某suffix对应SiPh或EML）,06 载体与芯片互连,待提取：本稿尚未取得该环节专项资料；不能据此断言厂商未披露,未提取/待检索,,2025-03-29,2026-10-03,OFC2025将演示/发布；available变体，不等于已核量产,产品族披露
R14,新易盛 / Eoptolink,Gen2 1.6T OSFP / OSFP-RHS 2DR4（SiPh变体，完整后缀未知）,EOLO-13T-5H-xDxx（型号模式；小写x表示未公开变体，不能自行指定某suffix对应SiPh或EML）,07 发射耦合,待提取：本稿尚未取得该环节专项资料；不能据此断言厂商未披露,未提取/待检索,,2025-03-29,2026-10-03,OFC2025将演示/发布；available变体，不等于已核量产,产品族披露
R14,新易盛 / Eoptolink,Gen2 1.6T OSFP / OSFP-RHS 2DR4（SiPh变体，完整后缀未知）,EOLO-13T-5H-xDxx（型号模式；小写x表示未公开变体，不能自行指定某suffix对应SiPh或EML）,08 合波,2DR4配置；具体内部光学件UNKNOWN,部分披露/有保留,https://www.prnewswire.com/news-releases/eoptolink-launches-its-gen2-1-6t-osfp-and-osfp-rhs-transceiver-family-at-ofc-2025--302414882.html | web行475–482；News provided by / SOURCE Eoptolink,2025-03-29,2026-10-03,OFC2025将演示/发布；available变体，不等于已核量产,产品族披露
R14,新易盛 / Eoptolink,Gen2 1.6T OSFP / OSFP-RHS 2DR4（SiPh变体，完整后缀未知）,EOLO-13T-5H-xDxx（型号模式；小写x表示未公开变体，不能自行指定某suffix对应SiPh或EML）,09 外部光接口,2DR4对应两组4路；具体baud/波长UNKNOWN；距离：UNKNOWN（该稿未直接披露，不由5H型号编码推500m）；光纤接口见封装字段：OSFP及OSFP-RHS；2 MPO-12,部分披露/有保留,https://www.prnewswire.com/news-releases/eoptolink-launches-its-gen2-1-6t-osfp-and-osfp-rhs-transceiver-family-at-ofc-2025--302414882.html | web行475–482；News provided by / SOURCE Eoptolink,2025-03-29,2026-10-03,OFC2025将演示/发布；available变体，不等于已核量产,产品族披露
R14,新易盛 / Eoptolink,Gen2 1.6T OSFP / OSFP-RHS 2DR4（SiPh变体，完整后缀未知）,EOLO-13T-5H-xDxx（型号模式；小写x表示未公开变体，不能自行指定某suffix对应SiPh或EML）,10 分波,2DR4配置；具体内部光学件UNKNOWN,部分披露/有保留,https://www.prnewswire.com/news-releases/eoptolink-launches-its-gen2-1-6t-osfp-and-osfp-rhs-transceiver-family-at-ofc-2025--302414882.html | web行475–482；News provided by / SOURCE Eoptolink,2025-03-29,2026-10-03,OFC2025将演示/发布；available变体，不等于已核量产,产品族披露
R14,新易盛 / Eoptolink,Gen2 1.6T OSFP / OSFP-RHS 2DR4（SiPh变体，完整后缀未知）,EOLO-13T-5H-xDxx（型号模式；小写x表示未公开变体，不能自行指定某suffix对应SiPh或EML）,11 接收耦合,待提取：本稿尚未取得该环节专项资料；不能据此断言厂商未披露,未提取/待检索,,2025-03-29,2026-10-03,OFC2025将演示/发布；available变体，不等于已核量产,产品族披露
R14,新易盛 / Eoptolink,Gen2 1.6T OSFP / OSFP-RHS 2DR4（SiPh变体，完整后缀未知）,EOLO-13T-5H-xDxx（型号模式；小写x表示未公开变体，不能自行指定某suffix对应SiPh或EML）,12 探测器,UNKNOWN（探测器与接收放大联合披露，未给出部分保持UNKNOWN）,UNKNOWN,https://www.prnewswire.com/news-releases/eoptolink-launches-its-gen2-1-6t-osfp-and-osfp-rhs-transceiver-family-at-ofc-2025--302414882.html | web行475–482；News provided by / SOURCE Eoptolink,2025-03-29,2026-10-03,OFC2025将演示/发布；available变体，不等于已核量产,产品族披露
R14,新易盛 / Eoptolink,Gen2 1.6T OSFP / OSFP-RHS 2DR4（SiPh变体，完整后缀未知）,EOLO-13T-5H-xDxx（型号模式；小写x表示未公开变体，不能自行指定某suffix对应SiPh或EML）,13 接收放大,UNKNOWN（探测器与接收放大联合披露，未给出部分保持UNKNOWN）,UNKNOWN,https://www.prnewswire.com/news-releases/eoptolink-launches-its-gen2-1-6t-osfp-and-osfp-rhs-transceiver-family-at-ofc-2025--302414882.html | web行475–482；News provided by / SOURCE Eoptolink,2025-03-29,2026-10-03,OFC2025将演示/发布；available变体，不等于已核量产,产品族披露
R14,新易盛 / Eoptolink,Gen2 1.6T OSFP / OSFP-RHS 2DR4（SiPh变体，完整后缀未知）,EOLO-13T-5H-xDxx（型号模式；小写x表示未公开变体，不能自行指定某suffix对应SiPh或EML）,14 控制,待提取：本稿尚未取得该环节专项资料；不能据此断言厂商未披露,未提取/待检索,,2025-03-29,2026-10-03,OFC2025将演示/发布；available变体，不等于已核量产,产品族披露
R14,新易盛 / Eoptolink,Gen2 1.6T OSFP / OSFP-RHS 2DR4（SiPh变体，完整后缀未知）,EOLO-13T-5H-xDxx（型号模式；小写x表示未公开变体，不能自行指定某suffix对应SiPh或EML）,15 非易失存储,待提取：本稿尚未取得该环节专项资料；不能据此断言厂商未披露,未提取/待检索,,2025-03-29,2026-10-03,OFC2025将演示/发布；available变体，不等于已核量产,产品族披露
R14,新易盛 / Eoptolink,Gen2 1.6T OSFP / OSFP-RHS 2DR4（SiPh变体，完整后缀未知）,EOLO-13T-5H-xDxx（型号模式；小写x表示未公开变体，不能自行指定某suffix对应SiPh或EML）,16 电源,待提取：本稿尚未取得该环节专项资料；不能据此断言厂商未披露,未提取/待检索,,2025-03-29,2026-10-03,OFC2025将演示/发布；available变体，不等于已核量产,产品族披露
R14,新易盛 / Eoptolink,Gen2 1.6T OSFP / OSFP-RHS 2DR4（SiPh变体，完整后缀未知）,EOLO-13T-5H-xDxx（型号模式；小写x表示未公开变体，不能自行指定某suffix对应SiPh或EML）,17 时钟,待提取：本稿尚未取得该环节专项资料；不能据此断言厂商未披露,未提取/待检索,,2025-03-29,2026-10-03,OFC2025将演示/发布；available变体，不等于已核量产,产品族披露
R14,新易盛 / Eoptolink,Gen2 1.6T OSFP / OSFP-RHS 2DR4（SiPh变体，完整后缀未知）,EOLO-13T-5H-xDxx（型号模式；小写x表示未公开变体，不能自行指定某suffix对应SiPh或EML）,18 无源电子件,待提取：本稿尚未取得该环节专项资料；不能据此断言厂商未披露,未提取/待检索,,2025-03-29,2026-10-03,OFC2025将演示/发布；available变体，不等于已核量产,产品族披露
R14,新易盛 / Eoptolink,Gen2 1.6T OSFP / OSFP-RHS 2DR4（SiPh变体，完整后缀未知）,EOLO-13T-5H-xDxx（型号模式；小写x表示未公开变体，不能自行指定某suffix对应SiPh或EML）,19 热管理,相较前代模块约下降20%（厂商比较，绝对功耗及测试基线UNKNOWN）；具体散热器、材料与热设计UNKNOWN,部分披露/有保留,https://www.prnewswire.com/news-releases/eoptolink-launches-its-gen2-1-6t-osfp-and-osfp-rhs-transceiver-family-at-ofc-2025--302414882.html | web行475–482；News provided by / SOURCE Eoptolink,2025-03-29,2026-10-03,OFC2025将演示/发布；available变体，不等于已核量产,产品族披露
R14,新易盛 / Eoptolink,Gen2 1.6T OSFP / OSFP-RHS 2DR4（SiPh变体，完整后缀未知）,EOLO-13T-5H-xDxx（型号模式；小写x表示未公开变体，不能自行指定某suffix对应SiPh或EML）,20 总体封装,OSFP及OSFP-RHS；2 MPO-12,厂商直接披露,https://www.prnewswire.com/news-releases/eoptolink-launches-its-gen2-1-6t-osfp-and-osfp-rhs-transceiver-family-at-ofc-2025--302414882.html | web行475–482；News provided by / SOURCE Eoptolink,2025-03-29,2026-10-03,OFC2025将演示/发布；available变体，不等于已核量产,产品族披露
R15,新易盛 / Eoptolink,Gen2 1.6T OSFP / OSFP-RHS 2FR4（EML变体，完整后缀未知）,EOLO-16T-02-xxx（型号模式；不指定某suffix的光子平台）,01 主机电接口,200G/channel与200G SerDes已披露；总8路为容量推导，非逐字规格表,含工程推断，待型号规格确认,https://www.prnewswire.com/news-releases/eoptolink-launches-its-gen2-1-6t-osfp-and-osfp-rhs-transceiver-family-at-ofc-2025--302414882.html | web行476–482,2025-03-29,2026-10-03,OFC2025演示发布，未核量产,产品族披露
R15,新易盛 / Eoptolink,Gen2 1.6T OSFP / OSFP-RHS 2FR4（EML变体，完整后缀未知）,EOLO-16T-02-xxx（型号模式；不指定某suffix的光子平台）,02 PCB与电连接,待提取：本稿尚未取得该环节专项资料；不能据此断言厂商未披露,未提取/待检索,,2025-03-29,2026-10-03,OFC2025演示发布，未核量产,产品族披露
R15,新易盛 / Eoptolink,Gen2 1.6T OSFP / OSFP-RHS 2FR4（EML变体，完整后缀未知）,EOLO-16T-02-xxx（型号模式；不指定某suffix的光子平台）,03 电处理,Fully retimed；3nm DSP明确；供应商/型号UNKNOWN,部分披露/有保留,https://www.prnewswire.com/news-releases/eoptolink-launches-its-gen2-1-6t-osfp-and-osfp-rhs-transceiver-family-at-ofc-2025--302414882.html | web行476–482,2025-03-29,2026-10-03,OFC2025演示发布，未核量产,产品族披露
R15,新易盛 / Eoptolink,Gen2 1.6T OSFP / OSFP-RHS 2FR4（EML变体，完整后缀未知）,EOLO-16T-02-xxx（型号模式；不指定某suffix的光子平台）,04 驱动,待提取：本稿尚未取得该环节专项资料；不能据此断言厂商未披露,未提取/待检索,,2025-03-29,2026-10-03,OFC2025演示发布，未核量产,产品族披露
R15,新易盛 / Eoptolink,Gen2 1.6T OSFP / OSFP-RHS 2FR4（EML变体，完整后缀未知）,EOLO-16T-02-xxx（型号模式；不指定某suffix的光子平台）,05 发光与调制,EML发射版本；裸片型号及内部封装UNKNOWN,部分披露/有保留,https://www.prnewswire.com/news-releases/eoptolink-launches-its-gen2-1-6t-osfp-and-osfp-rhs-transceiver-family-at-ofc-2025--302414882.html | web行476–482,2025-03-29,2026-10-03,OFC2025演示发布，未核量产,产品族披露
R15,新易盛 / Eoptolink,Gen2 1.6T OSFP / OSFP-RHS 2FR4（EML变体，完整后缀未知）,EOLO-16T-02-xxx（型号模式；不指定某suffix的光子平台）,06 载体与芯片互连,待提取：本稿尚未取得该环节专项资料；不能据此断言厂商未披露,未提取/待检索,,2025-03-29,2026-10-03,OFC2025演示发布，未核量产,产品族披露
R15,新易盛 / Eoptolink,Gen2 1.6T OSFP / OSFP-RHS 2FR4（EML变体，完整后缀未知）,EOLO-16T-02-xxx（型号模式；不指定某suffix的光子平台）,07 发射耦合,待提取：本稿尚未取得该环节专项资料；不能据此断言厂商未披露,未提取/待检索,,2025-03-29,2026-10-03,OFC2025演示发布，未核量产,产品族披露
R15,新易盛 / Eoptolink,Gen2 1.6T OSFP / OSFP-RHS 2FR4（EML变体，完整后缀未知）,EOLO-16T-02-xxx（型号模式；不指定某suffix的光子平台）,08 合波,2FR4需要两组复用/解复用为架构推导；AWG或薄膜实现UNKNOWN,含工程推断，待型号规格确认,https://www.prnewswire.com/news-releases/eoptolink-launches-its-gen2-1-6t-osfp-and-osfp-rhs-transceiver-family-at-ofc-2025--302414882.html | web行476–482,2025-03-29,2026-10-03,OFC2025演示发布，未核量产,产品族披露
R15,新易盛 / Eoptolink,Gen2 1.6T OSFP / OSFP-RHS 2FR4（EML变体，完整后缀未知）,EOLO-16T-02-xxx（型号模式；不指定某suffix的光子平台）,09 外部光接口,2FR4类型明确；双4波长光通道为标准架构推导，本文未列波长；距离：UNKNOWN（不以02型号代码代替规格书）；光纤接口见封装字段：OSFP及OSFP-RHS；2 duplex LC,含工程推断，待型号规格确认,https://www.prnewswire.com/news-releases/eoptolink-launches-its-gen2-1-6t-osfp-and-osfp-rhs-transceiver-family-at-ofc-2025--302414882.html | web行476–482,2025-03-29,2026-10-03,OFC2025演示发布，未核量产,产品族披露
R15,新易盛 / Eoptolink,Gen2 1.6T OSFP / OSFP-RHS 2FR4（EML变体，完整后缀未知）,EOLO-16T-02-xxx（型号模式；不指定某suffix的光子平台）,10 分波,2FR4需要两组复用/解复用为架构推导；AWG或薄膜实现UNKNOWN,含工程推断，待型号规格确认,https://www.prnewswire.com/news-releases/eoptolink-launches-its-gen2-1-6t-osfp-and-osfp-rhs-transceiver-family-at-ofc-2025--302414882.html | web行476–482,2025-03-29,2026-10-03,OFC2025演示发布，未核量产,产品族披露
R15,新易盛 / Eoptolink,Gen2 1.6T OSFP / OSFP-RHS 2FR4（EML变体，完整后缀未知）,EOLO-16T-02-xxx（型号模式；不指定某suffix的光子平台）,11 接收耦合,待提取：本稿尚未取得该环节专项资料；不能据此断言厂商未披露,未提取/待检索,,2025-03-29,2026-10-03,OFC2025演示发布，未核量产,产品族披露
R15,新易盛 / Eoptolink,Gen2 1.6T OSFP / OSFP-RHS 2FR4（EML变体，完整后缀未知）,EOLO-16T-02-xxx（型号模式；不指定某suffix的光子平台）,12 探测器,UNKNOWN（探测器与接收放大联合披露，未给出部分保持UNKNOWN）,UNKNOWN,https://www.prnewswire.com/news-releases/eoptolink-launches-its-gen2-1-6t-osfp-and-osfp-rhs-transceiver-family-at-ofc-2025--302414882.html | web行476–482,2025-03-29,2026-10-03,OFC2025演示发布，未核量产,产品族披露
R15,新易盛 / Eoptolink,Gen2 1.6T OSFP / OSFP-RHS 2FR4（EML变体，完整后缀未知）,EOLO-16T-02-xxx（型号模式；不指定某suffix的光子平台）,13 接收放大,UNKNOWN（探测器与接收放大联合披露，未给出部分保持UNKNOWN）,UNKNOWN,https://www.prnewswire.com/news-releases/eoptolink-launches-its-gen2-1-6t-osfp-and-osfp-rhs-transceiver-family-at-ofc-2025--302414882.html | web行476–482,2025-03-29,2026-10-03,OFC2025演示发布，未核量产,产品族披露
R15,新易盛 / Eoptolink,Gen2 1.6T OSFP / OSFP-RHS 2FR4（EML变体，完整后缀未知）,EOLO-16T-02-xxx（型号模式；不指定某suffix的光子平台）,14 控制,待提取：本稿尚未取得该环节专项资料；不能据此断言厂商未披露,未提取/待检索,,2025-03-29,2026-10-03,OFC2025演示发布，未核量产,产品族披露
R15,新易盛 / Eoptolink,Gen2 1.6T OSFP / OSFP-RHS 2FR4（EML变体，完整后缀未知）,EOLO-16T-02-xxx（型号模式；不指定某suffix的光子平台）,15 非易失存储,待提取：本稿尚未取得该环节专项资料；不能据此断言厂商未披露,未提取/待检索,,2025-03-29,2026-10-03,OFC2025演示发布，未核量产,产品族披露
R15,新易盛 / Eoptolink,Gen2 1.6T OSFP / OSFP-RHS 2FR4（EML变体，完整后缀未知）,EOLO-16T-02-xxx（型号模式；不指定某suffix的光子平台）,16 电源,待提取：本稿尚未取得该环节专项资料；不能据此断言厂商未披露,未提取/待检索,,2025-03-29,2026-10-03,OFC2025演示发布，未核量产,产品族披露
R15,新易盛 / Eoptolink,Gen2 1.6T OSFP / OSFP-RHS 2FR4（EML变体，完整后缀未知）,EOLO-16T-02-xxx（型号模式；不指定某suffix的光子平台）,17 时钟,待提取：本稿尚未取得该环节专项资料；不能据此断言厂商未披露,未提取/待检索,,2025-03-29,2026-10-03,OFC2025演示发布，未核量产,产品族披露
R15,新易盛 / Eoptolink,Gen2 1.6T OSFP / OSFP-RHS 2FR4（EML变体，完整后缀未知）,EOLO-16T-02-xxx（型号模式；不指定某suffix的光子平台）,18 无源电子件,待提取：本稿尚未取得该环节专项资料；不能据此断言厂商未披露,未提取/待检索,,2025-03-29,2026-10-03,OFC2025演示发布，未核量产,产品族披露
R15,新易盛 / Eoptolink,Gen2 1.6T OSFP / OSFP-RHS 2FR4（EML变体，完整后缀未知）,EOLO-16T-02-xxx（型号模式；不指定某suffix的光子平台）,19 热管理,相较前代模块约下降20%，绝对W数/基线UNKNOWN；具体散热器、材料与热设计UNKNOWN,部分披露/有保留,https://www.prnewswire.com/news-releases/eoptolink-launches-its-gen2-1-6t-osfp-and-osfp-rhs-transceiver-family-at-ofc-2025--302414882.html | web行476–482,2025-03-29,2026-10-03,OFC2025演示发布，未核量产,产品族披露
R15,新易盛 / Eoptolink,Gen2 1.6T OSFP / OSFP-RHS 2FR4（EML变体，完整后缀未知）,EOLO-16T-02-xxx（型号模式；不指定某suffix的光子平台）,20 总体封装,OSFP及OSFP-RHS；2 duplex LC,厂商直接披露,https://www.prnewswire.com/news-releases/eoptolink-launches-its-gen2-1-6t-osfp-and-osfp-rhs-transceiver-family-at-ofc-2025--302414882.html | web行476–482,2025-03-29,2026-10-03,OFC2025演示发布，未核量产,产品族披露
R16,新易盛 / Eoptolink,Gen2 1.6T OSFP / OSFP-RHS 2FR4（SiPh变体，完整后缀未知）,EOLO-16T-02-xxx（型号模式；不指定某suffix的光子平台）,01 主机电接口,200G/channel与200G SerDes已披露；总8路为容量推导，非逐字规格表,含工程推断，待型号规格确认,https://www.prnewswire.com/news-releases/eoptolink-launches-its-gen2-1-6t-osfp-and-osfp-rhs-transceiver-family-at-ofc-2025--302414882.html | web行476–482,2025-03-29,2026-10-03,OFC2025演示发布，未核量产,产品族披露
R16,新易盛 / Eoptolink,Gen2 1.6T OSFP / OSFP-RHS 2FR4（SiPh变体，完整后缀未知）,EOLO-16T-02-xxx（型号模式；不指定某suffix的光子平台）,02 PCB与电连接,待提取：本稿尚未取得该环节专项资料；不能据此断言厂商未披露,未提取/待检索,,2025-03-29,2026-10-03,OFC2025演示发布，未核量产,产品族披露
R16,新易盛 / Eoptolink,Gen2 1.6T OSFP / OSFP-RHS 2FR4（SiPh变体，完整后缀未知）,EOLO-16T-02-xxx（型号模式；不指定某suffix的光子平台）,03 电处理,Fully retimed；3nm DSP明确；供应商/型号UNKNOWN,部分披露/有保留,https://www.prnewswire.com/news-releases/eoptolink-launches-its-gen2-1-6t-osfp-and-osfp-rhs-transceiver-family-at-ofc-2025--302414882.html | web行476–482,2025-03-29,2026-10-03,OFC2025演示发布，未核量产,产品族披露
R16,新易盛 / Eoptolink,Gen2 1.6T OSFP / OSFP-RHS 2FR4（SiPh变体，完整后缀未知）,EOLO-16T-02-xxx（型号模式；不指定某suffix的光子平台）,04 驱动,待提取：本稿尚未取得该环节专项资料；不能据此断言厂商未披露,未提取/待检索,,2025-03-29,2026-10-03,OFC2025演示发布，未核量产,产品族披露
R16,新易盛 / Eoptolink,Gen2 1.6T OSFP / OSFP-RHS 2FR4（SiPh变体，完整后缀未知）,EOLO-16T-02-xxx（型号模式；不指定某suffix的光子平台）,05 发光与调制,SiPh发射版本；光源与具体调制器结构UNKNOWN,部分披露/有保留,https://www.prnewswire.com/news-releases/eoptolink-launches-its-gen2-1-6t-osfp-and-osfp-rhs-transceiver-family-at-ofc-2025--302414882.html | web行476–482,2025-03-29,2026-10-03,OFC2025演示发布，未核量产,产品族披露
R16,新易盛 / Eoptolink,Gen2 1.6T OSFP / OSFP-RHS 2FR4（SiPh变体，完整后缀未知）,EOLO-16T-02-xxx（型号模式；不指定某suffix的光子平台）,06 载体与芯片互连,待提取：本稿尚未取得该环节专项资料；不能据此断言厂商未披露,未提取/待检索,,2025-03-29,2026-10-03,OFC2025演示发布，未核量产,产品族披露
R16,新易盛 / Eoptolink,Gen2 1.6T OSFP / OSFP-RHS 2FR4（SiPh变体，完整后缀未知）,EOLO-16T-02-xxx（型号模式；不指定某suffix的光子平台）,07 发射耦合,待提取：本稿尚未取得该环节专项资料；不能据此断言厂商未披露,未提取/待检索,,2025-03-29,2026-10-03,OFC2025演示发布，未核量产,产品族披露
R16,新易盛 / Eoptolink,Gen2 1.6T OSFP / OSFP-RHS 2FR4（SiPh变体，完整后缀未知）,EOLO-16T-02-xxx（型号模式；不指定某suffix的光子平台）,08 合波,2FR4需要两组复用/解复用为架构推导；AWG或薄膜实现UNKNOWN,含工程推断，待型号规格确认,https://www.prnewswire.com/news-releases/eoptolink-launches-its-gen2-1-6t-osfp-and-osfp-rhs-transceiver-family-at-ofc-2025--302414882.html | web行476–482,2025-03-29,2026-10-03,OFC2025演示发布，未核量产,产品族披露
R16,新易盛 / Eoptolink,Gen2 1.6T OSFP / OSFP-RHS 2FR4（SiPh变体，完整后缀未知）,EOLO-16T-02-xxx（型号模式；不指定某suffix的光子平台）,09 外部光接口,2FR4类型明确；双4波长光通道为标准架构推导，本文未列波长；距离：UNKNOWN（不以02型号代码代替规格书）；光纤接口见封装字段：OSFP及OSFP-RHS；2 duplex LC,含工程推断，待型号规格确认,https://www.prnewswire.com/news-releases/eoptolink-launches-its-gen2-1-6t-osfp-and-osfp-rhs-transceiver-family-at-ofc-2025--302414882.html | web行476–482,2025-03-29,2026-10-03,OFC2025演示发布，未核量产,产品族披露
R16,新易盛 / Eoptolink,Gen2 1.6T OSFP / OSFP-RHS 2FR4（SiPh变体，完整后缀未知）,EOLO-16T-02-xxx（型号模式；不指定某suffix的光子平台）,10 分波,2FR4需要两组复用/解复用为架构推导；AWG或薄膜实现UNKNOWN,含工程推断，待型号规格确认,https://www.prnewswire.com/news-releases/eoptolink-launches-its-gen2-1-6t-osfp-and-osfp-rhs-transceiver-family-at-ofc-2025--302414882.html | web行476–482,2025-03-29,2026-10-03,OFC2025演示发布，未核量产,产品族披露
R16,新易盛 / Eoptolink,Gen2 1.6T OSFP / OSFP-RHS 2FR4（SiPh变体，完整后缀未知）,EOLO-16T-02-xxx（型号模式；不指定某suffix的光子平台）,11 接收耦合,待提取：本稿尚未取得该环节专项资料；不能据此断言厂商未披露,未提取/待检索,,2025-03-29,2026-10-03,OFC2025演示发布，未核量产,产品族披露
R16,新易盛 / Eoptolink,Gen2 1.6T OSFP / OSFP-RHS 2FR4（SiPh变体，完整后缀未知）,EOLO-16T-02-xxx（型号模式；不指定某suffix的光子平台）,12 探测器,UNKNOWN（探测器与接收放大联合披露，未给出部分保持UNKNOWN）,UNKNOWN,https://www.prnewswire.com/news-releases/eoptolink-launches-its-gen2-1-6t-osfp-and-osfp-rhs-transceiver-family-at-ofc-2025--302414882.html | web行476–482,2025-03-29,2026-10-03,OFC2025演示发布，未核量产,产品族披露
R16,新易盛 / Eoptolink,Gen2 1.6T OSFP / OSFP-RHS 2FR4（SiPh变体，完整后缀未知）,EOLO-16T-02-xxx（型号模式；不指定某suffix的光子平台）,13 接收放大,UNKNOWN（探测器与接收放大联合披露，未给出部分保持UNKNOWN）,UNKNOWN,https://www.prnewswire.com/news-releases/eoptolink-launches-its-gen2-1-6t-osfp-and-osfp-rhs-transceiver-family-at-ofc-2025--302414882.html | web行476–482,2025-03-29,2026-10-03,OFC2025演示发布，未核量产,产品族披露
R16,新易盛 / Eoptolink,Gen2 1.6T OSFP / OSFP-RHS 2FR4（SiPh变体，完整后缀未知）,EOLO-16T-02-xxx（型号模式；不指定某suffix的光子平台）,14 控制,待提取：本稿尚未取得该环节专项资料；不能据此断言厂商未披露,未提取/待检索,,2025-03-29,2026-10-03,OFC2025演示发布，未核量产,产品族披露
R16,新易盛 / Eoptolink,Gen2 1.6T OSFP / OSFP-RHS 2FR4（SiPh变体，完整后缀未知）,EOLO-16T-02-xxx（型号模式；不指定某suffix的光子平台）,15 非易失存储,待提取：本稿尚未取得该环节专项资料；不能据此断言厂商未披露,未提取/待检索,,2025-03-29,2026-10-03,OFC2025演示发布，未核量产,产品族披露
R16,新易盛 / Eoptolink,Gen2 1.6T OSFP / OSFP-RHS 2FR4（SiPh变体，完整后缀未知）,EOLO-16T-02-xxx（型号模式；不指定某suffix的光子平台）,16 电源,待提取：本稿尚未取得该环节专项资料；不能据此断言厂商未披露,未提取/待检索,,2025-03-29,2026-10-03,OFC2025演示发布，未核量产,产品族披露
R16,新易盛 / Eoptolink,Gen2 1.6T OSFP / OSFP-RHS 2FR4（SiPh变体，完整后缀未知）,EOLO-16T-02-xxx（型号模式；不指定某suffix的光子平台）,17 时钟,待提取：本稿尚未取得该环节专项资料；不能据此断言厂商未披露,未提取/待检索,,2025-03-29,2026-10-03,OFC2025演示发布，未核量产,产品族披露
R16,新易盛 / Eoptolink,Gen2 1.6T OSFP / OSFP-RHS 2FR4（SiPh变体，完整后缀未知）,EOLO-16T-02-xxx（型号模式；不指定某suffix的光子平台）,18 无源电子件,待提取：本稿尚未取得该环节专项资料；不能据此断言厂商未披露,未提取/待检索,,2025-03-29,2026-10-03,OFC2025演示发布，未核量产,产品族披露
R16,新易盛 / Eoptolink,Gen2 1.6T OSFP / OSFP-RHS 2FR4（SiPh变体，完整后缀未知）,EOLO-16T-02-xxx（型号模式；不指定某suffix的光子平台）,19 热管理,相较前代模块约下降20%，绝对W数/基线UNKNOWN；具体散热器、材料与热设计UNKNOWN,部分披露/有保留,https://www.prnewswire.com/news-releases/eoptolink-launches-its-gen2-1-6t-osfp-and-osfp-rhs-transceiver-family-at-ofc-2025--302414882.html | web行476–482,2025-03-29,2026-10-03,OFC2025演示发布，未核量产,产品族披露
R16,新易盛 / Eoptolink,Gen2 1.6T OSFP / OSFP-RHS 2FR4（SiPh变体，完整后缀未知）,EOLO-16T-02-xxx（型号模式；不指定某suffix的光子平台）,20 总体封装,OSFP及OSFP-RHS；2 duplex LC,厂商直接披露,https://www.prnewswire.com/news-releases/eoptolink-launches-its-gen2-1-6t-osfp-and-osfp-rhs-transceiver-family-at-ofc-2025--302414882.html | web行476–482,2025-03-29,2026-10-03,OFC2025演示发布，未核量产,产品族披露
R17,Coherent,800G-DR8+ OSFP,FTCE4527E1PxM；x=C/L,01 主机电接口,8×106.25 Gb/s PAM4；53.125 GBd；retimed,厂商直接披露,https://www.coherent.com/content/dam/coherent/site/en/resources/datasheet/networking/optical-transceivers/osfp/ftce4527e1pxm-transceiver-ds.pdf | FTCE4527E1PxM Product Specification Rev B3 / PDF第1页PRODUCT FEATURES；第3–4页Electrical/Optical Characteristics,UNKNOWN；2024-10,2026-10-03,官网列示规格且公开规格书；准确SKU商业阶段UNKNOWN,产品页/规格书
R17,Coherent,800G-DR8+ OSFP,FTCE4527E1PxM；x=C/L,02 PCB与电连接,待提取：本稿尚未取得该环节专项资料；不能据此断言厂商未披露,未提取/待检索,,UNKNOWN；2024-10,2026-10-03,官网列示规格且公开规格书；准确SKU商业阶段UNKNOWN,产品页/规格书
R17,Coherent,800G-DR8+ OSFP,FTCE4527E1PxM；x=C/L,03 电处理,规格书明确重定时；是否完整DSP/芯片型号/工艺未披露,部分披露/有保留,https://www.coherent.com/content/dam/coherent/site/en/resources/datasheet/networking/optical-transceivers/osfp/ftce4527e1pxm-transceiver-ds.pdf | FTCE4527E1PxM Product Specification Rev B3 / PDF第1页PRODUCT FEATURES；第3–4页Electrical/Optical Characteristics,UNKNOWN；2024-10,2026-10-03,官网列示规格且公开规格书；准确SKU商业阶段UNKNOWN,产品页/规格书
R17,Coherent,800G-DR8+ OSFP,FTCE4527E1PxM；x=C/L,04 驱动,待提取：本稿尚未取得该环节专项资料；不能据此断言厂商未披露,未提取/待检索,,UNKNOWN；2024-10,2026-10-03,官网列示规格且公开规格书；准确SKU商业阶段UNKNOWN,产品页/规格书
R17,Coherent,800G-DR8+ OSFP,FTCE4527E1PxM；x=C/L,05 发光与调制,EML发射器；准确裸片型号及封装未知,部分披露/有保留,https://www.coherent.com/networking/transceivers/datacom/FTCE4527E1PxM | 800G-DR8+ OSFP product page FTCE4527E1PxM / 产品参数表，第149–165行,UNKNOWN；2024-10,2026-10-03,官网列示规格且公开规格书；准确SKU商业阶段UNKNOWN,产品页/规格书
R17,Coherent,800G-DR8+ OSFP,FTCE4527E1PxM；x=C/L,06 载体与芯片互连,待提取：本稿尚未取得该环节专项资料；不能据此断言厂商未披露,未提取/待检索,,UNKNOWN；2024-10,2026-10-03,官网列示规格且公开规格书；准确SKU商业阶段UNKNOWN,产品页/规格书
R17,Coherent,800G-DR8+ OSFP,FTCE4527E1PxM；x=C/L,07 发射耦合,待提取：本稿尚未取得该环节专项资料；不能据此断言厂商未披露,未提取/待检索,,UNKNOWN；2024-10,2026-10-03,官网列示规格且公开规格书；准确SKU商业阶段UNKNOWN,产品页/规格书
R17,Coherent,800G-DR8+ OSFP,FTCE4527E1PxM；x=C/L,08 合波,UNKNOWN：核验来源未披露，未补造内部BOM或供应商,UNKNOWN,,UNKNOWN；2024-10,2026-10-03,官网列示规格且公开规格书；准确SKU商业阶段UNKNOWN,产品页/规格书
R17,Coherent,800G-DR8+ OSFP,FTCE4527E1PxM；x=C/L,09 外部光接口,8路100GBASE-FR1；每路53.125 GBd PAM4，1304.5–1317.5nm；聚合850Gb/s物理速率，名义800G；2km；距离：2km；光纤接口见封装字段：OSFP；PDF明确MPO-16；网页MPO12冲突未解除；C=0–70°C，L=20–60°C,部分披露/有保留,"https://www.coherent.com/content/dam/coherent/site/en/resources/datasheet/networking/optical-transceivers/osfp/ftce4527e1pxm-transceiver-ds.pdf | FTCE4527E1PxM Product Specification Rev B3 / PDF第1页PRODUCT FEATURES；第3–4页Electrical/Optical Characteristics
https://www.coherent.com/networking/transceivers/datacom/FTCE4527E1PxM | 800G-DR8+ OSFP product page FTCE4527E1PxM / 产品参数表，第149–165行",UNKNOWN；2024-10,2026-10-03,官网列示规格且公开规格书；准确SKU商业阶段UNKNOWN,产品页/规格书
R17,Coherent,800G-DR8+ OSFP,FTCE4527E1PxM；x=C/L,10 分波,UNKNOWN：核验来源未披露，未补造内部BOM或供应商,UNKNOWN,,UNKNOWN；2024-10,2026-10-03,官网列示规格且公开规格书；准确SKU商业阶段UNKNOWN,产品页/规格书
R17,Coherent,800G-DR8+ OSFP,FTCE4527E1PxM；x=C/L,11 接收耦合,待提取：本稿尚未取得该环节专项资料；不能据此断言厂商未披露,未提取/待检索,,UNKNOWN；2024-10,2026-10-03,官网列示规格且公开规格书；准确SKU商业阶段UNKNOWN,产品页/规格书
R17,Coherent,800G-DR8+ OSFP,FTCE4527E1PxM；x=C/L,12 探测器,PIN探测器；材料/芯片型号未披露,部分披露；具体边界见主张,"https://www.coherent.com/networking/transceivers/datacom/FTCE4527E1PxM | 800G-DR8+ OSFP product page FTCE4527E1PxM / 产品参数表，第149–165行
https://www.coherent.com/content/dam/coherent/site/en/resources/datasheet/networking/optical-transceivers/osfp/ftce4527e1pxm-transceiver-ds.pdf | FTCE4527E1PxM Product Specification Rev B3 / PDF第1页PRODUCT FEATURES；第3–4页Electrical/Optical Characteristics",UNKNOWN；2024-10,2026-10-03,官网列示规格且公开规格书；准确SKU商业阶段UNKNOWN,产品页/规格书
R17,Coherent,800G-DR8+ OSFP,FTCE4527E1PxM；x=C/L,13 接收放大,本PDF未列TIA具体型号与集成位置,所核来源未列该项,"https://www.coherent.com/networking/transceivers/datacom/FTCE4527E1PxM | 800G-DR8+ OSFP product page FTCE4527E1PxM / 产品参数表，第149–165行
https://www.coherent.com/content/dam/coherent/site/en/resources/datasheet/networking/optical-transceivers/osfp/ftce4527e1pxm-transceiver-ds.pdf | FTCE4527E1PxM Product Specification Rev B3 / PDF第1页PRODUCT FEATURES；第3–4页Electrical/Optical Characteristics",UNKNOWN；2024-10,2026-10-03,官网列示规格且公开规格书；准确SKU商业阶段UNKNOWN,产品页/规格书
R17,Coherent,800G-DR8+ OSFP,FTCE4527E1PxM；x=C/L,14 控制,I2C管理；CMIS 4.0（CMIS 5.x可选）；MCU型号未披露,部分披露；具体边界见主张,https://www.coherent.com/content/dam/coherent/site/en/resources/datasheet/networking/optical-transceivers/osfp/ftce4527e1pxm-transceiver-ds.pdf | FTCE4527E1PxM Product Specification Rev B3 / PDF第1页PRODUCT FEATURES；第3–4页Electrical/Optical Characteristics,UNKNOWN；2024-10,2026-10-03,官网列示规格且公开规格书；准确SKU商业阶段UNKNOWN,产品页/规格书
R17,Coherent,800G-DR8+ OSFP,FTCE4527E1PxM；x=C/L,15 非易失存储,待提取：本稿尚未取得该环节专项资料；不能据此断言厂商未披露,未提取/待检索,,UNKNOWN；2024-10,2026-10-03,官网列示规格且公开规格书；准确SKU商业阶段UNKNOWN,产品页/规格书
R17,Coherent,800G-DR8+ OSFP,FTCE4527E1PxM；x=C/L,16 电源,外部供电3.3V；内部PMIC、调压和各支路用电未披露,部分披露；具体边界见主张,https://www.coherent.com/content/dam/coherent/site/en/resources/datasheet/networking/optical-transceivers/osfp/ftce4527e1pxm-transceiver-ds.pdf | FTCE4527E1PxM Product Specification Rev B3 / PDF第1页PRODUCT FEATURES；第3–4页Electrical/Optical Characteristics,UNKNOWN；2024-10,2026-10-03,官网列示规格且公开规格书；准确SKU商业阶段UNKNOWN,产品页/规格书
R17,Coherent,800G-DR8+ OSFP,FTCE4527E1PxM；x=C/L,17 时钟,待提取：本稿尚未取得该环节专项资料；不能据此断言厂商未披露,未提取/待检索,,UNKNOWN；2024-10,2026-10-03,官网列示规格且公开规格书；准确SKU商业阶段UNKNOWN,产品页/规格书
R17,Coherent,800G-DR8+ OSFP,FTCE4527E1PxM；x=C/L,18 无源电子件,待提取：本稿尚未取得该环节专项资料；不能据此断言厂商未披露,未提取/待检索,,UNKNOWN；2024-10,2026-10-03,官网列示规格且公开规格书；准确SKU商业阶段UNKNOWN,产品页/规格书
R17,Coherent,800G-DR8+ OSFP,FTCE4527E1PxM；x=C/L,19 热管理,规格书<17 W，17W最大值覆盖全温度/供电范围；非典型22W等口径；封装/温区原规格：OSFP；PDF明确MPO-16；网页MPO12冲突未解除；C=0–70°C，L=20–60°C；具体热结构未披露,部分披露；具体边界见主张,"https://www.coherent.com/networking/transceivers/datacom/FTCE4527E1PxM | 800G-DR8+ OSFP product page FTCE4527E1PxM / 产品参数表，第149–165行
https://www.coherent.com/content/dam/coherent/site/en/resources/datasheet/networking/optical-transceivers/osfp/ftce4527e1pxm-transceiver-ds.pdf | FTCE4527E1PxM Product Specification Rev B3 / PDF第1页PRODUCT FEATURES；第3–4页Electrical/Optical Characteristics",UNKNOWN；2024-10,2026-10-03,官网列示规格且公开规格书；准确SKU商业阶段UNKNOWN,产品页/规格书
R17,Coherent,800G-DR8+ OSFP,FTCE4527E1PxM；x=C/L,20 总体封装,OSFP；PDF明确MPO-16；网页MPO12冲突未解除；C=0–70°C，L=20–60°C,部分披露/有保留,"https://www.coherent.com/content/dam/coherent/site/en/resources/datasheet/networking/optical-transceivers/osfp/ftce4527e1pxm-transceiver-ds.pdf | FTCE4527E1PxM Product Specification Rev B3 / PDF第1页PRODUCT FEATURES；第3–4页Electrical/Optical Characteristics
https://www.coherent.com/networking/transceivers/datacom/FTCE4527E1PxM | 800G-DR8+ OSFP product page FTCE4527E1PxM / 产品参数表，第149–165行",UNKNOWN；2024-10,2026-10-03,官网列示规格且公开规格书；准确SKU商业阶段UNKNOWN,产品页/规格书
R18,Coherent,1.6T-DR8 OSFP,FTCF2519E3PCA,01 主机电接口,8×200G PAM4主机接口；页面引用OIF CEI-224G-LR；未列精确线路速率,部分披露/有保留,https://www.coherent.com/networking/transceivers/datacom/FTCF2519E3PCA | 1.6T-DR8 OSFP Optical Transceivers FTCF2519E3PCA / 产品描述第120行及参数表第152–161行,UNKNOWN,2026-10-03,官网列示准确产品；QSFP-DD版本仅称未来推出，不能写成已有,产品页/规格书
R18,Coherent,1.6T-DR8 OSFP,FTCF2519E3PCA,02 PCB与电连接,待提取：本稿尚未取得该环节专项资料；不能据此断言厂商未披露,未提取/待检索,,UNKNOWN,2026-10-03,官网列示准确产品；QSFP-DD版本仅称未来推出，不能写成已有,产品页/规格书
R18,Coherent,1.6T-DR8 OSFP,FTCF2519E3PCA,03 电处理,UNKNOWN：核验来源未披露，未补造内部BOM或供应商,UNKNOWN,,UNKNOWN,2026-10-03,官网列示准确产品；QSFP-DD版本仅称未来推出，不能写成已有,产品页/规格书
R18,Coherent,1.6T-DR8 OSFP,FTCF2519E3PCA,04 驱动,待提取：本稿尚未取得该环节专项资料；不能据此断言厂商未披露,未提取/待检索,,UNKNOWN,2026-10-03,官网列示准确产品；QSFP-DD版本仅称未来推出，不能写成已有,产品页/规格书
R18,Coherent,1.6T-DR8 OSFP,FTCF2519E3PCA,05 发光与调制,UNKNOWN：核验来源未披露，未补造内部BOM或供应商,UNKNOWN,,UNKNOWN,2026-10-03,官网列示准确产品；QSFP-DD版本仅称未来推出，不能写成已有,产品页/规格书
R18,Coherent,1.6T-DR8 OSFP,FTCF2519E3PCA,06 载体与芯片互连,待提取：本稿尚未取得该环节专项资料；不能据此断言厂商未披露,未提取/待检索,,UNKNOWN,2026-10-03,官网列示准确产品；QSFP-DD版本仅称未来推出，不能写成已有,产品页/规格书
R18,Coherent,1.6T-DR8 OSFP,FTCF2519E3PCA,07 发射耦合,待提取：本稿尚未取得该环节专项资料；不能据此断言厂商未披露,未提取/待检索,,UNKNOWN,2026-10-03,官网列示准确产品；QSFP-DD版本仅称未来推出，不能写成已有,产品页/规格书
R18,Coherent,1.6T-DR8 OSFP,FTCF2519E3PCA,08 合波,UNKNOWN：核验来源未披露，未补造内部BOM或供应商,UNKNOWN,,UNKNOWN,2026-10-03,官网列示准确产品；QSFP-DD版本仅称未来推出，不能写成已有,产品页/规格书
R18,Coherent,1.6T-DR8 OSFP,FTCF2519E3PCA,09 外部光接口,8×200G PAM4；1310nm；500m并行单模；距离：500m；光纤接口见封装字段：OSFP；dual MPO-12；0–70°C,厂商直接披露,https://www.coherent.com/networking/transceivers/datacom/FTCF2519E3PCA | 1.6T-DR8 OSFP Optical Transceivers FTCF2519E3PCA / 产品描述第120行及参数表第152–161行,UNKNOWN,2026-10-03,官网列示准确产品；QSFP-DD版本仅称未来推出，不能写成已有,产品页/规格书
R18,Coherent,1.6T-DR8 OSFP,FTCF2519E3PCA,10 分波,UNKNOWN：核验来源未披露，未补造内部BOM或供应商,UNKNOWN,,UNKNOWN,2026-10-03,官网列示准确产品；QSFP-DD版本仅称未来推出，不能写成已有,产品页/规格书
R18,Coherent,1.6T-DR8 OSFP,FTCF2519E3PCA,11 接收耦合,待提取：本稿尚未取得该环节专项资料；不能据此断言厂商未披露,未提取/待检索,,UNKNOWN,2026-10-03,官网列示准确产品；QSFP-DD版本仅称未来推出，不能写成已有,产品页/规格书
R18,Coherent,1.6T-DR8 OSFP,FTCF2519E3PCA,12 探测器,UNKNOWN：核验来源未披露，未补造内部BOM或供应商（探测器与接收放大联合披露，未给出部分保持UNKNOWN）,UNKNOWN,,UNKNOWN,2026-10-03,官网列示准确产品；QSFP-DD版本仅称未来推出，不能写成已有,产品页/规格书
R18,Coherent,1.6T-DR8 OSFP,FTCF2519E3PCA,13 接收放大,UNKNOWN：核验来源未披露，未补造内部BOM或供应商（探测器与接收放大联合披露，未给出部分保持UNKNOWN）,UNKNOWN,,UNKNOWN,2026-10-03,官网列示准确产品；QSFP-DD版本仅称未来推出，不能写成已有,产品页/规格书
R18,Coherent,1.6T-DR8 OSFP,FTCF2519E3PCA,14 控制,待提取：本稿尚未取得该环节专项资料；不能据此断言厂商未披露,未提取/待检索,,UNKNOWN,2026-10-03,官网列示准确产品；QSFP-DD版本仅称未来推出，不能写成已有,产品页/规格书
R18,Coherent,1.6T-DR8 OSFP,FTCF2519E3PCA,15 非易失存储,待提取：本稿尚未取得该环节专项资料；不能据此断言厂商未披露,未提取/待检索,,UNKNOWN,2026-10-03,官网列示准确产品；QSFP-DD版本仅称未来推出，不能写成已有,产品页/规格书
R18,Coherent,1.6T-DR8 OSFP,FTCF2519E3PCA,16 电源,待提取：本稿尚未取得该环节专项资料；不能据此断言厂商未披露,未提取/待检索,,UNKNOWN,2026-10-03,官网列示准确产品；QSFP-DD版本仅称未来推出，不能写成已有,产品页/规格书
R18,Coherent,1.6T-DR8 OSFP,FTCF2519E3PCA,17 时钟,待提取：本稿尚未取得该环节专项资料；不能据此断言厂商未披露,未提取/待检索,,UNKNOWN,2026-10-03,官网列示准确产品；QSFP-DD版本仅称未来推出，不能写成已有,产品页/规格书
R18,Coherent,1.6T-DR8 OSFP,FTCF2519E3PCA,18 无源电子件,待提取：本稿尚未取得该环节专项资料；不能据此断言厂商未披露,未提取/待检索,,UNKNOWN,2026-10-03,官网列示准确产品；QSFP-DD版本仅称未来推出，不能写成已有,产品页/规格书
R18,Coherent,1.6T-DR8 OSFP,FTCF2519E3PCA,19 热管理,UNKNOWN：核验来源未披露，未补造内部BOM或供应商；封装/温区原规格：OSFP；dual MPO-12；0–70°C；具体热结构未披露,部分披露；具体边界见主张,https://www.coherent.com/networking/transceivers/datacom/FTCF2519E3PCA | 1.6T-DR8 OSFP Optical Transceivers FTCF2519E3PCA / 产品描述第120行及参数表第152–161行,UNKNOWN,2026-10-03,官网列示准确产品；QSFP-DD版本仅称未来推出，不能写成已有,产品页/规格书
R18,Coherent,1.6T-DR8 OSFP,FTCF2519E3PCA,20 总体封装,OSFP；dual MPO-12；0–70°C,厂商直接披露,https://www.coherent.com/networking/transceivers/datacom/FTCF2519E3PCA | 1.6T-DR8 OSFP Optical Transceivers FTCF2519E3PCA / 产品描述第120行及参数表第152–161行,UNKNOWN,2026-10-03,官网列示准确产品；QSFP-DD版本仅称未来推出，不能写成已有,产品页/规格书
R19,Coherent,1.6T-DR8 OSFP硅光演示配置,UNKNOWN：公开来源未提供准确SKU,01 主机电接口,8×200 Gb/s,厂商直接披露,https://www.coherent.com/news/press-releases/coherent-demonstrates-two-advanced-transceiver-modules | Coherent to Demonstrate 1.6T-DR8 and 800G-DR4 Transceivers at ECOC 2024 / 1.6T-DR8与800G-DR4小节，第115–119行,2024-09-23,2026-10-03,2024-09-23发布的ECOC演示公告；不能据展会日期自动确认完成，更不能确认量产,演示/发布配置
R19,Coherent,1.6T-DR8 OSFP硅光演示配置,UNKNOWN：公开来源未提供准确SKU,02 PCB与电连接,待提取：本稿尚未取得该环节专项资料；不能据此断言厂商未披露,未提取/待检索,,2024-09-23,2026-10-03,2024-09-23发布的ECOC演示公告；不能据展会日期自动确认完成，更不能确认量产,演示/发布配置
R19,Coherent,1.6T-DR8 OSFP硅光演示配置,UNKNOWN：公开来源未提供准确SKU,03 电处理,NVIDIA提供DSP；未公开芯片型号或工艺,厂商直接披露,https://www.coherent.com/news/press-releases/coherent-demonstrates-two-advanced-transceiver-modules | Coherent to Demonstrate 1.6T-DR8 and 800G-DR4 Transceivers at ECOC 2024 / 1.6T-DR8与800G-DR4小节，第115–119行,2024-09-23,2026-10-03,2024-09-23发布的ECOC演示公告；不能据展会日期自动确认完成，更不能确认量产,演示/发布配置
R19,Coherent,1.6T-DR8 OSFP硅光演示配置,UNKNOWN：公开来源未提供准确SKU,04 驱动,待提取：本稿尚未取得该环节专项资料；不能据此断言厂商未披露,未提取/待检索,,2024-09-23,2026-10-03,2024-09-23发布的ECOC演示公告；不能据展会日期自动确认完成，更不能确认量产,演示/发布配置
R19,Coherent,1.6T-DR8 OSFP硅光演示配置,UNKNOWN：公开来源未提供准确SKU,05 发光与调制,Coherent硅光；同段未公开CW型号/数量与调制器结构,厂商直接披露,https://www.coherent.com/news/press-releases/coherent-demonstrates-two-advanced-transceiver-modules | Coherent to Demonstrate 1.6T-DR8 and 800G-DR4 Transceivers at ECOC 2024 / 1.6T-DR8与800G-DR4小节，第115–119行,2024-09-23,2026-10-03,2024-09-23发布的ECOC演示公告；不能据展会日期自动确认完成，更不能确认量产,演示/发布配置
R19,Coherent,1.6T-DR8 OSFP硅光演示配置,UNKNOWN：公开来源未提供准确SKU,06 载体与芯片互连,待提取：本稿尚未取得该环节专项资料；不能据此断言厂商未披露,未提取/待检索,,2024-09-23,2026-10-03,2024-09-23发布的ECOC演示公告；不能据展会日期自动确认完成，更不能确认量产,演示/发布配置
R19,Coherent,1.6T-DR8 OSFP硅光演示配置,UNKNOWN：公开来源未提供准确SKU,07 发射耦合,待提取：本稿尚未取得该环节专项资料；不能据此断言厂商未披露,未提取/待检索,,2024-09-23,2026-10-03,2024-09-23发布的ECOC演示公告；不能据展会日期自动确认完成，更不能确认量产,演示/发布配置
R19,Coherent,1.6T-DR8 OSFP硅光演示配置,UNKNOWN：公开来源未提供准确SKU,08 合波,UNKNOWN：核验来源未披露，未补造内部BOM或供应商,UNKNOWN,,2024-09-23,2026-10-03,2024-09-23发布的ECOC演示公告；不能据展会日期自动确认完成，更不能确认量产,演示/发布配置
R19,Coherent,1.6T-DR8 OSFP硅光演示配置,UNKNOWN：公开来源未提供准确SKU,09 外部光接口,8×200 Gb/s；8对单模光纤；500m；距离：500m；光纤接口见封装字段：OSFP；连接器具体规格UNKNOWN,部分披露/有保留,https://www.coherent.com/news/press-releases/coherent-demonstrates-two-advanced-transceiver-modules | Coherent to Demonstrate 1.6T-DR8 and 800G-DR4 Transceivers at ECOC 2024 / 1.6T-DR8与800G-DR4小节，第115–119行,2024-09-23,2026-10-03,2024-09-23发布的ECOC演示公告；不能据展会日期自动确认完成，更不能确认量产,演示/发布配置
R19,Coherent,1.6T-DR8 OSFP硅光演示配置,UNKNOWN：公开来源未提供准确SKU,10 分波,UNKNOWN：核验来源未披露，未补造内部BOM或供应商,UNKNOWN,,2024-09-23,2026-10-03,2024-09-23发布的ECOC演示公告；不能据展会日期自动确认完成，更不能确认量产,演示/发布配置
R19,Coherent,1.6T-DR8 OSFP硅光演示配置,UNKNOWN：公开来源未提供准确SKU,11 接收耦合,待提取：本稿尚未取得该环节专项资料；不能据此断言厂商未披露,未提取/待检索,,2024-09-23,2026-10-03,2024-09-23发布的ECOC演示公告；不能据展会日期自动确认完成，更不能确认量产,演示/发布配置
R19,Coherent,1.6T-DR8 OSFP硅光演示配置,UNKNOWN：公开来源未提供准确SKU,12 探测器,UNKNOWN：核验来源未披露，未补造内部BOM或供应商（探测器与接收放大联合披露，未给出部分保持UNKNOWN）,UNKNOWN,,2024-09-23,2026-10-03,2024-09-23发布的ECOC演示公告；不能据展会日期自动确认完成，更不能确认量产,演示/发布配置
R19,Coherent,1.6T-DR8 OSFP硅光演示配置,UNKNOWN：公开来源未提供准确SKU,13 接收放大,UNKNOWN：核验来源未披露，未补造内部BOM或供应商（探测器与接收放大联合披露，未给出部分保持UNKNOWN）,UNKNOWN,,2024-09-23,2026-10-03,2024-09-23发布的ECOC演示公告；不能据展会日期自动确认完成，更不能确认量产,演示/发布配置
R19,Coherent,1.6T-DR8 OSFP硅光演示配置,UNKNOWN：公开来源未提供准确SKU,14 控制,待提取：本稿尚未取得该环节专项资料；不能据此断言厂商未披露,未提取/待检索,,2024-09-23,2026-10-03,2024-09-23发布的ECOC演示公告；不能据展会日期自动确认完成，更不能确认量产,演示/发布配置
R19,Coherent,1.6T-DR8 OSFP硅光演示配置,UNKNOWN：公开来源未提供准确SKU,15 非易失存储,待提取：本稿尚未取得该环节专项资料；不能据此断言厂商未披露,未提取/待检索,,2024-09-23,2026-10-03,2024-09-23发布的ECOC演示公告；不能据展会日期自动确认完成，更不能确认量产,演示/发布配置
R19,Coherent,1.6T-DR8 OSFP硅光演示配置,UNKNOWN：公开来源未提供准确SKU,16 电源,待提取：本稿尚未取得该环节专项资料；不能据此断言厂商未披露,未提取/待检索,,2024-09-23,2026-10-03,2024-09-23发布的ECOC演示公告；不能据展会日期自动确认完成，更不能确认量产,演示/发布配置
R19,Coherent,1.6T-DR8 OSFP硅光演示配置,UNKNOWN：公开来源未提供准确SKU,17 时钟,待提取：本稿尚未取得该环节专项资料；不能据此断言厂商未披露,未提取/待检索,,2024-09-23,2026-10-03,2024-09-23发布的ECOC演示公告；不能据展会日期自动确认完成，更不能确认量产,演示/发布配置
R19,Coherent,1.6T-DR8 OSFP硅光演示配置,UNKNOWN：公开来源未提供准确SKU,18 无源电子件,待提取：本稿尚未取得该环节专项资料；不能据此断言厂商未披露,未提取/待检索,,2024-09-23,2026-10-03,2024-09-23发布的ECOC演示公告；不能据展会日期自动确认完成，更不能确认量产,演示/发布配置
R19,Coherent,1.6T-DR8 OSFP硅光演示配置,UNKNOWN：公开来源未提供准确SKU,19 热管理,UNKNOWN：核验来源未披露，未补造内部BOM或供应商；具体散热器、材料与热设计UNKNOWN,UNKNOWN,,2024-09-23,2026-10-03,2024-09-23发布的ECOC演示公告；不能据展会日期自动确认完成，更不能确认量产,演示/发布配置
R19,Coherent,1.6T-DR8 OSFP硅光演示配置,UNKNOWN：公开来源未提供准确SKU,20 总体封装,OSFP；连接器具体规格UNKNOWN,部分披露/有保留,https://www.coherent.com/news/press-releases/coherent-demonstrates-two-advanced-transceiver-modules | Coherent to Demonstrate 1.6T-DR8 and 800G-DR4 Transceivers at ECOC 2024 / 1.6T-DR8与800G-DR4小节，第115–119行,2024-09-23,2026-10-03,2024-09-23发布的ECOC演示公告；不能据展会日期自动确认完成，更不能确认量产,演示/发布配置
R20,Coherent,800G-DR4 OSFP 200G差分EML演示,UNKNOWN：公开来源未提供准确SKU,01 主机电接口,8×100 Gb/s,厂商直接披露,https://www.coherent.com/news/press-releases/coherent-demonstrates-two-advanced-transceiver-modules | Coherent to Demonstrate 1.6T-DR8 and 800G-DR4 Transceivers at ECOC 2024 / 1.6T-DR8与800G-DR4小节，第115–119行,2024-09-23,2026-10-03,2024-09-23公布将演示；精确SKU与量产状态未披露,演示/发布配置
R20,Coherent,800G-DR4 OSFP 200G差分EML演示,UNKNOWN：公开来源未提供准确SKU,02 PCB与电连接,待提取：本稿尚未取得该环节专项资料；不能据此断言厂商未披露,未提取/待检索,,2024-09-23,2026-10-03,2024-09-23公布将演示；精确SKU与量产状态未披露,演示/发布配置
R20,Coherent,800G-DR4 OSFP 200G差分EML演示,UNKNOWN：公开来源未提供准确SKU,03 电处理,UNKNOWN：核验来源未披露，未补造内部BOM或供应商,UNKNOWN,,2024-09-23,2026-10-03,2024-09-23公布将演示；精确SKU与量产状态未披露,演示/发布配置
R20,Coherent,800G-DR4 OSFP 200G差分EML演示,UNKNOWN：公开来源未提供准确SKU,04 驱动,待提取：本稿尚未取得该环节专项资料；不能据此断言厂商未披露,未提取/待检索,,2024-09-23,2026-10-03,2024-09-23公布将演示；精确SKU与量产状态未披露,演示/发布配置
R20,Coherent,800G-DR4 OSFP 200G差分EML演示,UNKNOWN：公开来源未提供准确SKU,05 发光与调制,Coherent 200G差分EML；具体芯片与封装型号UNKNOWN,部分披露/有保留,https://www.coherent.com/news/press-releases/coherent-demonstrates-two-advanced-transceiver-modules | Coherent to Demonstrate 1.6T-DR8 and 800G-DR4 Transceivers at ECOC 2024 / 1.6T-DR8与800G-DR4小节，第115–119行,2024-09-23,2026-10-03,2024-09-23公布将演示；精确SKU与量产状态未披露,演示/发布配置
R20,Coherent,800G-DR4 OSFP 200G差分EML演示,UNKNOWN：公开来源未提供准确SKU,06 载体与芯片互连,待提取：本稿尚未取得该环节专项资料；不能据此断言厂商未披露,未提取/待检索,,2024-09-23,2026-10-03,2024-09-23公布将演示；精确SKU与量产状态未披露,演示/发布配置
R20,Coherent,800G-DR4 OSFP 200G差分EML演示,UNKNOWN：公开来源未提供准确SKU,07 发射耦合,待提取：本稿尚未取得该环节专项资料；不能据此断言厂商未披露,未提取/待检索,,2024-09-23,2026-10-03,2024-09-23公布将演示；精确SKU与量产状态未披露,演示/发布配置
R20,Coherent,800G-DR4 OSFP 200G差分EML演示,UNKNOWN：公开来源未提供准确SKU,08 合波,UNKNOWN：核验来源未披露，未补造内部BOM或供应商,UNKNOWN,,2024-09-23,2026-10-03,2024-09-23公布将演示；精确SKU与量产状态未披露,演示/发布配置
R20,Coherent,800G-DR4 OSFP 200G差分EML演示,UNKNOWN：公开来源未提供准确SKU,09 外部光接口,4×200 Gb/s；4对单模光纤；500m；距离：500m；光纤接口见封装字段：OSFP；连接器规格未披露,部分披露/有保留,https://www.coherent.com/news/press-releases/coherent-demonstrates-two-advanced-transceiver-modules | Coherent to Demonstrate 1.6T-DR8 and 800G-DR4 Transceivers at ECOC 2024 / 1.6T-DR8与800G-DR4小节，第115–119行,2024-09-23,2026-10-03,2024-09-23公布将演示；精确SKU与量产状态未披露,演示/发布配置
R20,Coherent,800G-DR4 OSFP 200G差分EML演示,UNKNOWN：公开来源未提供准确SKU,10 分波,UNKNOWN：核验来源未披露，未补造内部BOM或供应商,UNKNOWN,,2024-09-23,2026-10-03,2024-09-23公布将演示；精确SKU与量产状态未披露,演示/发布配置
R20,Coherent,800G-DR4 OSFP 200G差分EML演示,UNKNOWN：公开来源未提供准确SKU,11 接收耦合,待提取：本稿尚未取得该环节专项资料；不能据此断言厂商未披露,未提取/待检索,,2024-09-23,2026-10-03,2024-09-23公布将演示；精确SKU与量产状态未披露,演示/发布配置
R20,Coherent,800G-DR4 OSFP 200G差分EML演示,UNKNOWN：公开来源未提供准确SKU,12 探测器,UNKNOWN：核验来源未披露，未补造内部BOM或供应商（探测器与接收放大联合披露，未给出部分保持UNKNOWN）,UNKNOWN,,2024-09-23,2026-10-03,2024-09-23公布将演示；精确SKU与量产状态未披露,演示/发布配置
R20,Coherent,800G-DR4 OSFP 200G差分EML演示,UNKNOWN：公开来源未提供准确SKU,13 接收放大,UNKNOWN：核验来源未披露，未补造内部BOM或供应商（探测器与接收放大联合披露，未给出部分保持UNKNOWN）,UNKNOWN,,2024-09-23,2026-10-03,2024-09-23公布将演示；精确SKU与量产状态未披露,演示/发布配置
R20,Coherent,800G-DR4 OSFP 200G差分EML演示,UNKNOWN：公开来源未提供准确SKU,14 控制,待提取：本稿尚未取得该环节专项资料；不能据此断言厂商未披露,未提取/待检索,,2024-09-23,2026-10-03,2024-09-23公布将演示；精确SKU与量产状态未披露,演示/发布配置
R20,Coherent,800G-DR4 OSFP 200G差分EML演示,UNKNOWN：公开来源未提供准确SKU,15 非易失存储,待提取：本稿尚未取得该环节专项资料；不能据此断言厂商未披露,未提取/待检索,,2024-09-23,2026-10-03,2024-09-23公布将演示；精确SKU与量产状态未披露,演示/发布配置
R20,Coherent,800G-DR4 OSFP 200G差分EML演示,UNKNOWN：公开来源未提供准确SKU,16 电源,待提取：本稿尚未取得该环节专项资料；不能据此断言厂商未披露,未提取/待检索,,2024-09-23,2026-10-03,2024-09-23公布将演示；精确SKU与量产状态未披露,演示/发布配置
R20,Coherent,800G-DR4 OSFP 200G差分EML演示,UNKNOWN：公开来源未提供准确SKU,17 时钟,待提取：本稿尚未取得该环节专项资料；不能据此断言厂商未披露,未提取/待检索,,2024-09-23,2026-10-03,2024-09-23公布将演示；精确SKU与量产状态未披露,演示/发布配置
R20,Coherent,800G-DR4 OSFP 200G差分EML演示,UNKNOWN：公开来源未提供准确SKU,18 无源电子件,待提取：本稿尚未取得该环节专项资料；不能据此断言厂商未披露,未提取/待检索,,2024-09-23,2026-10-03,2024-09-23公布将演示；精确SKU与量产状态未披露,演示/发布配置
R20,Coherent,800G-DR4 OSFP 200G差分EML演示,UNKNOWN：公开来源未提供准确SKU,19 热管理,UNKNOWN：核验来源未披露，未补造内部BOM或供应商；具体散热器、材料与热设计UNKNOWN,UNKNOWN,,2024-09-23,2026-10-03,2024-09-23公布将演示；精确SKU与量产状态未披露,演示/发布配置
R20,Coherent,800G-DR4 OSFP 200G差分EML演示,UNKNOWN：公开来源未提供准确SKU,20 总体封装,OSFP；连接器规格未披露,部分披露/有保留,https://www.coherent.com/news/press-releases/coherent-demonstrates-two-advanced-transceiver-modules | Coherent to Demonstrate 1.6T-DR8 and 800G-DR4 Transceivers at ECOC 2024 / 1.6T-DR8与800G-DR4小节，第115–119行,2024-09-23,2026-10-03,2024-09-23公布将演示；精确SKU与量产状态未披露,演示/发布配置
R21,Coherent,1.6T-DR8 OSFP硅光LRO演示配置,UNKNOWN：公开来源未提供准确SKU,01 主机电接口,8×200G,厂商直接披露,https://www.coherent.com/news/press-releases/coherent-to-showcase-innovative-products-and-technologies-at-ofc2025 | Coherent OFC 2025 technology and product demonstrations / Silicon Photonics based 1.6T Transceivers小节，第147–148行,2025-03-31,2026-10-03,2025-03-31 OFC技术演示公告；未作为SKU商业阶段,演示/发布配置
R21,Coherent,1.6T-DR8 OSFP硅光LRO演示配置,UNKNOWN：公开来源未提供准确SKU,02 PCB与电连接,待提取：本稿尚未取得该环节专项资料；不能据此断言厂商未披露,未提取/待检索,,2025-03-31,2026-10-03,2025-03-31 OFC技术演示公告；未作为SKU商业阶段,演示/发布配置
R21,Coherent,1.6T-DR8 OSFP硅光LRO演示配置,UNKNOWN：公开来源未提供准确SKU,03 电处理,LRO：DSP只发送方向重定时；芯片型号/工艺未披露,部分披露/有保留,https://www.coherent.com/news/press-releases/coherent-to-showcase-innovative-products-and-technologies-at-ofc2025 | Coherent OFC 2025 technology and product demonstrations / Silicon Photonics based 1.6T Transceivers小节，第147–148行,2025-03-31,2026-10-03,2025-03-31 OFC技术演示公告；未作为SKU商业阶段,演示/发布配置
R21,Coherent,1.6T-DR8 OSFP硅光LRO演示配置,UNKNOWN：公开来源未提供准确SKU,04 驱动,待提取：本稿尚未取得该环节专项资料；不能据此断言厂商未披露,未提取/待检索,,2025-03-31,2026-10-03,2025-03-31 OFC技术演示公告；未作为SKU商业阶段,演示/发布配置
R21,Coherent,1.6T-DR8 OSFP硅光LRO演示配置,UNKNOWN：公开来源未提供准确SKU,05 发光与调制,硅光；光源和PIC内部结构未知,部分披露/有保留,https://www.coherent.com/news/press-releases/coherent-to-showcase-innovative-products-and-technologies-at-ofc2025 | Coherent OFC 2025 technology and product demonstrations / Silicon Photonics based 1.6T Transceivers小节，第147–148行,2025-03-31,2026-10-03,2025-03-31 OFC技术演示公告；未作为SKU商业阶段,演示/发布配置
R21,Coherent,1.6T-DR8 OSFP硅光LRO演示配置,UNKNOWN：公开来源未提供准确SKU,06 载体与芯片互连,待提取：本稿尚未取得该环节专项资料；不能据此断言厂商未披露,未提取/待检索,,2025-03-31,2026-10-03,2025-03-31 OFC技术演示公告；未作为SKU商业阶段,演示/发布配置
R21,Coherent,1.6T-DR8 OSFP硅光LRO演示配置,UNKNOWN：公开来源未提供准确SKU,07 发射耦合,待提取：本稿尚未取得该环节专项资料；不能据此断言厂商未披露,未提取/待检索,,2025-03-31,2026-10-03,2025-03-31 OFC技术演示公告；未作为SKU商业阶段,演示/发布配置
R21,Coherent,1.6T-DR8 OSFP硅光LRO演示配置,UNKNOWN：公开来源未提供准确SKU,08 合波,UNKNOWN：核验来源未披露，未补造内部BOM或供应商,UNKNOWN,,2025-03-31,2026-10-03,2025-03-31 OFC技术演示公告；未作为SKU商业阶段,演示/发布配置
R21,Coherent,1.6T-DR8 OSFP硅光LRO演示配置,UNKNOWN：公开来源未提供准确SKU,09 外部光接口,8×200G；距离：UNKNOWN：本稿未取得无冲突的该配置距离规格；光纤接口见封装字段：OSFP；连接器/距离未在该段披露,部分披露/有保留,https://www.coherent.com/news/press-releases/coherent-to-showcase-innovative-products-and-technologies-at-ofc2025 | Coherent OFC 2025 technology and product demonstrations / Silicon Photonics based 1.6T Transceivers小节，第147–148行,2025-03-31,2026-10-03,2025-03-31 OFC技术演示公告；未作为SKU商业阶段,演示/发布配置
R21,Coherent,1.6T-DR8 OSFP硅光LRO演示配置,UNKNOWN：公开来源未提供准确SKU,10 分波,UNKNOWN：核验来源未披露，未补造内部BOM或供应商,UNKNOWN,,2025-03-31,2026-10-03,2025-03-31 OFC技术演示公告；未作为SKU商业阶段,演示/发布配置
R21,Coherent,1.6T-DR8 OSFP硅光LRO演示配置,UNKNOWN：公开来源未提供准确SKU,11 接收耦合,待提取：本稿尚未取得该环节专项资料；不能据此断言厂商未披露,未提取/待检索,,2025-03-31,2026-10-03,2025-03-31 OFC技术演示公告；未作为SKU商业阶段,演示/发布配置
R21,Coherent,1.6T-DR8 OSFP硅光LRO演示配置,UNKNOWN：公开来源未提供准确SKU,12 探测器,UNKNOWN：核验来源未披露，未补造内部BOM或供应商（探测器与接收放大联合披露，未给出部分保持UNKNOWN）,UNKNOWN,,2025-03-31,2026-10-03,2025-03-31 OFC技术演示公告；未作为SKU商业阶段,演示/发布配置
R21,Coherent,1.6T-DR8 OSFP硅光LRO演示配置,UNKNOWN：公开来源未提供准确SKU,13 接收放大,UNKNOWN：核验来源未披露，未补造内部BOM或供应商（探测器与接收放大联合披露，未给出部分保持UNKNOWN）,UNKNOWN,,2025-03-31,2026-10-03,2025-03-31 OFC技术演示公告；未作为SKU商业阶段,演示/发布配置
R21,Coherent,1.6T-DR8 OSFP硅光LRO演示配置,UNKNOWN：公开来源未提供准确SKU,14 控制,待提取：本稿尚未取得该环节专项资料；不能据此断言厂商未披露,未提取/待检索,,2025-03-31,2026-10-03,2025-03-31 OFC技术演示公告；未作为SKU商业阶段,演示/发布配置
R21,Coherent,1.6T-DR8 OSFP硅光LRO演示配置,UNKNOWN：公开来源未提供准确SKU,15 非易失存储,待提取：本稿尚未取得该环节专项资料；不能据此断言厂商未披露,未提取/待检索,,2025-03-31,2026-10-03,2025-03-31 OFC技术演示公告；未作为SKU商业阶段,演示/发布配置
R21,Coherent,1.6T-DR8 OSFP硅光LRO演示配置,UNKNOWN：公开来源未提供准确SKU,16 电源,待提取：本稿尚未取得该环节专项资料；不能据此断言厂商未披露,未提取/待检索,,2025-03-31,2026-10-03,2025-03-31 OFC技术演示公告；未作为SKU商业阶段,演示/发布配置
R21,Coherent,1.6T-DR8 OSFP硅光LRO演示配置,UNKNOWN：公开来源未提供准确SKU,17 时钟,待提取：本稿尚未取得该环节专项资料；不能据此断言厂商未披露,未提取/待检索,,2025-03-31,2026-10-03,2025-03-31 OFC技术演示公告；未作为SKU商业阶段,演示/发布配置
R21,Coherent,1.6T-DR8 OSFP硅光LRO演示配置,UNKNOWN：公开来源未提供准确SKU,18 无源电子件,待提取：本稿尚未取得该环节专项资料；不能据此断言厂商未披露,未提取/待检索,,2025-03-31,2026-10-03,2025-03-31 OFC技术演示公告；未作为SKU商业阶段,演示/发布配置
R21,Coherent,1.6T-DR8 OSFP硅光LRO演示配置,UNKNOWN：公开来源未提供准确SKU,19 热管理,UNKNOWN：核验来源未披露，未补造内部BOM或供应商；具体散热器、材料与热设计UNKNOWN,UNKNOWN,,2025-03-31,2026-10-03,2025-03-31 OFC技术演示公告；未作为SKU商业阶段,演示/发布配置
R21,Coherent,1.6T-DR8 OSFP硅光LRO演示配置,UNKNOWN：公开来源未提供准确SKU,20 总体封装,OSFP；连接器/距离未在该段披露,厂商直接披露,https://www.coherent.com/news/press-releases/coherent-to-showcase-innovative-products-and-technologies-at-ofc2025 | Coherent OFC 2025 technology and product demonstrations / Silicon Photonics based 1.6T Transceivers小节，第147–148行,2025-03-31,2026-10-03,2025-03-31 OFC技术演示公告；未作为SKU商业阶段,演示/发布配置
R22,Lumentum,800G 2×DR4 OSFP,UNKNOWN：公开来源未提供准确SKU,01 主机电接口,8×106.25 Gb/s PAM4（物理线路速率）,厂商直接披露,https://www.lumentum.com/en/products/800g-2dr4-osfp-transceiver-module | 800G 2×DR4 OSFP Transceiver Module / Overview，网页第14–15行,UNKNOWN,2026-10-03,官网列示产品规格；准确配置当前送样/出货/认证阶段UNKNOWN,产品页/规格书
R22,Lumentum,800G 2×DR4 OSFP,UNKNOWN：公开来源未提供准确SKU,02 PCB与电连接,待提取：本稿尚未取得该环节专项资料；不能据此断言厂商未披露,未提取/待检索,,UNKNOWN,2026-10-03,官网列示产品规格；准确配置当前送样/出货/认证阶段UNKNOWN,产品页/规格书
R22,Lumentum,800G 2×DR4 OSFP,UNKNOWN：公开来源未提供准确SKU,03 电处理,集成DSP；芯片型号/工艺及Tx/Rx重定时细节未披露,部分披露/有保留,https://www.lumentum.com/en/products/800g-2dr4-osfp-transceiver-module | 800G 2×DR4 OSFP Transceiver Module / Overview，网页第14–15行,UNKNOWN,2026-10-03,官网列示产品规格；准确配置当前送样/出货/认证阶段UNKNOWN,产品页/规格书
R22,Lumentum,800G 2×DR4 OSFP,UNKNOWN：公开来源未提供准确SKU,04 驱动,待提取：本稿尚未取得该环节专项资料；不能据此断言厂商未披露,未提取/待检索,,UNKNOWN,2026-10-03,官网列示产品规格；准确配置当前送样/出货/认证阶段UNKNOWN,产品页/规格书
R22,Lumentum,800G 2×DR4 OSFP,UNKNOWN：公开来源未提供准确SKU,05 发光与调制,4颗1311nm CW DFB激光器＋硅光；PIC内具体调制器结构未披露,部分披露/有保留,https://www.lumentum.com/en/products/800g-2dr4-osfp-transceiver-module | 800G 2×DR4 OSFP Transceiver Module / Overview，网页第14–15行,UNKNOWN,2026-10-03,官网列示产品规格；准确配置当前送样/出货/认证阶段UNKNOWN,产品页/规格书
R22,Lumentum,800G 2×DR4 OSFP,UNKNOWN：公开来源未提供准确SKU,06 载体与芯片互连,待提取：本稿尚未取得该环节专项资料；不能据此断言厂商未披露,未提取/待检索,,UNKNOWN,2026-10-03,官网列示产品规格；准确配置当前送样/出货/认证阶段UNKNOWN,产品页/规格书
R22,Lumentum,800G 2×DR4 OSFP,UNKNOWN：公开来源未提供准确SKU,07 发射耦合,待提取：本稿尚未取得该环节专项资料；不能据此断言厂商未披露,未提取/待检索,,UNKNOWN,2026-10-03,官网列示产品规格；准确配置当前送样/出货/认证阶段UNKNOWN,产品页/规格书
R22,Lumentum,800G 2×DR4 OSFP,UNKNOWN：公开来源未提供准确SKU,08 合波,UNKNOWN：核验来源未披露，未补造内部BOM或供应商,UNKNOWN,,UNKNOWN,2026-10-03,官网列示产品规格；准确配置当前送样/出货/认证阶段UNKNOWN,产品页/规格书
R22,Lumentum,800G 2×DR4 OSFP,UNKNOWN：公开来源未提供准确SKU,09 外部光接口,8×106.25 Gb/s PAM4；产品名义800G；500m单模；距离：500m；光纤接口见封装字段：OSFP；2×MTP-12/APC；CMIS 5.2；壳温0–70°C,厂商直接披露,https://www.lumentum.com/en/products/800g-2dr4-osfp-transceiver-module | 800G 2×DR4 OSFP Transceiver Module / Overview，网页第14–15行,UNKNOWN,2026-10-03,官网列示产品规格；准确配置当前送样/出货/认证阶段UNKNOWN,产品页/规格书
R22,Lumentum,800G 2×DR4 OSFP,UNKNOWN：公开来源未提供准确SKU,10 分波,UNKNOWN：核验来源未披露，未补造内部BOM或供应商,UNKNOWN,,UNKNOWN,2026-10-03,官网列示产品规格；准确配置当前送样/出货/认证阶段UNKNOWN,产品页/规格书
R22,Lumentum,800G 2×DR4 OSFP,UNKNOWN：公开来源未提供准确SKU,11 接收耦合,待提取：本稿尚未取得该环节专项资料；不能据此断言厂商未披露,未提取/待检索,,UNKNOWN,2026-10-03,官网列示产品规格；准确配置当前送样/出货/认证阶段UNKNOWN,产品页/规格书
R22,Lumentum,800G 2×DR4 OSFP,UNKNOWN：公开来源未提供准确SKU,12 探测器,UNKNOWN：核验来源未披露，未补造内部BOM或供应商（探测器与接收放大联合披露，未给出部分保持UNKNOWN）,UNKNOWN,,UNKNOWN,2026-10-03,官网列示产品规格；准确配置当前送样/出货/认证阶段UNKNOWN,产品页/规格书
R22,Lumentum,800G 2×DR4 OSFP,UNKNOWN：公开来源未提供准确SKU,13 接收放大,UNKNOWN：核验来源未披露，未补造内部BOM或供应商（探测器与接收放大联合披露，未给出部分保持UNKNOWN）,UNKNOWN,,UNKNOWN,2026-10-03,官网列示产品规格；准确配置当前送样/出货/认证阶段UNKNOWN,产品页/规格书
R22,Lumentum,800G 2×DR4 OSFP,UNKNOWN：公开来源未提供准确SKU,14 控制,CMIS 5.2；RSSI与发射功率监测、VDM；MCU/内部存储型号未知,部分披露；具体边界见主张,https://www.lumentum.com/en/products/800g-2dr4-osfp-transceiver-module | 800G 2×DR4 OSFP Transceiver Module / Overview，网页第14–15行,UNKNOWN,2026-10-03,官网列示产品规格；准确配置当前送样/出货/认证阶段UNKNOWN,产品页/规格书
R22,Lumentum,800G 2×DR4 OSFP,UNKNOWN：公开来源未提供准确SKU,15 非易失存储,待提取：本稿尚未取得该环节专项资料；不能据此断言厂商未披露,未提取/待检索,,UNKNOWN,2026-10-03,官网列示产品规格；准确配置当前送样/出货/认证阶段UNKNOWN,产品页/规格书
R22,Lumentum,800G 2×DR4 OSFP,UNKNOWN：公开来源未提供准确SKU,16 电源,待提取：本稿尚未取得该环节专项资料；不能据此断言厂商未披露,未提取/待检索,,UNKNOWN,2026-10-03,官网列示产品规格；准确配置当前送样/出货/认证阶段UNKNOWN,产品页/规格书
R22,Lumentum,800G 2×DR4 OSFP,UNKNOWN：公开来源未提供准确SKU,17 时钟,待提取：本稿尚未取得该环节专项资料；不能据此断言厂商未披露,未提取/待检索,,UNKNOWN,2026-10-03,官网列示产品规格；准确配置当前送样/出货/认证阶段UNKNOWN,产品页/规格书
R22,Lumentum,800G 2×DR4 OSFP,UNKNOWN：公开来源未提供准确SKU,18 无源电子件,待提取：本稿尚未取得该环节专项资料；不能据此断言厂商未披露,未提取/待检索,,UNKNOWN,2026-10-03,官网列示产品规格；准确配置当前送样/出货/认证阶段UNKNOWN,产品页/规格书
R22,Lumentum,800G 2×DR4 OSFP,UNKNOWN：公开来源未提供准确SKU,19 热管理,典型功耗<15.2 W；未披露详细测量条件；温区0–70°C；不能把温区不同的22W与16W当作同条件实测因果差,部分披露；具体边界见主张,https://www.lumentum.com/en/products/800g-2dr4-osfp-transceiver-module | 800G 2×DR4 OSFP Transceiver Module / Overview，网页第14–15行,UNKNOWN,2026-10-03,官网列示产品规格；准确配置当前送样/出货/认证阶段UNKNOWN,产品页/规格书
R22,Lumentum,800G 2×DR4 OSFP,UNKNOWN：公开来源未提供准确SKU,20 总体封装,OSFP；2×MTP-12/APC；CMIS 5.2；壳温0–70°C,厂商直接披露,https://www.lumentum.com/en/products/800g-2dr4-osfp-transceiver-module | 800G 2×DR4 OSFP Transceiver Module / Overview，网页第14–15行,UNKNOWN,2026-10-03,官网列示产品规格；准确配置当前送样/出货/认证阶段UNKNOWN,产品页/规格书
R23,Lumentum,1.6T 2×DR4 OSFP（完整重定时）,UNKNOWN：公开来源未提供准确SKU,01 主机电接口,8×212.5 Gb/s PAM4（物理线路速率）,厂商直接披露,https://www.lumentum.com/en/products/16t-2dr4-osfp-transceiver-module | 1.6T 2×DR4 OSFP Transceiver Module / Overview，网页第14–15行,UNKNOWN,2026-10-03,官网列示产品规格；准确配置当前商业阶段UNKNOWN,产品页/规格书
R23,Lumentum,1.6T 2×DR4 OSFP（完整重定时）,UNKNOWN：公开来源未提供准确SKU,02 PCB与电连接,待提取：本稿尚未取得该环节专项资料；不能据此断言厂商未披露,未提取/待检索,,UNKNOWN,2026-10-03,官网列示产品规格；准确配置当前商业阶段UNKNOWN,产品页/规格书
R23,Lumentum,1.6T 2×DR4 OSFP（完整重定时）,UNKNOWN：公开来源未提供准确SKU,03 电处理,集成DSP；Tx与Rx均重定时；芯片型号/工艺未知,部分披露/有保留,https://www.lumentum.com/en/products/16t-2dr4-osfp-transceiver-module | 1.6T 2×DR4 OSFP Transceiver Module / Overview，网页第14–15行,UNKNOWN,2026-10-03,官网列示产品规格；准确配置当前商业阶段UNKNOWN,产品页/规格书
R23,Lumentum,1.6T 2×DR4 OSFP（完整重定时）,UNKNOWN：公开来源未提供准确SKU,04 驱动,待提取：本稿尚未取得该环节专项资料；不能据此断言厂商未披露,未提取/待检索,,UNKNOWN,2026-10-03,官网列示产品规格；准确配置当前商业阶段UNKNOWN,产品页/规格书
R23,Lumentum,1.6T 2×DR4 OSFP（完整重定时）,UNKNOWN：公开来源未提供准确SKU,05 发光与调制,SiPh硅光平台＋1311nm CW DFB连续波激光器；颗数和调制器结构未披露,部分披露/有保留,https://www.lumentum.com/en/products/16t-2dr4-osfp-transceiver-module | 1.6T 2×DR4 OSFP Transceiver Module / Overview，网页第14–15行,UNKNOWN,2026-10-03,官网列示产品规格；准确配置当前商业阶段UNKNOWN,产品页/规格书
R23,Lumentum,1.6T 2×DR4 OSFP（完整重定时）,UNKNOWN：公开来源未提供准确SKU,06 载体与芯片互连,待提取：本稿尚未取得该环节专项资料；不能据此断言厂商未披露,未提取/待检索,,UNKNOWN,2026-10-03,官网列示产品规格；准确配置当前商业阶段UNKNOWN,产品页/规格书
R23,Lumentum,1.6T 2×DR4 OSFP（完整重定时）,UNKNOWN：公开来源未提供准确SKU,07 发射耦合,待提取：本稿尚未取得该环节专项资料；不能据此断言厂商未披露,未提取/待检索,,UNKNOWN,2026-10-03,官网列示产品规格；准确配置当前商业阶段UNKNOWN,产品页/规格书
R23,Lumentum,1.6T 2×DR4 OSFP（完整重定时）,UNKNOWN：公开来源未提供准确SKU,08 合波,UNKNOWN：核验来源未披露，未补造内部BOM或供应商,UNKNOWN,,UNKNOWN,2026-10-03,官网列示产品规格；准确配置当前商业阶段UNKNOWN,产品页/规格书
R23,Lumentum,1.6T 2×DR4 OSFP（完整重定时）,UNKNOWN：公开来源未提供准确SKU,09 外部光接口,8×212.5 Gb/s PAM4；名义1.6T；500m单模；距离：500m；光纤接口见封装字段：OSFP；2×MPO-16/APC；CMIS 5.3,厂商直接披露,https://www.lumentum.com/en/products/16t-2dr4-osfp-transceiver-module | 1.6T 2×DR4 OSFP Transceiver Module / Overview，网页第14–15行,UNKNOWN,2026-10-03,官网列示产品规格；准确配置当前商业阶段UNKNOWN,产品页/规格书
R23,Lumentum,1.6T 2×DR4 OSFP（完整重定时）,UNKNOWN：公开来源未提供准确SKU,10 分波,UNKNOWN：核验来源未披露，未补造内部BOM或供应商,UNKNOWN,,UNKNOWN,2026-10-03,官网列示产品规格；准确配置当前商业阶段UNKNOWN,产品页/规格书
R23,Lumentum,1.6T 2×DR4 OSFP（完整重定时）,UNKNOWN：公开来源未提供准确SKU,11 接收耦合,待提取：本稿尚未取得该环节专项资料；不能据此断言厂商未披露,未提取/待检索,,UNKNOWN,2026-10-03,官网列示产品规格；准确配置当前商业阶段UNKNOWN,产品页/规格书
R23,Lumentum,1.6T 2×DR4 OSFP（完整重定时）,UNKNOWN：公开来源未提供准确SKU,12 探测器,UNKNOWN：核验来源未披露，未补造内部BOM或供应商（探测器与接收放大联合披露，未给出部分保持UNKNOWN）,UNKNOWN,,UNKNOWN,2026-10-03,官网列示产品规格；准确配置当前商业阶段UNKNOWN,产品页/规格书
R23,Lumentum,1.6T 2×DR4 OSFP（完整重定时）,UNKNOWN：公开来源未提供准确SKU,13 接收放大,UNKNOWN：核验来源未披露，未补造内部BOM或供应商（探测器与接收放大联合披露，未给出部分保持UNKNOWN）,UNKNOWN,,UNKNOWN,2026-10-03,官网列示产品规格；准确配置当前商业阶段UNKNOWN,产品页/规格书
R23,Lumentum,1.6T 2×DR4 OSFP（完整重定时）,UNKNOWN：公开来源未提供准确SKU,14 控制,CMIS 5.3；RSSI与发射功率监测；MCU/内部存储型号未知,部分披露；具体边界见主张,https://www.lumentum.com/en/products/16t-2dr4-osfp-transceiver-module | 1.6T 2×DR4 OSFP Transceiver Module / Overview，网页第14–15行,UNKNOWN,2026-10-03,官网列示产品规格；准确配置当前商业阶段UNKNOWN,产品页/规格书
R23,Lumentum,1.6T 2×DR4 OSFP（完整重定时）,UNKNOWN：公开来源未提供准确SKU,15 非易失存储,待提取：本稿尚未取得该环节专项资料；不能据此断言厂商未披露,未提取/待检索,,UNKNOWN,2026-10-03,官网列示产品规格；准确配置当前商业阶段UNKNOWN,产品页/规格书
R23,Lumentum,1.6T 2×DR4 OSFP（完整重定时）,UNKNOWN：公开来源未提供准确SKU,16 电源,待提取：本稿尚未取得该环节专项资料；不能据此断言厂商未披露,未提取/待检索,,UNKNOWN,2026-10-03,官网列示产品规格；准确配置当前商业阶段UNKNOWN,产品页/规格书
R23,Lumentum,1.6T 2×DR4 OSFP（完整重定时）,UNKNOWN：公开来源未提供准确SKU,17 时钟,待提取：本稿尚未取得该环节专项资料；不能据此断言厂商未披露,未提取/待检索,,UNKNOWN,2026-10-03,官网列示产品规格；准确配置当前商业阶段UNKNOWN,产品页/规格书
R23,Lumentum,1.6T 2×DR4 OSFP（完整重定时）,UNKNOWN：公开来源未提供准确SKU,18 无源电子件,待提取：本稿尚未取得该环节专项资料；不能据此断言厂商未披露,未提取/待检索,,UNKNOWN,2026-10-03,官网列示产品规格；准确配置当前商业阶段UNKNOWN,产品页/规格书
R23,Lumentum,1.6T 2×DR4 OSFP（完整重定时）,UNKNOWN：公开来源未提供准确SKU,19 热管理,典型22 W；非独立实测；温区20–70°C；不能把温区不同的22W与16W当作同条件实测因果差,部分披露；具体边界见主张,https://www.lumentum.com/en/products/16t-2dr4-osfp-transceiver-module | 1.6T 2×DR4 OSFP Transceiver Module / Overview，网页第14–15行,UNKNOWN,2026-10-03,官网列示产品规格；准确配置当前商业阶段UNKNOWN,产品页/规格书
R23,Lumentum,1.6T 2×DR4 OSFP（完整重定时）,UNKNOWN：公开来源未提供准确SKU,20 总体封装,OSFP；2×MPO-16/APC；CMIS 5.3,厂商直接披露,https://www.lumentum.com/en/products/16t-2dr4-osfp-transceiver-module | 1.6T 2×DR4 OSFP Transceiver Module / Overview，网页第14–15行,UNKNOWN,2026-10-03,官网列示产品规格；准确配置当前商业阶段UNKNOWN,产品页/规格书
R24,Lumentum,1.6T 2×DR4 TRO OSFP,UNKNOWN：公开来源未提供准确SKU,01 主机电接口,8×212.5 Gb/s PAM4,厂商直接披露,https://www.lumentum.com/products/16t-2dr4-tro-osfp-transceiver-module | 1.6T 2×DR4 TRO OSFP Transceiver Module / Overview，网页第14–15行,UNKNOWN,2026-10-03,官网列示产品规格；准确配置当前商业阶段UNKNOWN,产品页/规格书
R24,Lumentum,1.6T 2×DR4 TRO OSFP,UNKNOWN：公开来源未提供准确SKU,02 PCB与电连接,待提取：本稿尚未取得该环节专项资料；不能据此断言厂商未披露,未提取/待检索,,UNKNOWN,2026-10-03,官网列示产品规格；准确配置当前商业阶段UNKNOWN,产品页/规格书
R24,Lumentum,1.6T 2×DR4 TRO OSFP,UNKNOWN：公开来源未提供准确SKU,03 电处理,DSP；TRO只发送侧重定时；接收侧具体模拟器件型号未披露,部分披露/有保留,https://www.lumentum.com/products/16t-2dr4-tro-osfp-transceiver-module | 1.6T 2×DR4 TRO OSFP Transceiver Module / Overview，网页第14–15行,UNKNOWN,2026-10-03,官网列示产品规格；准确配置当前商业阶段UNKNOWN,产品页/规格书
R24,Lumentum,1.6T 2×DR4 TRO OSFP,UNKNOWN：公开来源未提供准确SKU,04 驱动,待提取：本稿尚未取得该环节专项资料；不能据此断言厂商未披露,未提取/待检索,,UNKNOWN,2026-10-03,官网列示产品规格；准确配置当前商业阶段UNKNOWN,产品页/规格书
R24,Lumentum,1.6T 2×DR4 TRO OSFP,UNKNOWN：公开来源未提供准确SKU,05 发光与调制,SiPh硅光平台＋1311nm CW DFB连续波激光器；颗数和调制器结构未披露,部分披露/有保留,https://www.lumentum.com/en/products/16t-2dr4-tro-osfp-transceiver-module | OG13 Lumentum1.6T2DR4 TRO / 同URL的HTML嵌入Features明确1311nm CW DFB、20–60°C、RSSI/Tx监测,UNKNOWN,2026-10-03,官网列示产品规格；准确配置当前商业阶段UNKNOWN,产品页/规格书
R24,Lumentum,1.6T 2×DR4 TRO OSFP,UNKNOWN：公开来源未提供准确SKU,06 载体与芯片互连,待提取：本稿尚未取得该环节专项资料；不能据此断言厂商未披露,未提取/待检索,,UNKNOWN,2026-10-03,官网列示产品规格；准确配置当前商业阶段UNKNOWN,产品页/规格书
R24,Lumentum,1.6T 2×DR4 TRO OSFP,UNKNOWN：公开来源未提供准确SKU,07 发射耦合,待提取：本稿尚未取得该环节专项资料；不能据此断言厂商未披露,未提取/待检索,,UNKNOWN,2026-10-03,官网列示产品规格；准确配置当前商业阶段UNKNOWN,产品页/规格书
R24,Lumentum,1.6T 2×DR4 TRO OSFP,UNKNOWN：公开来源未提供准确SKU,08 合波,UNKNOWN：核验来源未披露，未补造内部BOM或供应商,UNKNOWN,,UNKNOWN,2026-10-03,官网列示产品规格；准确配置当前商业阶段UNKNOWN,产品页/规格书
R24,Lumentum,1.6T 2×DR4 TRO OSFP,UNKNOWN：公开来源未提供准确SKU,09 外部光接口,8×212.5 Gb/s PAM4；500m单模；距离：500m；光纤接口见封装字段：OSFP；双MPO-16/APC；CMIS 5.3,厂商直接披露,https://www.lumentum.com/products/16t-2dr4-tro-osfp-transceiver-module | 1.6T 2×DR4 TRO OSFP Transceiver Module / Overview，网页第14–15行,UNKNOWN,2026-10-03,官网列示产品规格；准确配置当前商业阶段UNKNOWN,产品页/规格书
R24,Lumentum,1.6T 2×DR4 TRO OSFP,UNKNOWN：公开来源未提供准确SKU,10 分波,UNKNOWN：核验来源未披露，未补造内部BOM或供应商,UNKNOWN,,UNKNOWN,2026-10-03,官网列示产品规格；准确配置当前商业阶段UNKNOWN,产品页/规格书
R24,Lumentum,1.6T 2×DR4 TRO OSFP,UNKNOWN：公开来源未提供准确SKU,11 接收耦合,待提取：本稿尚未取得该环节专项资料；不能据此断言厂商未披露,未提取/待检索,,UNKNOWN,2026-10-03,官网列示产品规格；准确配置当前商业阶段UNKNOWN,产品页/规格书
R24,Lumentum,1.6T 2×DR4 TRO OSFP,UNKNOWN：公开来源未提供准确SKU,12 探测器,UNKNOWN：核验来源未披露，未补造内部BOM或供应商（探测器与接收放大联合披露，未给出部分保持UNKNOWN）,UNKNOWN,,UNKNOWN,2026-10-03,官网列示产品规格；准确配置当前商业阶段UNKNOWN,产品页/规格书
R24,Lumentum,1.6T 2×DR4 TRO OSFP,UNKNOWN：公开来源未提供准确SKU,13 接收放大,UNKNOWN：核验来源未披露，未补造内部BOM或供应商（探测器与接收放大联合披露，未给出部分保持UNKNOWN）,UNKNOWN,,UNKNOWN,2026-10-03,官网列示产品规格；准确配置当前商业阶段UNKNOWN,产品页/规格书
R24,Lumentum,1.6T 2×DR4 TRO OSFP,UNKNOWN：公开来源未提供准确SKU,14 控制,CMIS 5.3；RSSI与发射功率监测；MCU/内部存储型号未知,部分披露；具体边界见主张,https://www.lumentum.com/en/products/16t-2dr4-tro-osfp-transceiver-module | OG13 Lumentum1.6T2DR4 TRO / 同URL的HTML嵌入Features明确1311nm CW DFB、20–60°C、RSSI/Tx监测,UNKNOWN,2026-10-03,官网列示产品规格；准确配置当前商业阶段UNKNOWN,产品页/规格书
R24,Lumentum,1.6T 2×DR4 TRO OSFP,UNKNOWN：公开来源未提供准确SKU,15 非易失存储,待提取：本稿尚未取得该环节专项资料；不能据此断言厂商未披露,未提取/待检索,,UNKNOWN,2026-10-03,官网列示产品规格；准确配置当前商业阶段UNKNOWN,产品页/规格书
R24,Lumentum,1.6T 2×DR4 TRO OSFP,UNKNOWN：公开来源未提供准确SKU,16 电源,待提取：本稿尚未取得该环节专项资料；不能据此断言厂商未披露,未提取/待检索,,UNKNOWN,2026-10-03,官网列示产品规格；准确配置当前商业阶段UNKNOWN,产品页/规格书
R24,Lumentum,1.6T 2×DR4 TRO OSFP,UNKNOWN：公开来源未提供准确SKU,17 时钟,待提取：本稿尚未取得该环节专项资料；不能据此断言厂商未披露,未提取/待检索,,UNKNOWN,2026-10-03,官网列示产品规格；准确配置当前商业阶段UNKNOWN,产品页/规格书
R24,Lumentum,1.6T 2×DR4 TRO OSFP,UNKNOWN：公开来源未提供准确SKU,18 无源电子件,待提取：本稿尚未取得该环节专项资料；不能据此断言厂商未披露,未提取/待检索,,UNKNOWN,2026-10-03,官网列示产品规格；准确配置当前商业阶段UNKNOWN,产品页/规格书
R24,Lumentum,1.6T 2×DR4 TRO OSFP,UNKNOWN：公开来源未提供准确SKU,19 热管理,典型16 W；非独立实测；温区20–60°C；不能把温区不同的22W与16W当作同条件实测因果差,部分披露；具体边界见主张,https://www.lumentum.com/en/products/16t-2dr4-tro-osfp-transceiver-module | OG13 Lumentum1.6T2DR4 TRO / 同URL的HTML嵌入Features明确1311nm CW DFB、20–60°C、RSSI/Tx监测,UNKNOWN,2026-10-03,官网列示产品规格；准确配置当前商业阶段UNKNOWN,产品页/规格书
R24,Lumentum,1.6T 2×DR4 TRO OSFP,UNKNOWN：公开来源未提供准确SKU,20 总体封装,OSFP；双MPO-16/APC；CMIS 5.3,厂商直接披露,https://www.lumentum.com/products/16t-2dr4-tro-osfp-transceiver-module | 1.6T 2×DR4 TRO OSFP Transceiver Module / Overview，网页第14–15行,UNKNOWN,2026-10-03,官网列示产品规格；准确配置当前商业阶段UNKNOWN,产品页/规格书
R25,Source Photonics,1.6T-2DR4 500m OSFP-RHS,SPQ-HE8-8DO-COD（按正文；URL为COB）,01 主机电接口,支持1.6TAUI-8 C2M接口；单通道精确Gb/s未在页面写出,厂商直接披露,https://www.sourcephotonics.com/product/spq-he8-8do-cob/ | SPQ-HE8-8DO-COD 1.6T-2DR4 OSFP-RHS / 标题及Features，第164–181行,UNKNOWN,2026-10-03,官网列示配置；无法把产品族出货直接绑定该SKU,产品页/规格书
R25,Source Photonics,1.6T-2DR4 500m OSFP-RHS,SPQ-HE8-8DO-COD（按正文；URL为COB）,02 PCB与电连接,待提取：本稿尚未取得该环节专项资料；不能据此断言厂商未披露,未提取/待检索,,UNKNOWN,2026-10-03,官网列示配置；无法把产品族出货直接绑定该SKU,产品页/规格书
R25,Source Photonics,1.6T-2DR4 500m OSFP-RHS,SPQ-HE8-8DO-COD（按正文；URL为COB）,03 电处理,3nm DSP；厂商/型号、收发重定时细节未知,部分披露/有保留,https://www.sourcephotonics.com/product/spq-he8-8do-cob/ | SPQ-HE8-8DO-COD 1.6T-2DR4 OSFP-RHS / 标题及Features，第164–181行,UNKNOWN,2026-10-03,官网列示配置；无法把产品族出货直接绑定该SKU,产品页/规格书
R25,Source Photonics,1.6T-2DR4 500m OSFP-RHS,SPQ-HE8-8DO-COD（按正文；URL为COB）,04 驱动,待提取：本稿尚未取得该环节专项资料；不能据此断言厂商未披露,未提取/待检索,,UNKNOWN,2026-10-03,官网列示配置；无法把产品族出货直接绑定该SKU,产品页/规格书
R25,Source Photonics,1.6T-2DR4 500m OSFP-RHS,SPQ-HE8-8DO-COD（按正文；URL为COB）,05 发光与调制,EML发射；准确裸片型号/数量未知,部分披露/有保留,https://www.sourcephotonics.com/product/spq-he8-8do-cob/ | SPQ-HE8-8DO-COD 1.6T-2DR4 OSFP-RHS / 标题及Features，第164–181行,UNKNOWN,2026-10-03,官网列示配置；无法把产品族出货直接绑定该SKU,产品页/规格书
R25,Source Photonics,1.6T-2DR4 500m OSFP-RHS,SPQ-HE8-8DO-COD（按正文；URL为COB）,06 载体与芯片互连,待提取：本稿尚未取得该环节专项资料；不能据此断言厂商未披露,未提取/待检索,,UNKNOWN,2026-10-03,官网列示配置；无法把产品族出货直接绑定该SKU,产品页/规格书
R25,Source Photonics,1.6T-2DR4 500m OSFP-RHS,SPQ-HE8-8DO-COD（按正文；URL为COB）,07 发射耦合,待提取：本稿尚未取得该环节专项资料；不能据此断言厂商未披露,未提取/待检索,,UNKNOWN,2026-10-03,官网列示配置；无法把产品族出货直接绑定该SKU,产品页/规格书
R25,Source Photonics,1.6T-2DR4 500m OSFP-RHS,SPQ-HE8-8DO-COD（按正文；URL为COB）,08 合波,UNKNOWN：核验来源未披露，未补造内部BOM或供应商,UNKNOWN,,UNKNOWN,2026-10-03,官网列示配置；无法把产品族出货直接绑定该SKU,产品页/规格书
R25,Source Photonics,1.6T-2DR4 500m OSFP-RHS,SPQ-HE8-8DO-COD（按正文；URL为COB）,09 外部光接口,支持1.6TBASE-DR8与500m；页面未显式列每光通道速率；距离：500m；光纤接口见封装字段：OSFP-RHS/OSFP1600；CMIS 5.3；0–70°C；连接器未披露,部分披露/有保留,https://www.sourcephotonics.com/product/spq-he8-8do-cob/ | SPQ-HE8-8DO-COD 1.6T-2DR4 OSFP-RHS / 标题及Features，第164–181行,UNKNOWN,2026-10-03,官网列示配置；无法把产品族出货直接绑定该SKU,产品页/规格书
R25,Source Photonics,1.6T-2DR4 500m OSFP-RHS,SPQ-HE8-8DO-COD（按正文；URL为COB）,10 分波,UNKNOWN：核验来源未披露，未补造内部BOM或供应商,UNKNOWN,,UNKNOWN,2026-10-03,官网列示配置；无法把产品族出货直接绑定该SKU,产品页/规格书
R25,Source Photonics,1.6T-2DR4 500m OSFP-RHS,SPQ-HE8-8DO-COD（按正文；URL为COB）,11 接收耦合,待提取：本稿尚未取得该环节专项资料；不能据此断言厂商未披露,未提取/待检索,,UNKNOWN,2026-10-03,官网列示配置；无法把产品族出货直接绑定该SKU,产品页/规格书
R25,Source Photonics,1.6T-2DR4 500m OSFP-RHS,SPQ-HE8-8DO-COD（按正文；URL为COB）,12 探测器,PIN探测器；材料/芯片型号未披露,部分披露；具体边界见主张,https://www.sourcephotonics.com/product/spq-he8-8do-cob/ | SPQ-HE8-8DO-COD 1.6T-2DR4 OSFP-RHS / 标题及Features，第164–181行,UNKNOWN,2026-10-03,官网列示配置；无法把产品族出货直接绑定该SKU,产品页/规格书
R25,Source Photonics,1.6T-2DR4 500m OSFP-RHS,SPQ-HE8-8DO-COD（按正文；URL为COB）,13 接收放大,所核产品页未列TIA型号与集成位置,所核来源未列该项,https://www.sourcephotonics.com/product/spq-he8-8do-cob/ | SPQ-HE8-8DO-COD 1.6T-2DR4 OSFP-RHS / 标题及Features，第164–181行,UNKNOWN,2026-10-03,官网列示配置；无法把产品族出货直接绑定该SKU,产品页/规格书
R25,Source Photonics,1.6T-2DR4 500m OSFP-RHS,SPQ-HE8-8DO-COD（按正文；URL为COB）,14 控制,管理接口：CMIS 5.3；MCU型号和集成位置UNKNOWN,部分披露/有保留,https://www.sourcephotonics.com/product/spq-he8-8do-cob/ | SPQ-HE8-8DO-COD 1.6T-2DR4 OSFP-RHS / 标题及Features，第164–181行,UNKNOWN,2026-10-03,官网列示配置；无法把产品族出货直接绑定该SKU,产品页/规格书
R25,Source Photonics,1.6T-2DR4 500m OSFP-RHS,SPQ-HE8-8DO-COD（按正文；URL为COB）,15 非易失存储,待提取：本稿尚未取得该环节专项资料；不能据此断言厂商未披露,未提取/待检索,,UNKNOWN,2026-10-03,官网列示配置；无法把产品族出货直接绑定该SKU,产品页/规格书
R25,Source Photonics,1.6T-2DR4 500m OSFP-RHS,SPQ-HE8-8DO-COD（按正文；URL为COB）,16 电源,待提取：本稿尚未取得该环节专项资料；不能据此断言厂商未披露,未提取/待检索,,UNKNOWN,2026-10-03,官网列示配置；无法把产品族出货直接绑定该SKU,产品页/规格书
R25,Source Photonics,1.6T-2DR4 500m OSFP-RHS,SPQ-HE8-8DO-COD（按正文；URL为COB）,17 时钟,待提取：本稿尚未取得该环节专项资料；不能据此断言厂商未披露,未提取/待检索,,UNKNOWN,2026-10-03,官网列示配置；无法把产品族出货直接绑定该SKU,产品页/规格书
R25,Source Photonics,1.6T-2DR4 500m OSFP-RHS,SPQ-HE8-8DO-COD（按正文；URL为COB）,18 无源电子件,待提取：本稿尚未取得该环节专项资料；不能据此断言厂商未披露,未提取/待检索,,UNKNOWN,2026-10-03,官网列示配置；无法把产品族出货直接绑定该SKU,产品页/规格书
R25,Source Photonics,1.6T-2DR4 500m OSFP-RHS,SPQ-HE8-8DO-COD（按正文；URL为COB）,19 热管理,UNKNOWN：核验来源未披露，未补造内部BOM或供应商；封装/温区原规格：OSFP-RHS/OSFP1600；CMIS 5.3；0–70°C；连接器未披露；具体热结构未披露,部分披露；具体边界见主张,https://www.sourcephotonics.com/product/spq-he8-8do-cob/ | SPQ-HE8-8DO-COD 1.6T-2DR4 OSFP-RHS / 标题及Features，第164–181行,UNKNOWN,2026-10-03,官网列示配置；无法把产品族出货直接绑定该SKU,产品页/规格书
R25,Source Photonics,1.6T-2DR4 500m OSFP-RHS,SPQ-HE8-8DO-COD（按正文；URL为COB）,20 总体封装,OSFP-RHS/OSFP1600；CMIS 5.3；0–70°C；连接器未披露,部分披露/有保留,https://www.sourcephotonics.com/product/spq-he8-8do-cob/ | SPQ-HE8-8DO-COD 1.6T-2DR4 OSFP-RHS / 标题及Features，第164–181行,UNKNOWN,2026-10-03,官网列示配置；无法把产品族出货直接绑定该SKU,产品页/规格书
R26,Source Photonics,1.6T-2FR4 OSFP-RHS（内部规格冲突待澄清）,SPQ-HE2-8FO-COD（正文；URL为COB）,01 主机电接口,UNKNOWN：核验来源未披露，未补造内部BOM或供应商,UNKNOWN,,UNKNOWN,2026-10-03,官网列示；距离与标准矛盾待原厂规格书确认,冲突待澄清
R26,Source Photonics,1.6T-2FR4 OSFP-RHS（内部规格冲突待澄清）,SPQ-HE2-8FO-COD（正文；URL为COB）,02 PCB与电连接,待提取：本稿尚未取得该环节专项资料；不能据此断言厂商未披露,未提取/待检索,,UNKNOWN,2026-10-03,官网列示；距离与标准矛盾待原厂规格书确认,冲突待澄清
R26,Source Photonics,1.6T-2FR4 OSFP-RHS（内部规格冲突待澄清）,SPQ-HE2-8FO-COD（正文；URL为COB）,03 电处理,标题3nm DSP；具体芯片未知,部分披露/有保留,https://www.sourcephotonics.com/product/spq-he2-8fo-cob/ | SPQ-HE2-8FO-COD 1.6T-2FR4 OSFP-RHS / 标题与Features，第164–181行,UNKNOWN,2026-10-03,官网列示；距离与标准矛盾待原厂规格书确认,冲突待澄清
R26,Source Photonics,1.6T-2FR4 OSFP-RHS（内部规格冲突待澄清）,SPQ-HE2-8FO-COD（正文；URL为COB）,04 驱动,待提取：本稿尚未取得该环节专项资料；不能据此断言厂商未披露,未提取/待检索,,UNKNOWN,2026-10-03,官网列示；距离与标准矛盾待原厂规格书确认,冲突待澄清
R26,Source Photonics,1.6T-2FR4 OSFP-RHS（内部规格冲突待澄清）,SPQ-HE2-8FO-COD（正文；URL为COB）,05 发光与调制,EML发射（标题与Feature一致）,厂商直接披露,https://www.sourcephotonics.com/product/spq-he2-8fo-cob/ | SPQ-HE2-8FO-COD 1.6T-2FR4 OSFP-RHS / 标题与Features，第164–181行,UNKNOWN,2026-10-03,官网列示；距离与标准矛盾待原厂规格书确认,冲突待澄清
R26,Source Photonics,1.6T-2FR4 OSFP-RHS（内部规格冲突待澄清）,SPQ-HE2-8FO-COD（正文；URL为COB）,06 载体与芯片互连,待提取：本稿尚未取得该环节专项资料；不能据此断言厂商未披露,未提取/待检索,,UNKNOWN,2026-10-03,官网列示；距离与标准矛盾待原厂规格书确认,冲突待澄清
R26,Source Photonics,1.6T-2FR4 OSFP-RHS（内部规格冲突待澄清）,SPQ-HE2-8FO-COD（正文；URL为COB）,07 发射耦合,待提取：本稿尚未取得该环节专项资料；不能据此断言厂商未披露,未提取/待检索,,UNKNOWN,2026-10-03,官网列示；距离与标准矛盾待原厂规格书确认,冲突待澄清
R26,Source Photonics,1.6T-2FR4 OSFP-RHS（内部规格冲突待澄清）,SPQ-HE2-8FO-COD（正文；URL为COB）,08 合波,UNKNOWN：核验来源未披露，未补造内部BOM或供应商,UNKNOWN,,UNKNOWN,2026-10-03,官网列示；距离与标准矛盾待原厂规格书确认,冲突待澄清
R26,Source Photonics,1.6T-2FR4 OSFP-RHS（内部规格冲突待澄清）,SPQ-HE2-8FO-COD（正文；URL为COB）,09 外部光接口,UNKNOWN：核验来源未披露，未补造内部BOM或供应商；距离：UNKNOWN：本稿未取得无冲突的该配置距离规格；光纤接口见封装字段：OSFP-RHS/OSFP1600；CMIS5.3；0–70°C；连接器未知,UNKNOWN,https://www.sourcephotonics.com/product/spq-he2-8fo-cob/ | SPQ-HE2-8FO-COD 1.6T-2FR4 OSFP-RHS / 标题与Features，第164–181行,UNKNOWN,2026-10-03,官网列示；距离与标准矛盾待原厂规格书确认,冲突待澄清
R26,Source Photonics,1.6T-2FR4 OSFP-RHS（内部规格冲突待澄清）,SPQ-HE2-8FO-COD（正文；URL为COB）,10 分波,UNKNOWN：核验来源未披露，未补造内部BOM或供应商,UNKNOWN,,UNKNOWN,2026-10-03,官网列示；距离与标准矛盾待原厂规格书确认,冲突待澄清
R26,Source Photonics,1.6T-2FR4 OSFP-RHS（内部规格冲突待澄清）,SPQ-HE2-8FO-COD（正文；URL为COB）,11 接收耦合,待提取：本稿尚未取得该环节专项资料；不能据此断言厂商未披露,未提取/待检索,,UNKNOWN,2026-10-03,官网列示；距离与标准矛盾待原厂规格书确认,冲突待澄清
R26,Source Photonics,1.6T-2FR4 OSFP-RHS（内部规格冲突待澄清）,SPQ-HE2-8FO-COD（正文；URL为COB）,12 探测器,PIN探测器；材料/芯片型号未披露,部分披露；具体边界见主张,https://www.sourcephotonics.com/product/spq-he2-8fo-cob/ | SPQ-HE2-8FO-COD 1.6T-2FR4 OSFP-RHS / 标题与Features，第164–181行,UNKNOWN,2026-10-03,官网列示；距离与标准矛盾待原厂规格书确认,冲突待澄清
R26,Source Photonics,1.6T-2FR4 OSFP-RHS（内部规格冲突待澄清）,SPQ-HE2-8FO-COD（正文；URL为COB）,13 接收放大,所核产品页未列TIA型号与集成位置,所核来源未列该项,https://www.sourcephotonics.com/product/spq-he2-8fo-cob/ | SPQ-HE2-8FO-COD 1.6T-2FR4 OSFP-RHS / 标题与Features，第164–181行,UNKNOWN,2026-10-03,官网列示；距离与标准矛盾待原厂规格书确认,冲突待澄清
R26,Source Photonics,1.6T-2FR4 OSFP-RHS（内部规格冲突待澄清）,SPQ-HE2-8FO-COD（正文；URL为COB）,14 控制,管理接口：CMIS5.3；MCU型号和集成位置UNKNOWN,部分披露/有保留,https://www.sourcephotonics.com/product/spq-he2-8fo-cob/ | SPQ-HE2-8FO-COD 1.6T-2FR4 OSFP-RHS / 标题与Features，第164–181行,UNKNOWN,2026-10-03,官网列示；距离与标准矛盾待原厂规格书确认,冲突待澄清
R26,Source Photonics,1.6T-2FR4 OSFP-RHS（内部规格冲突待澄清）,SPQ-HE2-8FO-COD（正文；URL为COB）,15 非易失存储,待提取：本稿尚未取得该环节专项资料；不能据此断言厂商未披露,未提取/待检索,,UNKNOWN,2026-10-03,官网列示；距离与标准矛盾待原厂规格书确认,冲突待澄清
R26,Source Photonics,1.6T-2FR4 OSFP-RHS（内部规格冲突待澄清）,SPQ-HE2-8FO-COD（正文；URL为COB）,16 电源,待提取：本稿尚未取得该环节专项资料；不能据此断言厂商未披露,未提取/待检索,,UNKNOWN,2026-10-03,官网列示；距离与标准矛盾待原厂规格书确认,冲突待澄清
R26,Source Photonics,1.6T-2FR4 OSFP-RHS（内部规格冲突待澄清）,SPQ-HE2-8FO-COD（正文；URL为COB）,17 时钟,待提取：本稿尚未取得该环节专项资料；不能据此断言厂商未披露,未提取/待检索,,UNKNOWN,2026-10-03,官网列示；距离与标准矛盾待原厂规格书确认,冲突待澄清
R26,Source Photonics,1.6T-2FR4 OSFP-RHS（内部规格冲突待澄清）,SPQ-HE2-8FO-COD（正文；URL为COB）,18 无源电子件,待提取：本稿尚未取得该环节专项资料；不能据此断言厂商未披露,未提取/待检索,,UNKNOWN,2026-10-03,官网列示；距离与标准矛盾待原厂规格书确认,冲突待澄清
R26,Source Photonics,1.6T-2FR4 OSFP-RHS（内部规格冲突待澄清）,SPQ-HE2-8FO-COD（正文；URL为COB）,19 热管理,UNKNOWN：核验来源未披露，未补造内部BOM或供应商；封装/温区原规格：OSFP-RHS/OSFP1600；CMIS5.3；0–70°C；连接器未知；具体热结构未披露,部分披露；具体边界见主张,https://www.sourcephotonics.com/product/spq-he2-8fo-cob/ | SPQ-HE2-8FO-COD 1.6T-2FR4 OSFP-RHS / 标题与Features，第164–181行,UNKNOWN,2026-10-03,官网列示；距离与标准矛盾待原厂规格书确认,冲突待澄清
R26,Source Photonics,1.6T-2FR4 OSFP-RHS（内部规格冲突待澄清）,SPQ-HE2-8FO-COD（正文；URL为COB）,20 总体封装,OSFP-RHS/OSFP1600；CMIS5.3；0–70°C；连接器未知,部分披露/有保留,https://www.sourcephotonics.com/product/spq-he2-8fo-cob/ | SPQ-HE2-8FO-COD 1.6T-2FR4 OSFP-RHS / 标题与Features，第164–181行,UNKNOWN,2026-10-03,官网列示；距离与标准矛盾待原厂规格书确认,冲突待澄清
R27,Source Photonics,800G DR4，200G单波EML版本,UNKNOWN：公开来源未提供准确SKU,01 主机电接口,UNKNOWN：核验来源未披露，未补造内部BOM或供应商,UNKNOWN,,2025-04-01；2026-03-16,2026-10-03,2025-04宣布产品可获得；2026-03称200G单波800G/1.6T产品自2025年开始生产出货，仅家族层级,产品族披露
R27,Source Photonics,800G DR4，200G单波EML版本,UNKNOWN：公开来源未提供准确SKU,02 PCB与电连接,待提取：本稿尚未取得该环节专项资料；不能据此断言厂商未披露,未提取/待检索,,2025-04-01；2026-03-16,2026-10-03,2025-04宣布产品可获得；2026-03称200G单波800G/1.6T产品自2025年开始生产出货，仅家族层级,产品族披露
R27,Source Photonics,800G DR4，200G单波EML版本,UNKNOWN：公开来源未提供准确SKU,03 电处理,UNKNOWN：核验来源未披露，未补造内部BOM或供应商,UNKNOWN,,2025-04-01；2026-03-16,2026-10-03,2025-04宣布产品可获得；2026-03称200G单波800G/1.6T产品自2025年开始生产出货，仅家族层级,产品族披露
R27,Source Photonics,800G DR4，200G单波EML版本,UNKNOWN：公开来源未提供准确SKU,04 驱动,待提取：本稿尚未取得该环节专项资料；不能据此断言厂商未披露,未提取/待检索,,2025-04-01；2026-03-16,2026-10-03,2025-04宣布产品可获得；2026-03称200G单波800G/1.6T产品自2025年开始生产出货，仅家族层级,产品族披露
R27,Source Photonics,800G DR4，200G单波EML版本,UNKNOWN：公开来源未提供准确SKU,05 发光与调制,产品族明确200G PAM4 EML/O-band；未精确到某裸片或SKU,厂商直接披露,https://www.sourcephotonics.com/news/source-photonics-announce-the-product-availability-of-its-200g-per-lane-based-1-6t-and-800g-pam4-transceiver-family-products-at-ofc25/ | Source Photonics 200G-per-lane 1.6T and 800G family at OFC25 / 首段及产品段，第29–31行,2025-04-01；2026-03-16,2026-10-03,2025-04宣布产品可获得；2026-03称200G单波800G/1.6T产品自2025年开始生产出货，仅家族层级,产品族披露
R27,Source Photonics,800G DR4，200G单波EML版本,UNKNOWN：公开来源未提供准确SKU,06 载体与芯片互连,待提取：本稿尚未取得该环节专项资料；不能据此断言厂商未披露,未提取/待检索,,2025-04-01；2026-03-16,2026-10-03,2025-04宣布产品可获得；2026-03称200G单波800G/1.6T产品自2025年开始生产出货，仅家族层级,产品族披露
R27,Source Photonics,800G DR4，200G单波EML版本,UNKNOWN：公开来源未提供准确SKU,07 发射耦合,待提取：本稿尚未取得该环节专项资料；不能据此断言厂商未披露,未提取/待检索,,2025-04-01；2026-03-16,2026-10-03,2025-04宣布产品可获得；2026-03称200G单波800G/1.6T产品自2025年开始生产出货，仅家族层级,产品族披露
R27,Source Photonics,800G DR4，200G单波EML版本,UNKNOWN：公开来源未提供准确SKU,08 合波,UNKNOWN：核验来源未披露，未补造内部BOM或供应商,UNKNOWN,,2025-04-01；2026-03-16,2026-10-03,2025-04宣布产品可获得；2026-03称200G单波800G/1.6T产品自2025年开始生产出货，仅家族层级,产品族披露
R27,Source Photonics,800G DR4，200G单波EML版本,UNKNOWN：公开来源未提供准确SKU,09 外部光接口,[工程推断] 800G由4×200G光通道组成：来自DR4名称与单波200G的合并解释，非准确SKUdatasheet逐项确认；距离：UNKNOWN：本稿未取得无冲突的该配置距离规格；光纤接口见封装字段：800G系列包括OSFP或QSFP-DD；哪个形态对应本版本及连接器未知,含工程推断，待型号规格确认,https://www.sourcephotonics.com/news/source-photonics-announce-the-product-availability-of-its-200g-per-lane-based-1-6t-and-800g-pam4-transceiver-family-products-at-ofc25/ | Source Photonics 200G-per-lane 1.6T and 800G family at OFC25 / 首段及产品段，第29–31行,2025-04-01；2026-03-16,2026-10-03,2025-04宣布产品可获得；2026-03称200G单波800G/1.6T产品自2025年开始生产出货，仅家族层级,产品族披露
R27,Source Photonics,800G DR4，200G单波EML版本,UNKNOWN：公开来源未提供准确SKU,10 分波,UNKNOWN：核验来源未披露，未补造内部BOM或供应商,UNKNOWN,,2025-04-01；2026-03-16,2026-10-03,2025-04宣布产品可获得；2026-03称200G单波800G/1.6T产品自2025年开始生产出货，仅家族层级,产品族披露
R27,Source Photonics,800G DR4，200G单波EML版本,UNKNOWN：公开来源未提供准确SKU,11 接收耦合,待提取：本稿尚未取得该环节专项资料；不能据此断言厂商未披露,未提取/待检索,,2025-04-01；2026-03-16,2026-10-03,2025-04宣布产品可获得；2026-03称200G单波800G/1.6T产品自2025年开始生产出货，仅家族层级,产品族披露
R27,Source Photonics,800G DR4，200G单波EML版本,UNKNOWN：公开来源未提供准确SKU,12 探测器,UNKNOWN：核验来源未披露，未补造内部BOM或供应商（探测器与接收放大联合披露，未给出部分保持UNKNOWN）,UNKNOWN,,2025-04-01；2026-03-16,2026-10-03,2025-04宣布产品可获得；2026-03称200G单波800G/1.6T产品自2025年开始生产出货，仅家族层级,产品族披露
R27,Source Photonics,800G DR4，200G单波EML版本,UNKNOWN：公开来源未提供准确SKU,13 接收放大,UNKNOWN：核验来源未披露，未补造内部BOM或供应商（探测器与接收放大联合披露，未给出部分保持UNKNOWN）,UNKNOWN,,2025-04-01；2026-03-16,2026-10-03,2025-04宣布产品可获得；2026-03称200G单波800G/1.6T产品自2025年开始生产出货，仅家族层级,产品族披露
R27,Source Photonics,800G DR4，200G单波EML版本,UNKNOWN：公开来源未提供准确SKU,14 控制,待提取：本稿尚未取得该环节专项资料；不能据此断言厂商未披露,未提取/待检索,,2025-04-01；2026-03-16,2026-10-03,2025-04宣布产品可获得；2026-03称200G单波800G/1.6T产品自2025年开始生产出货，仅家族层级,产品族披露
R27,Source Photonics,800G DR4，200G单波EML版本,UNKNOWN：公开来源未提供准确SKU,15 非易失存储,待提取：本稿尚未取得该环节专项资料；不能据此断言厂商未披露,未提取/待检索,,2025-04-01；2026-03-16,2026-10-03,2025-04宣布产品可获得；2026-03称200G单波800G/1.6T产品自2025年开始生产出货，仅家族层级,产品族披露
R27,Source Photonics,800G DR4，200G单波EML版本,UNKNOWN：公开来源未提供准确SKU,16 电源,待提取：本稿尚未取得该环节专项资料；不能据此断言厂商未披露,未提取/待检索,,2025-04-01；2026-03-16,2026-10-03,2025-04宣布产品可获得；2026-03称200G单波800G/1.6T产品自2025年开始生产出货，仅家族层级,产品族披露
R27,Source Photonics,800G DR4，200G单波EML版本,UNKNOWN：公开来源未提供准确SKU,17 时钟,待提取：本稿尚未取得该环节专项资料；不能据此断言厂商未披露,未提取/待检索,,2025-04-01；2026-03-16,2026-10-03,2025-04宣布产品可获得；2026-03称200G单波800G/1.6T产品自2025年开始生产出货，仅家族层级,产品族披露
R27,Source Photonics,800G DR4，200G单波EML版本,UNKNOWN：公开来源未提供准确SKU,18 无源电子件,待提取：本稿尚未取得该环节专项资料；不能据此断言厂商未披露,未提取/待检索,,2025-04-01；2026-03-16,2026-10-03,2025-04宣布产品可获得；2026-03称200G单波800G/1.6T产品自2025年开始生产出货，仅家族层级,产品族披露
R27,Source Photonics,800G DR4，200G单波EML版本,UNKNOWN：公开来源未提供准确SKU,19 热管理,UNKNOWN：核验来源未披露，未补造内部BOM或供应商；具体散热器、材料与热设计UNKNOWN,UNKNOWN,,2025-04-01；2026-03-16,2026-10-03,2025-04宣布产品可获得；2026-03称200G单波800G/1.6T产品自2025年开始生产出货，仅家族层级,产品族披露
R27,Source Photonics,800G DR4，200G单波EML版本,UNKNOWN：公开来源未提供准确SKU,20 总体封装,800G系列包括OSFP或QSFP-DD；哪个形态对应本版本及连接器未知,部分披露/有保留,https://www.sourcephotonics.com/news/source-photonics-announce-the-product-availability-of-its-200g-per-lane-based-1-6t-and-800g-pam4-transceiver-family-products-at-ofc25/ | Source Photonics 200G-per-lane 1.6T and 800G family at OFC25 / 首段及产品段，第29–31行,2025-04-01；2026-03-16,2026-10-03,2025-04宣布产品可获得；2026-03称200G单波800G/1.6T产品自2025年开始生产出货，仅家族层级,产品族披露
R28,Source Photonics,800G FR4，200G单波EML版本,UNKNOWN：公开来源未提供准确SKU,01 主机电接口,UNKNOWN：核验来源未披露，未补造内部BOM或供应商,UNKNOWN,,2025-04-01；2026-03-16,2026-10-03,2025-04可获得、2026-03出货自述为家族层级，非本SKU独立确认,产品族披露
R28,Source Photonics,800G FR4，200G单波EML版本,UNKNOWN：公开来源未提供准确SKU,02 PCB与电连接,待提取：本稿尚未取得该环节专项资料；不能据此断言厂商未披露,未提取/待检索,,2025-04-01；2026-03-16,2026-10-03,2025-04可获得、2026-03出货自述为家族层级，非本SKU独立确认,产品族披露
R28,Source Photonics,800G FR4，200G单波EML版本,UNKNOWN：公开来源未提供准确SKU,03 电处理,UNKNOWN：核验来源未披露，未补造内部BOM或供应商,UNKNOWN,,2025-04-01；2026-03-16,2026-10-03,2025-04可获得、2026-03出货自述为家族层级，非本SKU独立确认,产品族披露
R28,Source Photonics,800G FR4，200G单波EML版本,UNKNOWN：公开来源未提供准确SKU,04 驱动,待提取：本稿尚未取得该环节专项资料；不能据此断言厂商未披露,未提取/待检索,,2025-04-01；2026-03-16,2026-10-03,2025-04可获得、2026-03出货自述为家族层级，非本SKU独立确认,产品族披露
R28,Source Photonics,800G FR4，200G单波EML版本,UNKNOWN：公开来源未提供准确SKU,05 发光与调制,产品族200G PAM4 EML；披露CWDM/LWDM波长选项，但未把某一组绑定本SKU,厂商直接披露,https://www.sourcephotonics.com/news/source-photonics-announce-the-product-availability-of-its-200g-per-lane-based-1-6t-and-800g-pam4-transceiver-family-products-at-ofc25/ | Source Photonics 200G-per-lane 1.6T and 800G family at OFC25 / 首段及产品段，第29–31行,2025-04-01；2026-03-16,2026-10-03,2025-04可获得、2026-03出货自述为家族层级，非本SKU独立确认,产品族披露
R28,Source Photonics,800G FR4，200G单波EML版本,UNKNOWN：公开来源未提供准确SKU,06 载体与芯片互连,待提取：本稿尚未取得该环节专项资料；不能据此断言厂商未披露,未提取/待检索,,2025-04-01；2026-03-16,2026-10-03,2025-04可获得、2026-03出货自述为家族层级，非本SKU独立确认,产品族披露
R28,Source Photonics,800G FR4，200G单波EML版本,UNKNOWN：公开来源未提供准确SKU,07 发射耦合,待提取：本稿尚未取得该环节专项资料；不能据此断言厂商未披露,未提取/待检索,,2025-04-01；2026-03-16,2026-10-03,2025-04可获得、2026-03出货自述为家族层级，非本SKU独立确认,产品族披露
R28,Source Photonics,800G FR4，200G单波EML版本,UNKNOWN：公开来源未提供准确SKU,08 合波,[工程推断] FR4波分功能需要发送合波/接收分波；具体AWG/TFF/自由空间或PIC实现未知,含工程推断，待型号规格确认,https://www.sourcephotonics.com/news/source-photonics-announce-the-product-availability-of-its-200g-per-lane-based-1-6t-and-800g-pam4-transceiver-family-products-at-ofc25/ | Source Photonics 200G-per-lane 1.6T and 800G family at OFC25 / 首段及产品段，第29–31行,2025-04-01；2026-03-16,2026-10-03,2025-04可获得、2026-03出货自述为家族层级，非本SKU独立确认,产品族披露
R28,Source Photonics,800G FR4，200G单波EML版本,UNKNOWN：公开来源未提供准确SKU,09 外部光接口,[工程推断] FR4名称＋单波200G对应4×200G波长通道；准确SKU光接口待确认；距离：UNKNOWN：本稿未取得无冲突的该配置距离规格；光纤接口见封装字段：800G产品族OSFP或QSFP-DD；该版本具体形态/连接器未知,含工程推断，待型号规格确认,https://www.sourcephotonics.com/news/source-photonics-announce-the-product-availability-of-its-200g-per-lane-based-1-6t-and-800g-pam4-transceiver-family-products-at-ofc25/ | Source Photonics 200G-per-lane 1.6T and 800G family at OFC25 / 首段及产品段，第29–31行,2025-04-01；2026-03-16,2026-10-03,2025-04可获得、2026-03出货自述为家族层级，非本SKU独立确认,产品族披露
R28,Source Photonics,800G FR4，200G单波EML版本,UNKNOWN：公开来源未提供准确SKU,10 分波,[工程推断] FR4波分功能需要发送合波/接收分波；具体AWG/TFF/自由空间或PIC实现未知,含工程推断，待型号规格确认,https://www.sourcephotonics.com/news/source-photonics-announce-the-product-availability-of-its-200g-per-lane-based-1-6t-and-800g-pam4-transceiver-family-products-at-ofc25/ | Source Photonics 200G-per-lane 1.6T and 800G family at OFC25 / 首段及产品段，第29–31行,2025-04-01；2026-03-16,2026-10-03,2025-04可获得、2026-03出货自述为家族层级，非本SKU独立确认,产品族披露
R28,Source Photonics,800G FR4，200G单波EML版本,UNKNOWN：公开来源未提供准确SKU,11 接收耦合,待提取：本稿尚未取得该环节专项资料；不能据此断言厂商未披露,未提取/待检索,,2025-04-01；2026-03-16,2026-10-03,2025-04可获得、2026-03出货自述为家族层级，非本SKU独立确认,产品族披露
R28,Source Photonics,800G FR4，200G单波EML版本,UNKNOWN：公开来源未提供准确SKU,12 探测器,UNKNOWN：核验来源未披露，未补造内部BOM或供应商（探测器与接收放大联合披露，未给出部分保持UNKNOWN）,UNKNOWN,,2025-04-01；2026-03-16,2026-10-03,2025-04可获得、2026-03出货自述为家族层级，非本SKU独立确认,产品族披露
R28,Source Photonics,800G FR4，200G单波EML版本,UNKNOWN：公开来源未提供准确SKU,13 接收放大,UNKNOWN：核验来源未披露，未补造内部BOM或供应商（探测器与接收放大联合披露，未给出部分保持UNKNOWN）,UNKNOWN,,2025-04-01；2026-03-16,2026-10-03,2025-04可获得、2026-03出货自述为家族层级，非本SKU独立确认,产品族披露
R28,Source Photonics,800G FR4，200G单波EML版本,UNKNOWN：公开来源未提供准确SKU,14 控制,待提取：本稿尚未取得该环节专项资料；不能据此断言厂商未披露,未提取/待检索,,2025-04-01；2026-03-16,2026-10-03,2025-04可获得、2026-03出货自述为家族层级，非本SKU独立确认,产品族披露
R28,Source Photonics,800G FR4，200G单波EML版本,UNKNOWN：公开来源未提供准确SKU,15 非易失存储,待提取：本稿尚未取得该环节专项资料；不能据此断言厂商未披露,未提取/待检索,,2025-04-01；2026-03-16,2026-10-03,2025-04可获得、2026-03出货自述为家族层级，非本SKU独立确认,产品族披露
R28,Source Photonics,800G FR4，200G单波EML版本,UNKNOWN：公开来源未提供准确SKU,16 电源,待提取：本稿尚未取得该环节专项资料；不能据此断言厂商未披露,未提取/待检索,,2025-04-01；2026-03-16,2026-10-03,2025-04可获得、2026-03出货自述为家族层级，非本SKU独立确认,产品族披露
R28,Source Photonics,800G FR4，200G单波EML版本,UNKNOWN：公开来源未提供准确SKU,17 时钟,待提取：本稿尚未取得该环节专项资料；不能据此断言厂商未披露,未提取/待检索,,2025-04-01；2026-03-16,2026-10-03,2025-04可获得、2026-03出货自述为家族层级，非本SKU独立确认,产品族披露
R28,Source Photonics,800G FR4，200G单波EML版本,UNKNOWN：公开来源未提供准确SKU,18 无源电子件,待提取：本稿尚未取得该环节专项资料；不能据此断言厂商未披露,未提取/待检索,,2025-04-01；2026-03-16,2026-10-03,2025-04可获得、2026-03出货自述为家族层级，非本SKU独立确认,产品族披露
R28,Source Photonics,800G FR4，200G单波EML版本,UNKNOWN：公开来源未提供准确SKU,19 热管理,UNKNOWN：核验来源未披露，未补造内部BOM或供应商；具体散热器、材料与热设计UNKNOWN,UNKNOWN,,2025-04-01；2026-03-16,2026-10-03,2025-04可获得、2026-03出货自述为家族层级，非本SKU独立确认,产品族披露
R28,Source Photonics,800G FR4，200G单波EML版本,UNKNOWN：公开来源未提供准确SKU,20 总体封装,800G产品族OSFP或QSFP-DD；该版本具体形态/连接器未知,部分披露/有保留,https://www.sourcephotonics.com/news/source-photonics-announce-the-product-availability-of-its-200g-per-lane-based-1-6t-and-800g-pam4-transceiver-family-products-at-ofc25/ | Source Photonics 200G-per-lane 1.6T and 800G family at OFC25 / 首段及产品段，第29–31行,2025-04-01；2026-03-16,2026-10-03,2025-04可获得、2026-03出货自述为家族层级，非本SKU独立确认,产品族披露
R29,新易盛 / Eoptolink,800G FR8,EOLO-168HG-02-P / V1.b,01 主机电接口,8×106.25Gbps PAM4,厂商直接披露,https://www.eoptolink.com/pdf/800G/OSFP/Brief%20EOLO-168HG-02-P%20V1.b.pdf | EFR p1,V1.b，无日历日期,2026-10-03,原厂产品页/规格书登记；不等于逐型号当前量产,产品页/规格书
R29,新易盛 / Eoptolink,800G FR8,EOLO-168HG-02-P / V1.b,02 PCB与电连接,待提取：本稿尚未取得该环节专项资料；不能据此断言厂商未披露,未提取/待检索,,V1.b，无日历日期,2026-10-03,原厂产品页/规格书登记；不等于逐型号当前量产,产品页/规格书
R29,新易盛 / Eoptolink,800G FR8,EOLO-168HG-02-P / V1.b,03 电处理,双向PAM4 retimer ASIC；集成EML/modulator Driver,厂商直接披露,https://www.eoptolink.com/pdf/800G/OSFP/Brief%20EOLO-168HG-02-P%20V1.b.pdf | EFR p1,V1.b，无日历日期,2026-10-03,原厂产品页/规格书登记；不等于逐型号当前量产,产品页/规格书
R29,新易盛 / Eoptolink,800G FR8,EOLO-168HG-02-P / V1.b,04 驱动,EML/modulator Driver与PAM4 retimer ASIC集成；不等于激光器与CMOS在同一芯片,厂商直接披露,https://www.eoptolink.com/pdf/800G/OSFP/Brief%20EOLO-168HG-02-P%20V1.b.pdf | EFR p1,V1.b，无日历日期,2026-10-03,原厂产品页/规格书登记；不等于逐型号当前量产,产品页/规格书
R29,新易盛 / Eoptolink,800G FR8,EOLO-168HG-02-P / V1.b,05 发光与调制,8路EML发射,厂商直接披露,https://www.eoptolink.com/pdf/800G/OSFP/Brief%20EOLO-168HG-02-P%20V1.b.pdf | EFR p1,V1.b，无日历日期,2026-10-03,原厂产品页/规格书登记；不等于逐型号当前量产,产品页/规格书
R29,新易盛 / Eoptolink,800G FR8,EOLO-168HG-02-P / V1.b,06 载体与芯片互连,待提取：本稿尚未取得该环节专项资料；不能据此断言厂商未披露,未提取/待检索,,V1.b，无日历日期,2026-10-03,原厂产品页/规格书登记；不等于逐型号当前量产,产品页/规格书
R29,新易盛 / Eoptolink,800G FR8,EOLO-168HG-02-P / V1.b,07 发射耦合,待提取：本稿尚未取得该环节专项资料；不能据此断言厂商未披露,未提取/待检索,,V1.b，无日历日期,2026-10-03,原厂产品页/规格书登记；不等于逐型号当前量产,产品页/规格书
R29,新易盛 / Eoptolink,800G FR8,EOLO-168HG-02-P / V1.b,08 合波,8波长波分功能；MUX/DEMUX具体工艺未披露,部分披露/有保留,https://www.eoptolink.com/pdf/800G/OSFP/Brief%20EOLO-168HG-02-P%20V1.b.pdf | EFR p1,V1.b，无日历日期,2026-10-03,原厂产品页/规格书登记；不等于逐型号当前量产,产品页/规格书
R29,新易盛 / Eoptolink,800G FR8,EOLO-168HG-02-P / V1.b,09 外部光接口,8个CWDM波长；单模光纤；距离：2km；光纤接口见封装字段：OSFP；LC,厂商直接披露,https://www.eoptolink.com/pdf/800G/OSFP/Brief%20EOLO-168HG-02-P%20V1.b.pdf | EFR p1,V1.b，无日历日期,2026-10-03,原厂产品页/规格书登记；不等于逐型号当前量产,产品页/规格书
R29,新易盛 / Eoptolink,800G FR8,EOLO-168HG-02-P / V1.b,10 分波,8波长波分功能；MUX/DEMUX具体工艺未披露,部分披露/有保留,https://www.eoptolink.com/pdf/800G/OSFP/Brief%20EOLO-168HG-02-P%20V1.b.pdf | EFR p1,V1.b，无日历日期,2026-10-03,原厂产品页/规格书登记；不等于逐型号当前量产,产品页/规格书
R29,新易盛 / Eoptolink,800G FR8,EOLO-168HG-02-P / V1.b,11 接收耦合,待提取：本稿尚未取得该环节专项资料；不能据此断言厂商未披露,未提取/待检索,,V1.b，无日历日期,2026-10-03,原厂产品页/规格书登记；不等于逐型号当前量产,产品页/规格书
R29,新易盛 / Eoptolink,800G FR8,EOLO-168HG-02-P / V1.b,12 探测器,8个PD；PIN结构，材料/型号未披露,部分披露；具体边界见主张,https://www.eoptolink.com/pdf/800G/OSFP/Brief%20EOLO-168HG-02-P%20V1.b.pdf | EFR p1,V1.b，无日历日期,2026-10-03,原厂产品页/规格书登记；不等于逐型号当前量产,产品页/规格书
R29,新易盛 / Eoptolink,800G FR8,EOLO-168HG-02-P / V1.b,13 接收放大,两组4通道TIA；具体型号未知,部分披露；具体边界见主张,https://www.eoptolink.com/pdf/800G/OSFP/Brief%20EOLO-168HG-02-P%20V1.b.pdf | EFR p1,V1.b，无日历日期,2026-10-03,原厂产品页/规格书登记；不等于逐型号当前量产,产品页/规格书
R29,新易盛 / Eoptolink,800G FR8,EOLO-168HG-02-P / V1.b,14 控制,待提取：本稿尚未取得该环节专项资料；不能据此断言厂商未披露,未提取/待检索,,V1.b，无日历日期,2026-10-03,原厂产品页/规格书登记；不等于逐型号当前量产,产品页/规格书
R29,新易盛 / Eoptolink,800G FR8,EOLO-168HG-02-P / V1.b,15 非易失存储,待提取：本稿尚未取得该环节专项资料；不能据此断言厂商未披露,未提取/待检索,,V1.b，无日历日期,2026-10-03,原厂产品页/规格书登记；不等于逐型号当前量产,产品页/规格书
R29,新易盛 / Eoptolink,800G FR8,EOLO-168HG-02-P / V1.b,16 电源,待提取：本稿尚未取得该环节专项资料；不能据此断言厂商未披露,未提取/待检索,,V1.b，无日历日期,2026-10-03,原厂产品页/规格书登记；不等于逐型号当前量产,产品页/规格书
R29,新易盛 / Eoptolink,800G FR8,EOLO-168HG-02-P / V1.b,17 时钟,待提取：本稿尚未取得该环节专项资料；不能据此断言厂商未披露,未提取/待检索,,V1.b，无日历日期,2026-10-03,原厂产品页/规格书登记；不等于逐型号当前量产,产品页/规格书
R29,新易盛 / Eoptolink,800G FR8,EOLO-168HG-02-P / V1.b,18 无源电子件,待提取：本稿尚未取得该环节专项资料；不能据此断言厂商未披露,未提取/待检索,,V1.b，无日历日期,2026-10-03,原厂产品页/规格书登记；不等于逐型号当前量产,产品页/规格书
R29,新易盛 / Eoptolink,800G FR8,EOLO-168HG-02-P / V1.b,19 热管理,<16W（规格书条件）；具体散热器、材料与热设计UNKNOWN,部分披露/有保留,https://www.eoptolink.com/pdf/800G/OSFP/Brief%20EOLO-168HG-02-P%20V1.b.pdf | EFR p1,V1.b，无日历日期,2026-10-03,原厂产品页/规格书登记；不等于逐型号当前量产,产品页/规格书
R29,新易盛 / Eoptolink,800G FR8,EOLO-168HG-02-P / V1.b,20 总体封装,OSFP；LC,厂商直接披露,https://www.eoptolink.com/pdf/800G/OSFP/Brief%20EOLO-168HG-02-P%20V1.b.pdf | EFR p1,V1.b，无日历日期,2026-10-03,原厂产品页/规格书登记；不等于逐型号当前量产,产品页/规格书
R30,新易盛 / Eoptolink,800G DR8 EOLO-138HG-5H-xDx,800G DR8 EOLO-138HG-5H-xDx,01 主机电接口,8×106.25G PAM4，800GAUI8,厂商直接披露,https://www.eoptolink.com/pdf/800G/OSFP/Brief%20EOLO-138HG-5H-xDx%20V1.b.pdf | EDPDF p1,V1.b，日历日未标,2026-10-03,原厂产品页/规格书登记；不等于逐型号当前量产,产品页/规格书
R30,新易盛 / Eoptolink,800G DR8 EOLO-138HG-5H-xDx,800G DR8 EOLO-138HG-5H-xDx,02 PCB与电连接,待提取：本稿尚未取得该环节专项资料；不能据此断言厂商未披露,未提取/待检索,,V1.b，日历日未标,2026-10-03,原厂产品页/规格书登记；不等于逐型号当前量产,产品页/规格书
R30,新易盛 / Eoptolink,800G DR8 EOLO-138HG-5H-xDx,800G DR8 EOLO-138HG-5H-xDx,03 电处理,Driver与TIA集成在DSP中；DSP品牌/制程未列,部分披露/有保留,https://www.eoptolink.com/pdf/800G/OSFP/Brief%20EOLO-138HG-5H-xDx%20V1.b.pdf | EDPDF p1,V1.b，日历日未标,2026-10-03,原厂产品页/规格书登记；不等于逐型号当前量产,产品页/规格书
R30,新易盛 / Eoptolink,800G DR8 EOLO-138HG-5H-xDx,800G DR8 EOLO-138HG-5H-xDx,04 驱动,Driver集成DSP；具体型号未列,部分披露；具体边界见主张,https://www.eoptolink.com/pdf/800G/OSFP/Brief%20EOLO-138HG-5H-xDx%20V1.b.pdf | EDPDF p1,V1.b，日历日未标,2026-10-03,原厂产品页/规格书登记；不等于逐型号当前量产,产品页/规格书
R30,新易盛 / Eoptolink,800G DR8 EOLO-138HG-5H-xDx,800G DR8 EOLO-138HG-5H-xDx,05 发光与调制,PDF未列EML/SiPh，保留尚未披露,部分披露/有保留,https://www.eoptolink.com/pdf/800G/OSFP/Brief%20EOLO-138HG-5H-xDx%20V1.b.pdf | EDPDF p1,V1.b，日历日未标,2026-10-03,原厂产品页/规格书登记；不等于逐型号当前量产,产品页/规格书
R30,新易盛 / Eoptolink,800G DR8 EOLO-138HG-5H-xDx,800G DR8 EOLO-138HG-5H-xDx,06 载体与芯片互连,待提取：本稿尚未取得该环节专项资料；不能据此断言厂商未披露,未提取/待检索,,V1.b，日历日未标,2026-10-03,原厂产品页/规格书登记；不等于逐型号当前量产,产品页/规格书
R30,新易盛 / Eoptolink,800G DR8 EOLO-138HG-5H-xDx,800G DR8 EOLO-138HG-5H-xDx,07 发射耦合,待提取：本稿尚未取得该环节专项资料；不能据此断言厂商未披露,未提取/待检索,,V1.b，日历日未标,2026-10-03,原厂产品页/规格书登记；不等于逐型号当前量产,产品页/规格书
R30,新易盛 / Eoptolink,800G DR8 EOLO-138HG-5H-xDx,800G DR8 EOLO-138HG-5H-xDx,08 合波,并行光路；无波分合分波需求（按所列并行配置作功能解释）,含工程推断，待型号规格确认,https://www.eoptolink.com/pdf/800G/OSFP/Brief%20EOLO-138HG-5H-xDx%20V1.b.pdf | EDPDF p1,V1.b，日历日未标,2026-10-03,原厂产品页/规格书登记；不等于逐型号当前量产,产品页/规格书
R30,新易盛 / Eoptolink,800G DR8 EOLO-138HG-5H-xDx,800G DR8 EOLO-138HG-5H-xDx,09 外部光接口,8路1310nm并行，500m；距离：500m；光纤接口见封装字段：OSFP；双MPO12,厂商直接披露,https://www.eoptolink.com/pdf/800G/OSFP/Brief%20EOLO-138HG-5H-xDx%20V1.b.pdf | EDPDF p1,V1.b，日历日未标,2026-10-03,原厂产品页/规格书登记；不等于逐型号当前量产,产品页/规格书
R30,新易盛 / Eoptolink,800G DR8 EOLO-138HG-5H-xDx,800G DR8 EOLO-138HG-5H-xDx,10 分波,并行光路；无波分合分波需求（按所列并行配置作功能解释）,含工程推断，待型号规格确认,https://www.eoptolink.com/pdf/800G/OSFP/Brief%20EOLO-138HG-5H-xDx%20V1.b.pdf | EDPDF p1,V1.b，日历日未标,2026-10-03,原厂产品页/规格书登记；不等于逐型号当前量产,产品页/规格书
R30,新易盛 / Eoptolink,800G DR8 EOLO-138HG-5H-xDx,800G DR8 EOLO-138HG-5H-xDx,11 接收耦合,待提取：本稿尚未取得该环节专项资料；不能据此断言厂商未披露,未提取/待检索,,V1.b，日历日未标,2026-10-03,原厂产品页/规格书登记；不等于逐型号当前量产,产品页/规格书
R30,新易盛 / Eoptolink,800G DR8 EOLO-138HG-5H-xDx,800G DR8 EOLO-138HG-5H-xDx,12 探测器,本PDF未列探测器结构/材料,所核来源未列该项,https://www.eoptolink.com/pdf/800G/OSFP/Brief%20EOLO-138HG-5H-xDx%20V1.b.pdf | EDPDF p1,V1.b，日历日未标,2026-10-03,原厂产品页/规格书登记；不等于逐型号当前量产,产品页/规格书
R30,新易盛 / Eoptolink,800G DR8 EOLO-138HG-5H-xDx,800G DR8 EOLO-138HG-5H-xDx,13 接收放大,TIA集成DSP；具体型号未列,部分披露；具体边界见主张,https://www.eoptolink.com/pdf/800G/OSFP/Brief%20EOLO-138HG-5H-xDx%20V1.b.pdf | EDPDF p1,V1.b，日历日未标,2026-10-03,原厂产品页/规格书登记；不等于逐型号当前量产,产品页/规格书
R30,新易盛 / Eoptolink,800G DR8 EOLO-138HG-5H-xDx,800G DR8 EOLO-138HG-5H-xDx,14 控制,待提取：本稿尚未取得该环节专项资料；不能据此断言厂商未披露,未提取/待检索,,V1.b，日历日未标,2026-10-03,原厂产品页/规格书登记；不等于逐型号当前量产,产品页/规格书
R30,新易盛 / Eoptolink,800G DR8 EOLO-138HG-5H-xDx,800G DR8 EOLO-138HG-5H-xDx,15 非易失存储,待提取：本稿尚未取得该环节专项资料；不能据此断言厂商未披露,未提取/待检索,,V1.b，日历日未标,2026-10-03,原厂产品页/规格书登记；不等于逐型号当前量产,产品页/规格书
R30,新易盛 / Eoptolink,800G DR8 EOLO-138HG-5H-xDx,800G DR8 EOLO-138HG-5H-xDx,16 电源,待提取：本稿尚未取得该环节专项资料；不能据此断言厂商未披露,未提取/待检索,,V1.b，日历日未标,2026-10-03,原厂产品页/规格书登记；不等于逐型号当前量产,产品页/规格书
R30,新易盛 / Eoptolink,800G DR8 EOLO-138HG-5H-xDx,800G DR8 EOLO-138HG-5H-xDx,17 时钟,待提取：本稿尚未取得该环节专项资料；不能据此断言厂商未披露,未提取/待检索,,V1.b，日历日未标,2026-10-03,原厂产品页/规格书登记；不等于逐型号当前量产,产品页/规格书
R30,新易盛 / Eoptolink,800G DR8 EOLO-138HG-5H-xDx,800G DR8 EOLO-138HG-5H-xDx,18 无源电子件,待提取：本稿尚未取得该环节专项资料；不能据此断言厂商未披露,未提取/待检索,,V1.b，日历日未标,2026-10-03,原厂产品页/规格书登记；不等于逐型号当前量产,产品页/规格书
R30,新易盛 / Eoptolink,800G DR8 EOLO-138HG-5H-xDx,800G DR8 EOLO-138HG-5H-xDx,19 热管理,<14.5W，0–70°C；具体散热器、材料与热设计UNKNOWN,部分披露/有保留,https://www.eoptolink.com/pdf/800G/OSFP/Brief%20EOLO-138HG-5H-xDx%20V1.b.pdf | EDPDF p1,V1.b，日历日未标,2026-10-03,原厂产品页/规格书登记；不等于逐型号当前量产,产品页/规格书
R30,新易盛 / Eoptolink,800G DR8 EOLO-138HG-5H-xDx,800G DR8 EOLO-138HG-5H-xDx,20 总体封装,OSFP；双MPO12,厂商直接披露,https://www.eoptolink.com/pdf/800G/OSFP/Brief%20EOLO-138HG-5H-xDx%20V1.b.pdf | EDPDF p1,V1.b，日历日未标,2026-10-03,原厂产品页/规格书登记；不等于逐型号当前量产,产品页/规格书
R31,新易盛 / Eoptolink,800G2FR4：目录EOLO-168HG-02-XX，PDF内部EOLO-168HG-02-1,800G2FR4：目录EOLO-168HG-02-XX，PDF内部EOLO-168HG-02-1,01 主机电接口,8×106.25G PAM4，800GAUI8,厂商直接披露,https://www.eoptolink.com/pdf/800G/OSFP/Brief%20EOLO-168HG-02-XX%20V1.a.pdf | E2FPDF p1,V1.a，日历日未标,2026-10-03,原厂产品页/规格书登记；不等于逐型号当前量产,产品页/规格书
R31,新易盛 / Eoptolink,800G2FR4：目录EOLO-168HG-02-XX，PDF内部EOLO-168HG-02-1,800G2FR4：目录EOLO-168HG-02-XX，PDF内部EOLO-168HG-02-1,02 PCB与电连接,待提取：本稿尚未取得该环节专项资料；不能据此断言厂商未披露,未提取/待检索,,V1.a，日历日未标,2026-10-03,原厂产品页/规格书登记；不等于逐型号当前量产,产品页/规格书
R31,新易盛 / Eoptolink,800G2FR4：目录EOLO-168HG-02-XX，PDF内部EOLO-168HG-02-1,800G2FR4：目录EOLO-168HG-02-XX，PDF内部EOLO-168HG-02-1,03 电处理,双向PAM4 retimer；具体芯片未列,部分披露/有保留,https://www.eoptolink.com/pdf/800G/OSFP/Brief%20EOLO-168HG-02-XX%20V1.a.pdf | E2FPDF p1,V1.a，日历日未标,2026-10-03,原厂产品页/规格书登记；不等于逐型号当前量产,产品页/规格书
R31,新易盛 / Eoptolink,800G2FR4：目录EOLO-168HG-02-XX，PDF内部EOLO-168HG-02-1,800G2FR4：目录EOLO-168HG-02-XX，PDF内部EOLO-168HG-02-1,04 驱动,8通道调制器Driver，与retimer集成,厂商直接披露,https://www.eoptolink.com/pdf/800G/OSFP/Brief%20EOLO-168HG-02-XX%20V1.a.pdf | E2FPDF p1,V1.a，日历日未标,2026-10-03,原厂产品页/规格书登记；不等于逐型号当前量产,产品页/规格书
R31,新易盛 / Eoptolink,800G2FR4：目录EOLO-168HG-02-XX，PDF内部EOLO-168HG-02-1,800G2FR4：目录EOLO-168HG-02-XX，PDF内部EOLO-168HG-02-1,05 发光与调制,8路EML发射,厂商直接披露,https://www.eoptolink.com/pdf/800G/OSFP/Brief%20EOLO-168HG-02-XX%20V1.a.pdf | E2FPDF p1,V1.a，日历日未标,2026-10-03,原厂产品页/规格书登记；不等于逐型号当前量产,产品页/规格书
R31,新易盛 / Eoptolink,800G2FR4：目录EOLO-168HG-02-XX，PDF内部EOLO-168HG-02-1,800G2FR4：目录EOLO-168HG-02-XX，PDF内部EOLO-168HG-02-1,06 载体与芯片互连,待提取：本稿尚未取得该环节专项资料；不能据此断言厂商未披露,未提取/待检索,,V1.a，日历日未标,2026-10-03,原厂产品页/规格书登记；不等于逐型号当前量产,产品页/规格书
R31,新易盛 / Eoptolink,800G2FR4：目录EOLO-168HG-02-XX，PDF内部EOLO-168HG-02-1,800G2FR4：目录EOLO-168HG-02-XX，PDF内部EOLO-168HG-02-1,07 发射耦合,待提取：本稿尚未取得该环节专项资料；不能据此断言厂商未披露,未提取/待检索,,V1.a，日历日未标,2026-10-03,原厂产品页/规格书登记；不等于逐型号当前量产,产品页/规格书
R31,新易盛 / Eoptolink,800G2FR4：目录EOLO-168HG-02-XX，PDF内部EOLO-168HG-02-1,800G2FR4：目录EOLO-168HG-02-XX，PDF内部EOLO-168HG-02-1,08 合波,2个MUX＋2个DEMUX；具体器件工艺未披露,部分披露/有保留,https://www.eoptolink.com/pdf/800G/OSFP/Brief%20EOLO-168HG-02-XX%20V1.a.pdf | E2FPDF p1,V1.a，日历日未标,2026-10-03,原厂产品页/规格书登记；不等于逐型号当前量产,产品页/规格书
R31,新易盛 / Eoptolink,800G2FR4：目录EOLO-168HG-02-XX，PDF内部EOLO-168HG-02-1,800G2FR4：目录EOLO-168HG-02-XX，PDF内部EOLO-168HG-02-1,09 外部光接口,2组4 CWDM；8EML，2MUX/2DEMUX，2km；距离：2km；光纤接口见封装字段：OSFP；双duplexLC,厂商直接披露,https://www.eoptolink.com/pdf/800G/OSFP/Brief%20EOLO-168HG-02-XX%20V1.a.pdf | E2FPDF p1,V1.a，日历日未标,2026-10-03,原厂产品页/规格书登记；不等于逐型号当前量产,产品页/规格书
R31,新易盛 / Eoptolink,800G2FR4：目录EOLO-168HG-02-XX，PDF内部EOLO-168HG-02-1,800G2FR4：目录EOLO-168HG-02-XX，PDF内部EOLO-168HG-02-1,10 分波,2个MUX＋2个DEMUX；具体器件工艺未披露,部分披露/有保留,https://www.eoptolink.com/pdf/800G/OSFP/Brief%20EOLO-168HG-02-XX%20V1.a.pdf | E2FPDF p1,V1.a，日历日未标,2026-10-03,原厂产品页/规格书登记；不等于逐型号当前量产,产品页/规格书
R31,新易盛 / Eoptolink,800G2FR4：目录EOLO-168HG-02-XX，PDF内部EOLO-168HG-02-1,800G2FR4：目录EOLO-168HG-02-XX，PDF内部EOLO-168HG-02-1,11 接收耦合,待提取：本稿尚未取得该环节专项资料；不能据此断言厂商未披露,未提取/待检索,,V1.a，日历日未标,2026-10-03,原厂产品页/规格书登记；不等于逐型号当前量产,产品页/规格书
R31,新易盛 / Eoptolink,800G2FR4：目录EOLO-168HG-02-XX，PDF内部EOLO-168HG-02-1,800G2FR4：目录EOLO-168HG-02-XX，PDF内部EOLO-168HG-02-1,12 探测器,8个PD；PIN结构，材料未列,部分披露；具体边界见主张,https://www.eoptolink.com/pdf/800G/OSFP/Brief%20EOLO-168HG-02-XX%20V1.a.pdf | E2FPDF p1,V1.a，日历日未标,2026-10-03,原厂产品页/规格书登记；不等于逐型号当前量产,产品页/规格书
R31,新易盛 / Eoptolink,800G2FR4：目录EOLO-168HG-02-XX，PDF内部EOLO-168HG-02-1,800G2FR4：目录EOLO-168HG-02-XX，PDF内部EOLO-168HG-02-1,13 接收放大,两组4通道TIA，接收方向连接retimer,厂商直接披露,https://www.eoptolink.com/pdf/800G/OSFP/Brief%20EOLO-168HG-02-XX%20V1.a.pdf | E2FPDF p1,V1.a，日历日未标,2026-10-03,原厂产品页/规格书登记；不等于逐型号当前量产,产品页/规格书
R31,新易盛 / Eoptolink,800G2FR4：目录EOLO-168HG-02-XX，PDF内部EOLO-168HG-02-1,800G2FR4：目录EOLO-168HG-02-XX，PDF内部EOLO-168HG-02-1,14 控制,待提取：本稿尚未取得该环节专项资料；不能据此断言厂商未披露,未提取/待检索,,V1.a，日历日未标,2026-10-03,原厂产品页/规格书登记；不等于逐型号当前量产,产品页/规格书
R31,新易盛 / Eoptolink,800G2FR4：目录EOLO-168HG-02-XX，PDF内部EOLO-168HG-02-1,800G2FR4：目录EOLO-168HG-02-XX，PDF内部EOLO-168HG-02-1,15 非易失存储,待提取：本稿尚未取得该环节专项资料；不能据此断言厂商未披露,未提取/待检索,,V1.a，日历日未标,2026-10-03,原厂产品页/规格书登记；不等于逐型号当前量产,产品页/规格书
R31,新易盛 / Eoptolink,800G2FR4：目录EOLO-168HG-02-XX，PDF内部EOLO-168HG-02-1,800G2FR4：目录EOLO-168HG-02-XX，PDF内部EOLO-168HG-02-1,16 电源,待提取：本稿尚未取得该环节专项资料；不能据此断言厂商未披露,未提取/待检索,,V1.a，日历日未标,2026-10-03,原厂产品页/规格书登记；不等于逐型号当前量产,产品页/规格书
R31,新易盛 / Eoptolink,800G2FR4：目录EOLO-168HG-02-XX，PDF内部EOLO-168HG-02-1,800G2FR4：目录EOLO-168HG-02-XX，PDF内部EOLO-168HG-02-1,17 时钟,待提取：本稿尚未取得该环节专项资料；不能据此断言厂商未披露,未提取/待检索,,V1.a，日历日未标,2026-10-03,原厂产品页/规格书登记；不等于逐型号当前量产,产品页/规格书
R31,新易盛 / Eoptolink,800G2FR4：目录EOLO-168HG-02-XX，PDF内部EOLO-168HG-02-1,800G2FR4：目录EOLO-168HG-02-XX，PDF内部EOLO-168HG-02-1,18 无源电子件,待提取：本稿尚未取得该环节专项资料；不能据此断言厂商未披露,未提取/待检索,,V1.a，日历日未标,2026-10-03,原厂产品页/规格书登记；不等于逐型号当前量产,产品页/规格书
R31,新易盛 / Eoptolink,800G2FR4：目录EOLO-168HG-02-XX，PDF内部EOLO-168HG-02-1,800G2FR4：目录EOLO-168HG-02-XX，PDF内部EOLO-168HG-02-1,19 热管理,<16W，0–70°C；具体散热器、材料与热设计UNKNOWN,部分披露/有保留,https://www.eoptolink.com/pdf/800G/OSFP/Brief%20EOLO-168HG-02-XX%20V1.a.pdf | E2FPDF p1,V1.a，日历日未标,2026-10-03,原厂产品页/规格书登记；不等于逐型号当前量产,产品页/规格书
R31,新易盛 / Eoptolink,800G2FR4：目录EOLO-168HG-02-XX，PDF内部EOLO-168HG-02-1,800G2FR4：目录EOLO-168HG-02-XX，PDF内部EOLO-168HG-02-1,20 总体封装,OSFP；双duplexLC,厂商直接披露,https://www.eoptolink.com/pdf/800G/OSFP/Brief%20EOLO-168HG-02-XX%20V1.a.pdf | E2FPDF p1,V1.a，日历日未标,2026-10-03,原厂产品页/规格书登记；不等于逐型号当前量产,产品页/规格书
R32,新易盛 / Eoptolink,800GVR8：EOLO-858HG-01-M,800GVR8：EOLO-858HG-01-M,01 主机电接口,8×106.25G PAM4，53.125GBd,厂商直接披露,https://www.eoptolink.com/pdf/800G/OSFP/Brief%20EOLO-858HG-01-M%20V1.c.pdf | EVPDF p1,V1.c，日历日未标,2026-10-03,原厂产品页/规格书登记；不等于逐型号当前量产,产品页/规格书
R32,新易盛 / Eoptolink,800GVR8：EOLO-858HG-01-M,800GVR8：EOLO-858HG-01-M,02 PCB与电连接,待提取：本稿尚未取得该环节专项资料；不能据此断言厂商未披露,未提取/待检索,,V1.c，日历日未标,2026-10-03,原厂产品页/规格书登记；不等于逐型号当前量产,产品页/规格书
R32,新易盛 / Eoptolink,800GVR8：EOLO-858HG-01-M,800GVR8：EOLO-858HG-01-M,03 电处理,PAM4收发retimer；具体芯片未列,部分披露/有保留,https://www.eoptolink.com/pdf/800G/OSFP/Brief%20EOLO-858HG-01-M%20V1.c.pdf | EVPDF p1,V1.c，日历日未标,2026-10-03,原厂产品页/规格书登记；不等于逐型号当前量产,产品页/规格书
R32,新易盛 / Eoptolink,800GVR8：EOLO-858HG-01-M,800GVR8：EOLO-858HG-01-M,04 驱动,两组4通道Driver；连接PAM4 retimer,厂商直接披露,https://www.eoptolink.com/pdf/800G/OSFP/Brief%20EOLO-858HG-01-M%20V1.c.pdf | EVPDF p1,V1.c，日历日未标,2026-10-03,原厂产品页/规格书登记；不等于逐型号当前量产,产品页/规格书
R32,新易盛 / Eoptolink,800GVR8：EOLO-858HG-01-M,800GVR8：EOLO-858HG-01-M,05 发光与调制,8路850nm VCSEL,厂商直接披露,https://www.eoptolink.com/pdf/800G/OSFP/Brief%20EOLO-858HG-01-M%20V1.c.pdf | EVPDF p1,V1.c，日历日未标,2026-10-03,原厂产品页/规格书登记；不等于逐型号当前量产,产品页/规格书
R32,新易盛 / Eoptolink,800GVR8：EOLO-858HG-01-M,800GVR8：EOLO-858HG-01-M,06 载体与芯片互连,待提取：本稿尚未取得该环节专项资料；不能据此断言厂商未披露,未提取/待检索,,V1.c，日历日未标,2026-10-03,原厂产品页/规格书登记；不等于逐型号当前量产,产品页/规格书
R32,新易盛 / Eoptolink,800GVR8：EOLO-858HG-01-M,800GVR8：EOLO-858HG-01-M,07 发射耦合,待提取：本稿尚未取得该环节专项资料；不能据此断言厂商未披露,未提取/待检索,,V1.c，日历日未标,2026-10-03,原厂产品页/规格书登记；不等于逐型号当前量产,产品页/规格书
R32,新易盛 / Eoptolink,800GVR8：EOLO-858HG-01-M,800GVR8：EOLO-858HG-01-M,08 合波,并行光路；无波分合分波需求（按所列并行配置作功能解释）,含工程推断，待型号规格确认,https://www.eoptolink.com/pdf/800G/OSFP/Brief%20EOLO-858HG-01-M%20V1.c.pdf | EVPDF p1,V1.c，日历日未标,2026-10-03,原厂产品页/规格书登记；不等于逐型号当前量产,产品页/规格书
R32,新易盛 / Eoptolink,800GVR8：EOLO-858HG-01-M,800GVR8：EOLO-858HG-01-M,09 外部光接口,8×850nmVCSEL，MMF并行；距离：30m OM3/50m OM4；光纤接口见封装字段：OSFP；MPO16APC,厂商直接披露,https://www.eoptolink.com/pdf/800G/OSFP/Brief%20EOLO-858HG-01-M%20V1.c.pdf | EVPDF p1,V1.c，日历日未标,2026-10-03,原厂产品页/规格书登记；不等于逐型号当前量产,产品页/规格书
R32,新易盛 / Eoptolink,800GVR8：EOLO-858HG-01-M,800GVR8：EOLO-858HG-01-M,10 分波,并行光路；无波分合分波需求（按所列并行配置作功能解释）,含工程推断，待型号规格确认,https://www.eoptolink.com/pdf/800G/OSFP/Brief%20EOLO-858HG-01-M%20V1.c.pdf | EVPDF p1,V1.c，日历日未标,2026-10-03,原厂产品页/规格书登记；不等于逐型号当前量产,产品页/规格书
R32,新易盛 / Eoptolink,800GVR8：EOLO-858HG-01-M,800GVR8：EOLO-858HG-01-M,11 接收耦合,待提取：本稿尚未取得该环节专项资料；不能据此断言厂商未披露,未提取/待检索,,V1.c，日历日未标,2026-10-03,原厂产品页/规格书登记；不等于逐型号当前量产,产品页/规格书
R32,新易盛 / Eoptolink,800GVR8：EOLO-858HG-01-M,800GVR8：EOLO-858HG-01-M,12 探测器,8个PIN/PD，材料未列,部分披露；具体边界见主张,https://www.eoptolink.com/pdf/800G/OSFP/Brief%20EOLO-858HG-01-M%20V1.c.pdf | EVPDF p1,V1.c，日历日未标,2026-10-03,原厂产品页/规格书登记；不等于逐型号当前量产,产品页/规格书
R32,新易盛 / Eoptolink,800GVR8：EOLO-858HG-01-M,800GVR8：EOLO-858HG-01-M,13 接收放大,两组4通道TIA，接收方向连接retimer,厂商直接披露,https://www.eoptolink.com/pdf/800G/OSFP/Brief%20EOLO-858HG-01-M%20V1.c.pdf | EVPDF p1,V1.c，日历日未标,2026-10-03,原厂产品页/规格书登记；不等于逐型号当前量产,产品页/规格书
R32,新易盛 / Eoptolink,800GVR8：EOLO-858HG-01-M,800GVR8：EOLO-858HG-01-M,14 控制,待提取：本稿尚未取得该环节专项资料；不能据此断言厂商未披露,未提取/待检索,,V1.c，日历日未标,2026-10-03,原厂产品页/规格书登记；不等于逐型号当前量产,产品页/规格书
R32,新易盛 / Eoptolink,800GVR8：EOLO-858HG-01-M,800GVR8：EOLO-858HG-01-M,15 非易失存储,待提取：本稿尚未取得该环节专项资料；不能据此断言厂商未披露,未提取/待检索,,V1.c，日历日未标,2026-10-03,原厂产品页/规格书登记；不等于逐型号当前量产,产品页/规格书
R32,新易盛 / Eoptolink,800GVR8：EOLO-858HG-01-M,800GVR8：EOLO-858HG-01-M,16 电源,待提取：本稿尚未取得该环节专项资料；不能据此断言厂商未披露,未提取/待检索,,V1.c，日历日未标,2026-10-03,原厂产品页/规格书登记；不等于逐型号当前量产,产品页/规格书
R32,新易盛 / Eoptolink,800GVR8：EOLO-858HG-01-M,800GVR8：EOLO-858HG-01-M,17 时钟,待提取：本稿尚未取得该环节专项资料；不能据此断言厂商未披露,未提取/待检索,,V1.c，日历日未标,2026-10-03,原厂产品页/规格书登记；不等于逐型号当前量产,产品页/规格书
R32,新易盛 / Eoptolink,800GVR8：EOLO-858HG-01-M,800GVR8：EOLO-858HG-01-M,18 无源电子件,待提取：本稿尚未取得该环节专项资料；不能据此断言厂商未披露,未提取/待检索,,V1.c，日历日未标,2026-10-03,原厂产品页/规格书登记；不等于逐型号当前量产,产品页/规格书
R32,新易盛 / Eoptolink,800GVR8：EOLO-858HG-01-M,800GVR8：EOLO-858HG-01-M,19 热管理,<15W，15–70°C；具体散热器、材料与热设计UNKNOWN,部分披露/有保留,https://www.eoptolink.com/pdf/800G/OSFP/Brief%20EOLO-858HG-01-M%20V1.c.pdf | EVPDF p1,V1.c，日历日未标,2026-10-03,原厂产品页/规格书登记；不等于逐型号当前量产,产品页/规格书
R32,新易盛 / Eoptolink,800GVR8：EOLO-858HG-01-M,800GVR8：EOLO-858HG-01-M,20 总体封装,OSFP；MPO16APC,厂商直接披露,https://www.eoptolink.com/pdf/800G/OSFP/Brief%20EOLO-858HG-01-M%20V1.c.pdf | EVPDF p1,V1.c，日历日未标,2026-10-03,原厂产品页/规格书登记；不等于逐型号当前量产,产品页/规格书
R33,新易盛 / Eoptolink,800G并行8×100G LR：EOLO-138HG-10-xDx,800G并行8×100G LR：EOLO-138HG-10-xDx,01 主机电接口,8×106.25G PAM4，800GAUI8,厂商直接披露,https://www.eoptolink.com/pdf/800G/OSFP/Brief%20EOLO-138HG-10-xDx%20V1.b.pdf | ELPDF p1,V1.b，日历日未标,2026-10-03,原厂产品页/规格书登记；不等于逐型号当前量产,产品页/规格书
R33,新易盛 / Eoptolink,800G并行8×100G LR：EOLO-138HG-10-xDx,800G并行8×100G LR：EOLO-138HG-10-xDx,02 PCB与电连接,待提取：本稿尚未取得该环节专项资料；不能据此断言厂商未披露,未提取/待检索,,V1.b，日历日未标,2026-10-03,原厂产品页/规格书登记；不等于逐型号当前量产,产品页/规格书
R33,新易盛 / Eoptolink,800G并行8×100G LR：EOLO-138HG-10-xDx,800G并行8×100G LR：EOLO-138HG-10-xDx,03 电处理,双向PAM4 retimer；Driver/TIA集成DSP,厂商直接披露,https://www.eoptolink.com/pdf/800G/OSFP/Brief%20EOLO-138HG-10-xDx%20V1.b.pdf | ELPDF p1,V1.b，日历日未标,2026-10-03,原厂产品页/规格书登记；不等于逐型号当前量产,产品页/规格书
R33,新易盛 / Eoptolink,800G并行8×100G LR：EOLO-138HG-10-xDx,800G并行8×100G LR：EOLO-138HG-10-xDx,04 驱动,8通道Driver；集成DSP,厂商直接披露,https://www.eoptolink.com/pdf/800G/OSFP/Brief%20EOLO-138HG-10-xDx%20V1.b.pdf | ELPDF p1,V1.b，日历日未标,2026-10-03,原厂产品页/规格书登记；不等于逐型号当前量产,产品页/规格书
R33,新易盛 / Eoptolink,800G并行8×100G LR：EOLO-138HG-10-xDx,800G并行8×100G LR：EOLO-138HG-10-xDx,05 发光与调制,8路EML发射,厂商直接披露,https://www.eoptolink.com/pdf/800G/OSFP/Brief%20EOLO-138HG-10-xDx%20V1.b.pdf | ELPDF p1,V1.b，日历日未标,2026-10-03,原厂产品页/规格书登记；不等于逐型号当前量产,产品页/规格书
R33,新易盛 / Eoptolink,800G并行8×100G LR：EOLO-138HG-10-xDx,800G并行8×100G LR：EOLO-138HG-10-xDx,06 载体与芯片互连,待提取：本稿尚未取得该环节专项资料；不能据此断言厂商未披露,未提取/待检索,,V1.b，日历日未标,2026-10-03,原厂产品页/规格书登记；不等于逐型号当前量产,产品页/规格书
R33,新易盛 / Eoptolink,800G并行8×100G LR：EOLO-138HG-10-xDx,800G并行8×100G LR：EOLO-138HG-10-xDx,07 发射耦合,待提取：本稿尚未取得该环节专项资料；不能据此断言厂商未披露,未提取/待检索,,V1.b，日历日未标,2026-10-03,原厂产品页/规格书登记；不等于逐型号当前量产,产品页/规格书
R33,新易盛 / Eoptolink,800G并行8×100G LR：EOLO-138HG-10-xDx,800G并行8×100G LR：EOLO-138HG-10-xDx,08 合波,并行光路；无波分合分波需求（按所列并行配置作功能解释）,含工程推断，待型号规格确认,https://www.eoptolink.com/pdf/800G/OSFP/Brief%20EOLO-138HG-10-xDx%20V1.b.pdf | ELPDF p1,V1.b，日历日未标,2026-10-03,原厂产品页/规格书登记；不等于逐型号当前量产,产品页/规格书
R33,新易盛 / Eoptolink,800G并行8×100G LR：EOLO-138HG-10-xDx,800G并行8×100G LR：EOLO-138HG-10-xDx,09 外部光接口,8EML/1310nm并行，10km；距离：10km；光纤接口见封装字段：OSFP；双MPO12,厂商直接披露,https://www.eoptolink.com/pdf/800G/OSFP/Brief%20EOLO-138HG-10-xDx%20V1.b.pdf | ELPDF p1,V1.b，日历日未标,2026-10-03,原厂产品页/规格书登记；不等于逐型号当前量产,产品页/规格书
R33,新易盛 / Eoptolink,800G并行8×100G LR：EOLO-138HG-10-xDx,800G并行8×100G LR：EOLO-138HG-10-xDx,10 分波,并行光路；无波分合分波需求（按所列并行配置作功能解释）,含工程推断，待型号规格确认,https://www.eoptolink.com/pdf/800G/OSFP/Brief%20EOLO-138HG-10-xDx%20V1.b.pdf | ELPDF p1,V1.b，日历日未标,2026-10-03,原厂产品页/规格书登记；不等于逐型号当前量产,产品页/规格书
R33,新易盛 / Eoptolink,800G并行8×100G LR：EOLO-138HG-10-xDx,800G并行8×100G LR：EOLO-138HG-10-xDx,11 接收耦合,待提取：本稿尚未取得该环节专项资料；不能据此断言厂商未披露,未提取/待检索,,V1.b，日历日未标,2026-10-03,原厂产品页/规格书登记；不等于逐型号当前量产,产品页/规格书
R33,新易盛 / Eoptolink,800G并行8×100G LR：EOLO-138HG-10-xDx,800G并行8×100G LR：EOLO-138HG-10-xDx,12 探测器,8个PD；结构/材料未列,部分披露；具体边界见主张,https://www.eoptolink.com/pdf/800G/OSFP/Brief%20EOLO-138HG-10-xDx%20V1.b.pdf | ELPDF p1,V1.b，日历日未标,2026-10-03,原厂产品页/规格书登记；不等于逐型号当前量产,产品页/规格书
R33,新易盛 / Eoptolink,800G并行8×100G LR：EOLO-138HG-10-xDx,800G并行8×100G LR：EOLO-138HG-10-xDx,13 接收放大,集成TIA；具体型号未列,部分披露；具体边界见主张,https://www.eoptolink.com/pdf/800G/OSFP/Brief%20EOLO-138HG-10-xDx%20V1.b.pdf | ELPDF p1,V1.b，日历日未标,2026-10-03,原厂产品页/规格书登记；不等于逐型号当前量产,产品页/规格书
R33,新易盛 / Eoptolink,800G并行8×100G LR：EOLO-138HG-10-xDx,800G并行8×100G LR：EOLO-138HG-10-xDx,14 控制,待提取：本稿尚未取得该环节专项资料；不能据此断言厂商未披露,未提取/待检索,,V1.b，日历日未标,2026-10-03,原厂产品页/规格书登记；不等于逐型号当前量产,产品页/规格书
R33,新易盛 / Eoptolink,800G并行8×100G LR：EOLO-138HG-10-xDx,800G并行8×100G LR：EOLO-138HG-10-xDx,15 非易失存储,待提取：本稿尚未取得该环节专项资料；不能据此断言厂商未披露,未提取/待检索,,V1.b，日历日未标,2026-10-03,原厂产品页/规格书登记；不等于逐型号当前量产,产品页/规格书
R33,新易盛 / Eoptolink,800G并行8×100G LR：EOLO-138HG-10-xDx,800G并行8×100G LR：EOLO-138HG-10-xDx,16 电源,待提取：本稿尚未取得该环节专项资料；不能据此断言厂商未披露,未提取/待检索,,V1.b，日历日未标,2026-10-03,原厂产品页/规格书登记；不等于逐型号当前量产,产品页/规格书
R33,新易盛 / Eoptolink,800G并行8×100G LR：EOLO-138HG-10-xDx,800G并行8×100G LR：EOLO-138HG-10-xDx,17 时钟,待提取：本稿尚未取得该环节专项资料；不能据此断言厂商未披露,未提取/待检索,,V1.b，日历日未标,2026-10-03,原厂产品页/规格书登记；不等于逐型号当前量产,产品页/规格书
R33,新易盛 / Eoptolink,800G并行8×100G LR：EOLO-138HG-10-xDx,800G并行8×100G LR：EOLO-138HG-10-xDx,18 无源电子件,待提取：本稿尚未取得该环节专项资料；不能据此断言厂商未披露,未提取/待检索,,V1.b，日历日未标,2026-10-03,原厂产品页/规格书登记；不等于逐型号当前量产,产品页/规格书
R33,新易盛 / Eoptolink,800G并行8×100G LR：EOLO-138HG-10-xDx,800G并行8×100G LR：EOLO-138HG-10-xDx,19 热管理,<14.5W，0–70°C；具体散热器、材料与热设计UNKNOWN,部分披露/有保留,https://www.eoptolink.com/pdf/800G/OSFP/Brief%20EOLO-138HG-10-xDx%20V1.b.pdf | ELPDF p1,V1.b，日历日未标,2026-10-03,原厂产品页/规格书登记；不等于逐型号当前量产,产品页/规格书
R33,新易盛 / Eoptolink,800G并行8×100G LR：EOLO-138HG-10-xDx,800G并行8×100G LR：EOLO-138HG-10-xDx,20 总体封装,OSFP；双MPO12,厂商直接披露,https://www.eoptolink.com/pdf/800G/OSFP/Brief%20EOLO-138HG-10-xDx%20V1.b.pdf | ELPDF p1,V1.b，日历日未标,2026-10-03,原厂产品页/规格书登记；不等于逐型号当前量产,产品页/规格书
R34,光迅科技 / Accelink,800G OSFP224 DR4,RTXM700-546,01 主机电接口,UNKNOWN：本轮所核型号页未列电通道，不能按封装名补写,UNKNOWN,https://www.accelink.com/en/lighting_your_dreams/2084555909131960322.html | ADR4 RTXM700-546 / Key Features,未标,2026-10-03,原厂产品页/规格书登记；不等于逐型号当前量产,产品页/规格书
R34,光迅科技 / Accelink,800G OSFP224 DR4,RTXM700-546,02 PCB与电连接,待提取：本稿尚未取得该环节专项资料；不能据此断言厂商未披露,未提取/待检索,,未标,2026-10-03,原厂产品页/规格书登记；不等于逐型号当前量产,产品页/规格书
R34,光迅科技 / Accelink,800G OSFP224 DR4,RTXM700-546,03 电处理,UNKNOWN：所核型号页未列DSP实现,UNKNOWN,https://www.accelink.com/en/lighting_your_dreams/2084555909131960322.html | ADR4 RTXM700-546 / Key Features,未标,2026-10-03,原厂产品页/规格书登记；不等于逐型号当前量产,产品页/规格书
R34,光迅科技 / Accelink,800G OSFP224 DR4,RTXM700-546,04 驱动,待提取：本稿尚未取得该环节专项资料；不能据此断言厂商未披露,未提取/待检索,,未标,2026-10-03,原厂产品页/规格书登记；不等于逐型号当前量产,产品页/规格书
R34,光迅科技 / Accelink,800G OSFP224 DR4,RTXM700-546,05 发光与调制,SiPh modulator硅光调制器；激光器未列,部分披露/有保留,https://www.accelink.com/en/lighting_your_dreams/2084555909131960322.html | ADR4 RTXM700-546 / Key Features,未标,2026-10-03,原厂产品页/规格书登记；不等于逐型号当前量产,产品页/规格书
R34,光迅科技 / Accelink,800G OSFP224 DR4,RTXM700-546,06 载体与芯片互连,待提取：本稿尚未取得该环节专项资料；不能据此断言厂商未披露,未提取/待检索,,未标,2026-10-03,原厂产品页/规格书登记；不等于逐型号当前量产,产品页/规格书
R34,光迅科技 / Accelink,800G OSFP224 DR4,RTXM700-546,07 发射耦合,待提取：本稿尚未取得该环节专项资料；不能据此断言厂商未披露,未提取/待检索,,未标,2026-10-03,原厂产品页/规格书登记；不等于逐型号当前量产,产品页/规格书
R34,光迅科技 / Accelink,800G OSFP224 DR4,RTXM700-546,08 合波,DR4并行配置；内部光路器件未披露,部分披露/有保留,https://www.accelink.com/en/lighting_your_dreams/2084555909131960322.html | ADR4 RTXM700-546 / Key Features,未标,2026-10-03,原厂产品页/规格书登记；不等于逐型号当前量产,产品页/规格书
R34,光迅科技 / Accelink,800G OSFP224 DR4,RTXM700-546,09 外部光接口,4双工光通道；每通道212.5Gbps PAM4；距离：500m；光纤接口见封装字段：OSFP224；MPO12/APC,厂商直接披露,https://www.accelink.com/en/lighting_your_dreams/2084555909131960322.html | ADR4 RTXM700-546 / Key Features,未标,2026-10-03,原厂产品页/规格书登记；不等于逐型号当前量产,产品页/规格书
R34,光迅科技 / Accelink,800G OSFP224 DR4,RTXM700-546,10 分波,DR4并行配置；内部光路器件未披露,部分披露/有保留,https://www.accelink.com/en/lighting_your_dreams/2084555909131960322.html | ADR4 RTXM700-546 / Key Features,未标,2026-10-03,原厂产品页/规格书登记；不等于逐型号当前量产,产品页/规格书
R34,光迅科技 / Accelink,800G OSFP224 DR4,RTXM700-546,11 接收耦合,待提取：本稿尚未取得该环节专项资料；不能据此断言厂商未披露,未提取/待检索,,未标,2026-10-03,原厂产品页/规格书登记；不等于逐型号当前量产,产品页/规格书
R34,光迅科技 / Accelink,800G OSFP224 DR4,RTXM700-546,12 探测器,UNKNOWN：所核型号页未列PD/TIA（探测器与接收放大联合披露，未给出部分保持UNKNOWN）,UNKNOWN,https://www.accelink.com/en/lighting_your_dreams/2084555909131960322.html | ADR4 RTXM700-546 / Key Features,未标,2026-10-03,原厂产品页/规格书登记；不等于逐型号当前量产,产品页/规格书
R34,光迅科技 / Accelink,800G OSFP224 DR4,RTXM700-546,13 接收放大,UNKNOWN：所核型号页未列PD/TIA（探测器与接收放大联合披露，未给出部分保持UNKNOWN）,UNKNOWN,https://www.accelink.com/en/lighting_your_dreams/2084555909131960322.html | ADR4 RTXM700-546 / Key Features,未标,2026-10-03,原厂产品页/规格书登记；不等于逐型号当前量产,产品页/规格书
R34,光迅科技 / Accelink,800G OSFP224 DR4,RTXM700-546,14 控制,待提取：本稿尚未取得该环节专项资料；不能据此断言厂商未披露,未提取/待检索,,未标,2026-10-03,原厂产品页/规格书登记；不等于逐型号当前量产,产品页/规格书
R34,光迅科技 / Accelink,800G OSFP224 DR4,RTXM700-546,15 非易失存储,待提取：本稿尚未取得该环节专项资料；不能据此断言厂商未披露,未提取/待检索,,未标,2026-10-03,原厂产品页/规格书登记；不等于逐型号当前量产,产品页/规格书
R34,光迅科技 / Accelink,800G OSFP224 DR4,RTXM700-546,16 电源,待提取：本稿尚未取得该环节专项资料；不能据此断言厂商未披露,未提取/待检索,,未标,2026-10-03,原厂产品页/规格书登记；不等于逐型号当前量产,产品页/规格书
R34,光迅科技 / Accelink,800G OSFP224 DR4,RTXM700-546,17 时钟,待提取：本稿尚未取得该环节专项资料；不能据此断言厂商未披露,未提取/待检索,,未标,2026-10-03,原厂产品页/规格书登记；不等于逐型号当前量产,产品页/规格书
R34,光迅科技 / Accelink,800G OSFP224 DR4,RTXM700-546,18 无源电子件,待提取：本稿尚未取得该环节专项资料；不能据此断言厂商未披露,未提取/待检索,,未标,2026-10-03,原厂产品页/规格书登记；不等于逐型号当前量产,产品页/规格书
R34,光迅科技 / Accelink,800G OSFP224 DR4,RTXM700-546,19 热管理,16W；0–70°C；具体散热器、材料与热设计UNKNOWN,部分披露/有保留,https://www.accelink.com/en/lighting_your_dreams/2084555909131960322.html | ADR4 RTXM700-546 / Key Features,未标,2026-10-03,原厂产品页/规格书登记；不等于逐型号当前量产,产品页/规格书
R34,光迅科技 / Accelink,800G OSFP224 DR4,RTXM700-546,20 总体封装,OSFP224；MPO12/APC,厂商直接披露,https://www.accelink.com/en/lighting_your_dreams/2084555909131960322.html | ADR4 RTXM700-546 / Key Features,未标,2026-10-03,原厂产品页/规格书登记；不等于逐型号当前量产,产品页/规格书
R35,光迅科技 / Accelink,1.6T OSFP224 2FR4,RTXM700-532,01 主机电接口,8×200G；1600GAUI-8,厂商直接披露,https://www.accelink.com/en/lighting_your_dreams/2084552858237173762.html | A2FR RTXM700-532,未标,2026-10-03,原厂产品页/规格书登记；不等于逐型号当前量产,产品页/规格书
R35,光迅科技 / Accelink,1.6T OSFP224 2FR4,RTXM700-532,02 PCB与电连接,待提取：本稿尚未取得该环节专项资料；不能据此断言厂商未披露,未提取/待检索,,未标,2026-10-03,原厂产品页/规格书登记；不等于逐型号当前量产,产品页/规格书
R35,光迅科技 / Accelink,1.6T OSFP224 2FR4,RTXM700-532,03 电处理,UNKNOWN：所核型号页未列DSP实现；不能套展会产品族3nm,UNKNOWN,https://www.accelink.com/en/lighting_your_dreams/2084552858237173762.html | A2FR RTXM700-532,未标,2026-10-03,原厂产品页/规格书登记；不等于逐型号当前量产,产品页/规格书
R35,光迅科技 / Accelink,1.6T OSFP224 2FR4,RTXM700-532,04 驱动,待提取：本稿尚未取得该环节专项资料；不能据此断言厂商未披露,未提取/待检索,,未标,2026-10-03,原厂产品页/规格书登记；不等于逐型号当前量产,产品页/规格书
R35,光迅科技 / Accelink,1.6T OSFP224 2FR4,RTXM700-532,05 发光与调制,SiPh CWDM发射,厂商直接披露,https://www.accelink.com/en/lighting_your_dreams/2084552858237173762.html | A2FR RTXM700-532,未标,2026-10-03,原厂产品页/规格书登记；不等于逐型号当前量产,产品页/规格书
R35,光迅科技 / Accelink,1.6T OSFP224 2FR4,RTXM700-532,06 载体与芯片互连,待提取：本稿尚未取得该环节专项资料；不能据此断言厂商未披露,未提取/待检索,,未标,2026-10-03,原厂产品页/规格书登记；不等于逐型号当前量产,产品页/规格书
R35,光迅科技 / Accelink,1.6T OSFP224 2FR4,RTXM700-532,07 发射耦合,待提取：本稿尚未取得该环节专项资料；不能据此断言厂商未披露,未提取/待检索,,未标,2026-10-03,原厂产品页/规格书登记；不等于逐型号当前量产,产品页/规格书
R35,光迅科技 / Accelink,1.6T OSFP224 2FR4,RTXM700-532,08 合波,2FR4波分功能；器件实现未列,部分披露/有保留,https://www.accelink.com/en/lighting_your_dreams/2084552858237173762.html | A2FR RTXM700-532,未标,2026-10-03,原厂产品页/规格书登记；不等于逐型号当前量产,产品页/规格书
R35,光迅科技 / Accelink,1.6T OSFP224 2FR4,RTXM700-532,09 外部光接口,8×200G PAM4；CWDM；距离：2km；光纤接口见封装字段：OSFP224；双duplex LC,厂商直接披露,https://www.accelink.com/en/lighting_your_dreams/2084552858237173762.html | A2FR RTXM700-532,未标,2026-10-03,原厂产品页/规格书登记；不等于逐型号当前量产,产品页/规格书
R35,光迅科技 / Accelink,1.6T OSFP224 2FR4,RTXM700-532,10 分波,2FR4波分功能；器件实现未列,部分披露/有保留,https://www.accelink.com/en/lighting_your_dreams/2084552858237173762.html | A2FR RTXM700-532,未标,2026-10-03,原厂产品页/规格书登记；不等于逐型号当前量产,产品页/规格书
R35,光迅科技 / Accelink,1.6T OSFP224 2FR4,RTXM700-532,11 接收耦合,待提取：本稿尚未取得该环节专项资料；不能据此断言厂商未披露,未提取/待检索,,未标,2026-10-03,原厂产品页/规格书登记；不等于逐型号当前量产,产品页/规格书
R35,光迅科技 / Accelink,1.6T OSFP224 2FR4,RTXM700-532,12 探测器,UNKNOWN：所核型号页未列PD/TIA（探测器与接收放大联合披露，未给出部分保持UNKNOWN）,UNKNOWN,https://www.accelink.com/en/lighting_your_dreams/2084552858237173762.html | A2FR RTXM700-532,未标,2026-10-03,原厂产品页/规格书登记；不等于逐型号当前量产,产品页/规格书
R35,光迅科技 / Accelink,1.6T OSFP224 2FR4,RTXM700-532,13 接收放大,UNKNOWN：所核型号页未列PD/TIA（探测器与接收放大联合披露，未给出部分保持UNKNOWN）,UNKNOWN,https://www.accelink.com/en/lighting_your_dreams/2084552858237173762.html | A2FR RTXM700-532,未标,2026-10-03,原厂产品页/规格书登记；不等于逐型号当前量产,产品页/规格书
R35,光迅科技 / Accelink,1.6T OSFP224 2FR4,RTXM700-532,14 控制,待提取：本稿尚未取得该环节专项资料；不能据此断言厂商未披露,未提取/待检索,,未标,2026-10-03,原厂产品页/规格书登记；不等于逐型号当前量产,产品页/规格书
R35,光迅科技 / Accelink,1.6T OSFP224 2FR4,RTXM700-532,15 非易失存储,待提取：本稿尚未取得该环节专项资料；不能据此断言厂商未披露,未提取/待检索,,未标,2026-10-03,原厂产品页/规格书登记；不等于逐型号当前量产,产品页/规格书
R35,光迅科技 / Accelink,1.6T OSFP224 2FR4,RTXM700-532,16 电源,待提取：本稿尚未取得该环节专项资料；不能据此断言厂商未披露,未提取/待检索,,未标,2026-10-03,原厂产品页/规格书登记；不等于逐型号当前量产,产品页/规格书
R35,光迅科技 / Accelink,1.6T OSFP224 2FR4,RTXM700-532,17 时钟,待提取：本稿尚未取得该环节专项资料；不能据此断言厂商未披露,未提取/待检索,,未标,2026-10-03,原厂产品页/规格书登记；不等于逐型号当前量产,产品页/规格书
R35,光迅科技 / Accelink,1.6T OSFP224 2FR4,RTXM700-532,18 无源电子件,待提取：本稿尚未取得该环节专项资料；不能据此断言厂商未披露,未提取/待检索,,未标,2026-10-03,原厂产品页/规格书登记；不等于逐型号当前量产,产品页/规格书
R35,光迅科技 / Accelink,1.6T OSFP224 2FR4,RTXM700-532,19 热管理,26W；0–70°C；具体散热器、材料与热设计UNKNOWN,部分披露/有保留,https://www.accelink.com/en/lighting_your_dreams/2084552858237173762.html | A2FR RTXM700-532,未标,2026-10-03,原厂产品页/规格书登记；不等于逐型号当前量产,产品页/规格书
R35,光迅科技 / Accelink,1.6T OSFP224 2FR4,RTXM700-532,20 总体封装,OSFP224；双duplex LC,厂商直接披露,https://www.accelink.com/en/lighting_your_dreams/2084552858237173762.html | A2FR RTXM700-532,未标,2026-10-03,原厂产品页/规格书登记；不等于逐型号当前量产,产品页/规格书
R36,Coherent,800G 2FR4 EML,FTCE4717E1PCB,01 主机电接口,8×106.25Gbps PAM4；重定时,厂商直接披露,"https://www.coherent.com/networking/transceivers/datacom/FTCE4717E1PCB | OG02 Coherent FTCE4717E1PCB / 参数表及产品简介
https://www.coherent.com/resources/datasheet/networking/optical-transceivers/osfp/ftce4717e1pcb-transceiver-ds.pdf | OG03 Coherent FTCE4717E1PCB规格书 / Rev B08，PDF第1、3–5页；网页与PDF温度冲突保留",UNKNOWN；2024-04,2026-10-03,原厂产品页/规格书登记；不等于逐型号当前量产,产品页/规格书
R36,Coherent,800G 2FR4 EML,FTCE4717E1PCB,02 PCB与电连接,待提取：本稿尚未取得该环节专项资料；不能据此断言厂商未披露,未提取/待检索,,UNKNOWN；2024-04,2026-10-03,原厂产品页/规格书登记；不等于逐型号当前量产,产品页/规格书
R36,Coherent,800G 2FR4 EML,FTCE4717E1PCB,03 电处理,收发电接口重定时；DSP型号/工艺未知,部分披露/有保留,"https://www.coherent.com/networking/transceivers/datacom/FTCE4717E1PCB | OG02 Coherent FTCE4717E1PCB / 参数表及产品简介
https://www.coherent.com/resources/datasheet/networking/optical-transceivers/osfp/ftce4717e1pcb-transceiver-ds.pdf | OG03 Coherent FTCE4717E1PCB规格书 / Rev B08，PDF第1、3–5页；网页与PDF温度冲突保留",UNKNOWN；2024-04,2026-10-03,原厂产品页/规格书登记；不等于逐型号当前量产,产品页/规格书
R36,Coherent,800G 2FR4 EML,FTCE4717E1PCB,04 驱动,待提取：本稿尚未取得该环节专项资料；不能据此断言厂商未披露,未提取/待检索,,UNKNOWN；2024-04,2026-10-03,原厂产品页/规格书登记；不等于逐型号当前量产,产品页/规格书
R36,Coherent,800G 2FR4 EML,FTCE4717E1PCB,05 发光与调制,8×100G CWDM EML,厂商直接披露,"https://www.coherent.com/networking/transceivers/datacom/FTCE4717E1PCB | OG02 Coherent FTCE4717E1PCB / 参数表及产品简介
https://www.coherent.com/resources/datasheet/networking/optical-transceivers/osfp/ftce4717e1pcb-transceiver-ds.pdf | OG03 Coherent FTCE4717E1PCB规格书 / Rev B08，PDF第1、3–5页；网页与PDF温度冲突保留",UNKNOWN；2024-04,2026-10-03,原厂产品页/规格书登记；不等于逐型号当前量产,产品页/规格书
R36,Coherent,800G 2FR4 EML,FTCE4717E1PCB,06 载体与芯片互连,待提取：本稿尚未取得该环节专项资料；不能据此断言厂商未披露,未提取/待检索,,UNKNOWN；2024-04,2026-10-03,原厂产品页/规格书登记；不等于逐型号当前量产,产品页/规格书
R36,Coherent,800G 2FR4 EML,FTCE4717E1PCB,07 发射耦合,待提取：本稿尚未取得该环节专项资料；不能据此断言厂商未披露,未提取/待检索,,UNKNOWN；2024-04,2026-10-03,原厂产品页/规格书登记；不等于逐型号当前量产,产品页/规格书
R36,Coherent,800G 2FR4 EML,FTCE4717E1PCB,08 合波,两组四波长波分；MUX/DEMUX具体器件未知,部分披露/有保留,"https://www.coherent.com/networking/transceivers/datacom/FTCE4717E1PCB | OG02 Coherent FTCE4717E1PCB / 参数表及产品简介
https://www.coherent.com/resources/datasheet/networking/optical-transceivers/osfp/ftce4717e1pcb-transceiver-ds.pdf | OG03 Coherent FTCE4717E1PCB规格书 / Rev B08，PDF第1、3–5页；网页与PDF温度冲突保留",UNKNOWN；2024-04,2026-10-03,原厂产品页/规格书登记；不等于逐型号当前量产,产品页/规格书
R36,Coherent,800G 2FR4 EML,FTCE4717E1PCB,09 外部光接口,8×100G CWDM；距离：2km；光纤接口见封装字段：OSFP；双LC,厂商直接披露,"https://www.coherent.com/networking/transceivers/datacom/FTCE4717E1PCB | OG02 Coherent FTCE4717E1PCB / 参数表及产品简介
https://www.coherent.com/resources/datasheet/networking/optical-transceivers/osfp/ftce4717e1pcb-transceiver-ds.pdf | OG03 Coherent FTCE4717E1PCB规格书 / Rev B08，PDF第1、3–5页；网页与PDF温度冲突保留",UNKNOWN；2024-04,2026-10-03,原厂产品页/规格书登记；不等于逐型号当前量产,产品页/规格书
R36,Coherent,800G 2FR4 EML,FTCE4717E1PCB,10 分波,两组四波长波分；MUX/DEMUX具体器件未知,部分披露/有保留,"https://www.coherent.com/networking/transceivers/datacom/FTCE4717E1PCB | OG02 Coherent FTCE4717E1PCB / 参数表及产品简介
https://www.coherent.com/resources/datasheet/networking/optical-transceivers/osfp/ftce4717e1pcb-transceiver-ds.pdf | OG03 Coherent FTCE4717E1PCB规格书 / Rev B08，PDF第1、3–5页；网页与PDF温度冲突保留",UNKNOWN；2024-04,2026-10-03,原厂产品页/规格书登记；不等于逐型号当前量产,产品页/规格书
R36,Coherent,800G 2FR4 EML,FTCE4717E1PCB,11 接收耦合,待提取：本稿尚未取得该环节专项资料；不能据此断言厂商未披露,未提取/待检索,,UNKNOWN；2024-04,2026-10-03,原厂产品页/规格书登记；不等于逐型号当前量产,产品页/规格书
R36,Coherent,800G 2FR4 EML,FTCE4717E1PCB,12 探测器,PIN探测器；材料/型号未列,部分披露；具体边界见主张,"https://www.coherent.com/networking/transceivers/datacom/FTCE4717E1PCB | OG02 Coherent FTCE4717E1PCB / 参数表及产品简介
https://www.coherent.com/resources/datasheet/networking/optical-transceivers/osfp/ftce4717e1pcb-transceiver-ds.pdf | OG03 Coherent FTCE4717E1PCB规格书 / Rev B08，PDF第1、3–5页；网页与PDF温度冲突保留",UNKNOWN；2024-04,2026-10-03,原厂产品页/规格书登记；不等于逐型号当前量产,产品页/规格书
R36,Coherent,800G 2FR4 EML,FTCE4717E1PCB,13 接收放大,所核产品页未列TIA具体型号与集成位置,所核来源未列该项,"https://www.coherent.com/networking/transceivers/datacom/FTCE4717E1PCB | OG02 Coherent FTCE4717E1PCB / 参数表及产品简介
https://www.coherent.com/resources/datasheet/networking/optical-transceivers/osfp/ftce4717e1pcb-transceiver-ds.pdf | OG03 Coherent FTCE4717E1PCB规格书 / Rev B08，PDF第1、3–5页；网页与PDF温度冲突保留",UNKNOWN；2024-04,2026-10-03,原厂产品页/规格书登记；不等于逐型号当前量产,产品页/规格书
R36,Coherent,800G 2FR4 EML,FTCE4717E1PCB,14 控制,待提取：本稿尚未取得该环节专项资料；不能据此断言厂商未披露,未提取/待检索,,UNKNOWN；2024-04,2026-10-03,原厂产品页/规格书登记；不等于逐型号当前量产,产品页/规格书
R36,Coherent,800G 2FR4 EML,FTCE4717E1PCB,15 非易失存储,待提取：本稿尚未取得该环节专项资料；不能据此断言厂商未披露,未提取/待检索,,UNKNOWN；2024-04,2026-10-03,原厂产品页/规格书登记；不等于逐型号当前量产,产品页/规格书
R36,Coherent,800G 2FR4 EML,FTCE4717E1PCB,16 电源,外部供电3.3V；内部电源管理器件未知,部分披露；具体边界见主张,https://www.coherent.com/resources/datasheet/networking/optical-transceivers/osfp/ftce4717e1pcb-transceiver-ds.pdf | OG03 Coherent FTCE4717E1PCB规格书 / Rev B08，PDF第1、3–5页；网页与PDF温度冲突保留,UNKNOWN；2024-04,2026-10-03,原厂产品页/规格书登记；不等于逐型号当前量产,产品页/规格书
R36,Coherent,800G 2FR4 EML,FTCE4717E1PCB,17 时钟,待提取：本稿尚未取得该环节专项资料；不能据此断言厂商未披露,未提取/待检索,,UNKNOWN；2024-04,2026-10-03,原厂产品页/规格书登记；不等于逐型号当前量产,产品页/规格书
R36,Coherent,800G 2FR4 EML,FTCE4717E1PCB,18 无源电子件,待提取：本稿尚未取得该环节专项资料；不能据此断言厂商未披露,未提取/待检索,,UNKNOWN；2024-04,2026-10-03,原厂产品页/规格书登记；不等于逐型号当前量产,产品页/规格书
R36,Coherent,800G 2FR4 EML,FTCE4717E1PCB,19 热管理,17W最大值；规格书15–70°C/网页0–70°C冲突；具体散热器、材料与热设计UNKNOWN,部分披露/有保留,"https://www.coherent.com/networking/transceivers/datacom/FTCE4717E1PCB | OG02 Coherent FTCE4717E1PCB / 参数表及产品简介
https://www.coherent.com/resources/datasheet/networking/optical-transceivers/osfp/ftce4717e1pcb-transceiver-ds.pdf | OG03 Coherent FTCE4717E1PCB规格书 / Rev B08，PDF第1、3–5页；网页与PDF温度冲突保留",UNKNOWN；2024-04,2026-10-03,原厂产品页/规格书登记；不等于逐型号当前量产,产品页/规格书
R36,Coherent,800G 2FR4 EML,FTCE4717E1PCB,20 总体封装,OSFP；双LC,厂商直接披露,"https://www.coherent.com/networking/transceivers/datacom/FTCE4717E1PCB | OG02 Coherent FTCE4717E1PCB / 参数表及产品简介
https://www.coherent.com/resources/datasheet/networking/optical-transceivers/osfp/ftce4717e1pcb-transceiver-ds.pdf | OG03 Coherent FTCE4717E1PCB规格书 / Rev B08，PDF第1、3–5页；网页与PDF温度冲突保留",UNKNOWN；2024-04,2026-10-03,原厂产品页/规格书登记；不等于逐型号当前量产,产品页/规格书
R37,华工科技,800G OSFP 2×FR4,MTRO-F6F6C,01 主机电接口,8×106.25Gb/s PAM4,厂商直接披露,"https://www.genuine-opto.com/dghfhdfghs/440.jhtml | 800G OSFP 2×FR4产品页：型号正文
https://www.genuine-opto.com/uploadfile/cms/www/202404/18140331xew1.jpg | 800G OSFP 2×FR4原厂规格图Features/Description/Compliance；Chrome视觉读回",网页未标日期；2026-10-03读取,2026-10-03,原厂目录/规格登记；逐型号当前量产尚未证明,产品页/规格书
R37,华工科技,800G OSFP 2×FR4,MTRO-F6F6C,02 PCB与电连接,待提取：本稿尚未取得该环节专项资料；不能据此断言厂商未披露,未提取/待检索,,网页未标日期；2026-10-03读取,2026-10-03,原厂目录/规格登记；逐型号当前量产尚未证明,产品页/规格书
R37,华工科技,800G OSFP 2×FR4,MTRO-F6F6C,03 电处理,UNKNOWN：所核资料未列电处理架构或芯片,UNKNOWN,"https://www.genuine-opto.com/dghfhdfghs/440.jhtml | 800G OSFP 2×FR4产品页：型号正文
https://www.genuine-opto.com/uploadfile/cms/www/202404/18140331xew1.jpg | 800G OSFP 2×FR4原厂规格图Features/Description/Compliance；Chrome视觉读回",网页未标日期；2026-10-03读取,2026-10-03,原厂目录/规格登记；逐型号当前量产尚未证明,产品页/规格书
R37,华工科技,800G OSFP 2×FR4,MTRO-F6F6C,04 驱动,待提取：本稿尚未取得该环节专项资料；不能据此断言厂商未披露,未提取/待检索,,网页未标日期；2026-10-03读取,2026-10-03,原厂目录/规格登记；逐型号当前量产尚未证明,产品页/规格书
R37,华工科技,800G OSFP 2×FR4,MTRO-F6F6C,05 发光与调制,UNKNOWN：所核资料未列光源和调制平台,UNKNOWN,"https://www.genuine-opto.com/dghfhdfghs/440.jhtml | 800G OSFP 2×FR4产品页：型号正文
https://www.genuine-opto.com/uploadfile/cms/www/202404/18140331xew1.jpg | 800G OSFP 2×FR4原厂规格图Features/Description/Compliance；Chrome视觉读回",网页未标日期；2026-10-03读取,2026-10-03,原厂目录/规格登记；逐型号当前量产尚未证明,产品页/规格书
R37,华工科技,800G OSFP 2×FR4,MTRO-F6F6C,06 载体与芯片互连,待提取：本稿尚未取得该环节专项资料；不能据此断言厂商未披露,未提取/待检索,,网页未标日期；2026-10-03读取,2026-10-03,原厂目录/规格登记；逐型号当前量产尚未证明,产品页/规格书
R37,华工科技,800G OSFP 2×FR4,MTRO-F6F6C,07 发射耦合,待提取：本稿尚未取得该环节专项资料；不能据此断言厂商未披露,未提取/待检索,,网页未标日期；2026-10-03读取,2026-10-03,原厂目录/规格登记；逐型号当前量产尚未证明,产品页/规格书
R37,华工科技,800G OSFP 2×FR4,MTRO-F6F6C,08 合波,2×CWDM4 MUX/DEMUX设计；具体器件材料/工艺未列,部分披露/有保留,"https://www.genuine-opto.com/dghfhdfghs/440.jhtml | 800G OSFP 2×FR4产品页：型号正文
https://www.genuine-opto.com/uploadfile/cms/www/202404/18140331xew1.jpg | 800G OSFP 2×FR4原厂规格图Features/Description/Compliance；Chrome视觉读回",网页未标日期；2026-10-03读取,2026-10-03,原厂目录/规格登记；逐型号当前量产尚未证明,产品页/规格书
R37,华工科技,800G OSFP 2×FR4,MTRO-F6F6C,09 外部光接口,8×106.25Gb/s光信号；两组CWDM4波分；距离：2km SMF；光纤接口见封装字段：OSFP MSA 5.0；双duplex LC；CMIS5.2,厂商直接披露,"https://www.genuine-opto.com/dghfhdfghs/440.jhtml | 800G OSFP 2×FR4产品页：型号正文
https://www.genuine-opto.com/uploadfile/cms/www/202404/18140331xew1.jpg | 800G OSFP 2×FR4原厂规格图Features/Description/Compliance；Chrome视觉读回",网页未标日期；2026-10-03读取,2026-10-03,原厂目录/规格登记；逐型号当前量产尚未证明,产品页/规格书
R37,华工科技,800G OSFP 2×FR4,MTRO-F6F6C,10 分波,2×CWDM4 MUX/DEMUX设计；具体器件材料/工艺未列,部分披露/有保留,"https://www.genuine-opto.com/dghfhdfghs/440.jhtml | 800G OSFP 2×FR4产品页：型号正文
https://www.genuine-opto.com/uploadfile/cms/www/202404/18140331xew1.jpg | 800G OSFP 2×FR4原厂规格图Features/Description/Compliance；Chrome视觉读回",网页未标日期；2026-10-03读取,2026-10-03,原厂目录/规格登记；逐型号当前量产尚未证明,产品页/规格书
R37,华工科技,800G OSFP 2×FR4,MTRO-F6F6C,11 接收耦合,待提取：本稿尚未取得该环节专项资料；不能据此断言厂商未披露,未提取/待检索,,网页未标日期；2026-10-03读取,2026-10-03,原厂目录/规格登记；逐型号当前量产尚未证明,产品页/规格书
R37,华工科技,800G OSFP 2×FR4,MTRO-F6F6C,12 探测器,UNKNOWN：所核资料未列PD/TIA（探测器与接收放大联合披露，未给出部分保持UNKNOWN）,UNKNOWN,"https://www.genuine-opto.com/dghfhdfghs/440.jhtml | 800G OSFP 2×FR4产品页：型号正文
https://www.genuine-opto.com/uploadfile/cms/www/202404/18140331xew1.jpg | 800G OSFP 2×FR4原厂规格图Features/Description/Compliance；Chrome视觉读回",网页未标日期；2026-10-03读取,2026-10-03,原厂目录/规格登记；逐型号当前量产尚未证明,产品页/规格书
R37,华工科技,800G OSFP 2×FR4,MTRO-F6F6C,13 接收放大,UNKNOWN：所核资料未列PD/TIA（探测器与接收放大联合披露，未给出部分保持UNKNOWN）,UNKNOWN,"https://www.genuine-opto.com/dghfhdfghs/440.jhtml | 800G OSFP 2×FR4产品页：型号正文
https://www.genuine-opto.com/uploadfile/cms/www/202404/18140331xew1.jpg | 800G OSFP 2×FR4原厂规格图Features/Description/Compliance；Chrome视觉读回",网页未标日期；2026-10-03读取,2026-10-03,原厂目录/规格登记；逐型号当前量产尚未证明,产品页/规格书
R37,华工科技,800G OSFP 2×FR4,MTRO-F6F6C,14 控制,管理接口：CMIS5.2；MCU型号和集成位置UNKNOWN,部分披露/有保留,"https://www.genuine-opto.com/dghfhdfghs/440.jhtml | 800G OSFP 2×FR4产品页：型号正文
https://www.genuine-opto.com/uploadfile/cms/www/202404/18140331xew1.jpg | 800G OSFP 2×FR4原厂规格图Features/Description/Compliance；Chrome视觉读回",网页未标日期；2026-10-03读取,2026-10-03,原厂目录/规格登记；逐型号当前量产尚未证明,产品页/规格书
R37,华工科技,800G OSFP 2×FR4,MTRO-F6F6C,15 非易失存储,待提取：本稿尚未取得该环节专项资料；不能据此断言厂商未披露,未提取/待检索,,网页未标日期；2026-10-03读取,2026-10-03,原厂目录/规格登记；逐型号当前量产尚未证明,产品页/规格书
R37,华工科技,800G OSFP 2×FR4,MTRO-F6F6C,16 电源,待提取：本稿尚未取得该环节专项资料；不能据此断言厂商未披露,未提取/待检索,,网页未标日期；2026-10-03读取,2026-10-03,原厂目录/规格登记；逐型号当前量产尚未证明,产品页/规格书
R37,华工科技,800G OSFP 2×FR4,MTRO-F6F6C,17 时钟,待提取：本稿尚未取得该环节专项资料；不能据此断言厂商未披露,未提取/待检索,,网页未标日期；2026-10-03读取,2026-10-03,原厂目录/规格登记；逐型号当前量产尚未证明,产品页/规格书
R37,华工科技,800G OSFP 2×FR4,MTRO-F6F6C,18 无源电子件,待提取：本稿尚未取得该环节专项资料；不能据此断言厂商未披露,未提取/待检索,,网页未标日期；2026-10-03读取,2026-10-03,原厂目录/规格登记；逐型号当前量产尚未证明,产品页/规格书
R37,华工科技,800G OSFP 2×FR4,MTRO-F6F6C,19 热管理,最大14W，Tcase=70°C；具体散热器、材料与热设计UNKNOWN,部分披露/有保留,"https://www.genuine-opto.com/dghfhdfghs/440.jhtml | 800G OSFP 2×FR4产品页：型号正文
https://www.genuine-opto.com/uploadfile/cms/www/202404/18140331xew1.jpg | 800G OSFP 2×FR4原厂规格图Features/Description/Compliance；Chrome视觉读回",网页未标日期；2026-10-03读取,2026-10-03,原厂目录/规格登记；逐型号当前量产尚未证明,产品页/规格书
R37,华工科技,800G OSFP 2×FR4,MTRO-F6F6C,20 总体封装,OSFP MSA 5.0；双duplex LC；CMIS5.2,厂商直接披露,"https://www.genuine-opto.com/dghfhdfghs/440.jhtml | 800G OSFP 2×FR4产品页：型号正文
https://www.genuine-opto.com/uploadfile/cms/www/202404/18140331xew1.jpg | 800G OSFP 2×FR4原厂规格图Features/Description/Compliance；Chrome视觉读回",网页未标日期；2026-10-03读取,2026-10-03,原厂目录/规格登记；逐型号当前量产尚未证明,产品页/规格书
R38,华工科技,800G OSFP SR8,MTRO-12F6C,01 主机电接口,8×53.125GBd PAM4；800GAUI-8 C2M,厂商直接披露,"https://www.genuine-opto.com/dghfhdfghs/439.jhtml | 800G OSFP SR8产品页：型号正文
https://www.genuine-opto.com/uploadfile/cms/www/202404/181401276yy2.jpg | 800G OSFP SR8原厂规格图Features/Description/Compliance；Chrome视觉读回",网页未标日期；2026-10-03读取,2026-10-03,原厂目录/规格登记；逐型号当前量产尚未证明,产品页/规格书
R38,华工科技,800G OSFP SR8,MTRO-12F6C,02 PCB与电连接,待提取：本稿尚未取得该环节专项资料；不能据此断言厂商未披露,未提取/待检索,,网页未标日期；2026-10-03读取,2026-10-03,原厂目录/规格登记；逐型号当前量产尚未证明,产品页/规格书
R38,华工科技,800G OSFP SR8,MTRO-12F6C,03 电处理,UNKNOWN：所核资料未列电处理架构或芯片,UNKNOWN,"https://www.genuine-opto.com/dghfhdfghs/439.jhtml | 800G OSFP SR8产品页：型号正文
https://www.genuine-opto.com/uploadfile/cms/www/202404/181401276yy2.jpg | 800G OSFP SR8原厂规格图Features/Description/Compliance；Chrome视觉读回",网页未标日期；2026-10-03读取,2026-10-03,原厂目录/规格登记；逐型号当前量产尚未证明,产品页/规格书
R38,华工科技,800G OSFP SR8,MTRO-12F6C,04 驱动,待提取：本稿尚未取得该环节专项资料；不能据此断言厂商未披露,未提取/待检索,,网页未标日期；2026-10-03读取,2026-10-03,原厂目录/规格登记；逐型号当前量产尚未证明,产品页/规格书
R38,华工科技,800G OSFP SR8,MTRO-12F6C,05 发光与调制,850nm VCSEL阵列＋发射driver,厂商直接披露,"https://www.genuine-opto.com/dghfhdfghs/439.jhtml | 800G OSFP SR8产品页：型号正文
https://www.genuine-opto.com/uploadfile/cms/www/202404/181401276yy2.jpg | 800G OSFP SR8原厂规格图Features/Description/Compliance；Chrome视觉读回",网页未标日期；2026-10-03读取,2026-10-03,原厂目录/规格登记；逐型号当前量产尚未证明,产品页/规格书
R38,华工科技,800G OSFP SR8,MTRO-12F6C,06 载体与芯片互连,待提取：本稿尚未取得该环节专项资料；不能据此断言厂商未披露,未提取/待检索,,网页未标日期；2026-10-03读取,2026-10-03,原厂目录/规格登记；逐型号当前量产尚未证明,产品页/规格书
R38,华工科技,800G OSFP SR8,MTRO-12F6C,07 发射耦合,待提取：本稿尚未取得该环节专项资料；不能据此断言厂商未披露,未提取/待检索,,网页未标日期；2026-10-03读取,2026-10-03,原厂目录/规格登记；逐型号当前量产尚未证明,产品页/规格书
R38,华工科技,800G OSFP SR8,MTRO-12F6C,08 合波,并行SR8配置；不需波长合分波是功能解释，内部光路器件未列,含工程推断，待型号规格确认,"https://www.genuine-opto.com/dghfhdfghs/439.jhtml | 800G OSFP SR8产品页：型号正文
https://www.genuine-opto.com/uploadfile/cms/www/202404/181401276yy2.jpg | 800G OSFP SR8原厂规格图Features/Description/Compliance；Chrome视觉读回",网页未标日期；2026-10-03读取,2026-10-03,原厂目录/规格登记；逐型号当前量产尚未证明,产品页/规格书
R38,华工科技,800G OSFP SR8,MTRO-12F6C,09 外部光接口,8×53.125GBd PAM4；800G-SR8；距离：OM4/OM5 100m；光纤接口见封装字段：OSFP；MPO16-APC；CMIS5.2,厂商直接披露,"https://www.genuine-opto.com/dghfhdfghs/439.jhtml | 800G OSFP SR8产品页：型号正文
https://www.genuine-opto.com/uploadfile/cms/www/202404/181401276yy2.jpg | 800G OSFP SR8原厂规格图Features/Description/Compliance；Chrome视觉读回",网页未标日期；2026-10-03读取,2026-10-03,原厂目录/规格登记；逐型号当前量产尚未证明,产品页/规格书
R38,华工科技,800G OSFP SR8,MTRO-12F6C,10 分波,并行SR8配置；不需波长合分波是功能解释，内部光路器件未列,含工程推断，待型号规格确认,"https://www.genuine-opto.com/dghfhdfghs/439.jhtml | 800G OSFP SR8产品页：型号正文
https://www.genuine-opto.com/uploadfile/cms/www/202404/181401276yy2.jpg | 800G OSFP SR8原厂规格图Features/Description/Compliance；Chrome视觉读回",网页未标日期；2026-10-03读取,2026-10-03,原厂目录/规格登记；逐型号当前量产尚未证明,产品页/规格书
R38,华工科技,800G OSFP SR8,MTRO-12F6C,11 接收耦合,待提取：本稿尚未取得该环节专项资料；不能据此断言厂商未披露,未提取/待检索,,网页未标日期；2026-10-03读取,2026-10-03,原厂目录/规格登记；逐型号当前量产尚未证明,产品页/规格书
R38,华工科技,800G OSFP SR8,MTRO-12F6C,12 探测器,PIN光电二极管阵列＋TIA；型号/数量未列（探测器与接收放大联合披露，未给出部分保持UNKNOWN）,部分披露/有保留,"https://www.genuine-opto.com/dghfhdfghs/439.jhtml | 800G OSFP SR8产品页：型号正文
https://www.genuine-opto.com/uploadfile/cms/www/202404/181401276yy2.jpg | 800G OSFP SR8原厂规格图Features/Description/Compliance；Chrome视觉读回",网页未标日期；2026-10-03读取,2026-10-03,原厂目录/规格登记；逐型号当前量产尚未证明,产品页/规格书
R38,华工科技,800G OSFP SR8,MTRO-12F6C,13 接收放大,PIN光电二极管阵列＋TIA；型号/数量未列（探测器与接收放大联合披露，未给出部分保持UNKNOWN）,部分披露/有保留,"https://www.genuine-opto.com/dghfhdfghs/439.jhtml | 800G OSFP SR8产品页：型号正文
https://www.genuine-opto.com/uploadfile/cms/www/202404/181401276yy2.jpg | 800G OSFP SR8原厂规格图Features/Description/Compliance；Chrome视觉读回",网页未标日期；2026-10-03读取,2026-10-03,原厂目录/规格登记；逐型号当前量产尚未证明,产品页/规格书
R38,华工科技,800G OSFP SR8,MTRO-12F6C,14 控制,管理接口：CMIS5.2；MCU型号和集成位置UNKNOWN,部分披露/有保留,"https://www.genuine-opto.com/dghfhdfghs/439.jhtml | 800G OSFP SR8产品页：型号正文
https://www.genuine-opto.com/uploadfile/cms/www/202404/181401276yy2.jpg | 800G OSFP SR8原厂规格图Features/Description/Compliance；Chrome视觉读回",网页未标日期；2026-10-03读取,2026-10-03,原厂目录/规格登记；逐型号当前量产尚未证明,产品页/规格书
R38,华工科技,800G OSFP SR8,MTRO-12F6C,15 非易失存储,待提取：本稿尚未取得该环节专项资料；不能据此断言厂商未披露,未提取/待检索,,网页未标日期；2026-10-03读取,2026-10-03,原厂目录/规格登记；逐型号当前量产尚未证明,产品页/规格书
R38,华工科技,800G OSFP SR8,MTRO-12F6C,16 电源,待提取：本稿尚未取得该环节专项资料；不能据此断言厂商未披露,未提取/待检索,,网页未标日期；2026-10-03读取,2026-10-03,原厂目录/规格登记；逐型号当前量产尚未证明,产品页/规格书
R38,华工科技,800G OSFP SR8,MTRO-12F6C,17 时钟,待提取：本稿尚未取得该环节专项资料；不能据此断言厂商未披露,未提取/待检索,,网页未标日期；2026-10-03读取,2026-10-03,原厂目录/规格登记；逐型号当前量产尚未证明,产品页/规格书
R38,华工科技,800G OSFP SR8,MTRO-12F6C,18 无源电子件,待提取：本稿尚未取得该环节专项资料；不能据此断言厂商未披露,未提取/待检索,,网页未标日期；2026-10-03读取,2026-10-03,原厂目录/规格登记；逐型号当前量产尚未证明,产品页/规格书
R38,华工科技,800G OSFP SR8,MTRO-12F6C,19 热管理,<14W；具体散热器、材料与热设计UNKNOWN,部分披露/有保留,"https://www.genuine-opto.com/dghfhdfghs/439.jhtml | 800G OSFP SR8产品页：型号正文
https://www.genuine-opto.com/uploadfile/cms/www/202404/181401276yy2.jpg | 800G OSFP SR8原厂规格图Features/Description/Compliance；Chrome视觉读回",网页未标日期；2026-10-03读取,2026-10-03,原厂目录/规格登记；逐型号当前量产尚未证明,产品页/规格书
R38,华工科技,800G OSFP SR8,MTRO-12F6C,20 总体封装,OSFP；MPO16-APC；CMIS5.2,厂商直接披露,"https://www.genuine-opto.com/dghfhdfghs/439.jhtml | 800G OSFP SR8产品页：型号正文
https://www.genuine-opto.com/uploadfile/cms/www/202404/181401276yy2.jpg | 800G OSFP SR8原厂规格图Features/Description/Compliance；Chrome视觉读回",网页未标日期；2026-10-03读取,2026-10-03,原厂目录/规格登记；逐型号当前量产尚未证明,产品页/规格书
R39,华工科技,800G OSFP DR8,MTRO-D5F6C,01 主机电接口,8×106.25Gb/s PAM4,厂商直接披露,"https://www.genuine-opto.com/dghfhdfghs/438.jhtml | 800G OSFP DR8产品页：型号正文
https://www.genuine-opto.com/uploadfile/cms/www/202404/18135648xbhl.jpg | 800G OSFP DR8原厂规格图Features/Description/Compliance；Chrome视觉读回",网页未标日期；2026-10-03读取,2026-10-03,原厂目录/规格登记；逐型号当前量产尚未证明,产品页/规格书
R39,华工科技,800G OSFP DR8,MTRO-D5F6C,02 PCB与电连接,待提取：本稿尚未取得该环节专项资料；不能据此断言厂商未披露,未提取/待检索,,网页未标日期；2026-10-03读取,2026-10-03,原厂目录/规格登记；逐型号当前量产尚未证明,产品页/规格书
R39,华工科技,800G OSFP DR8,MTRO-D5F6C,03 电处理,UNKNOWN：所核资料未列电处理架构或芯片,UNKNOWN,"https://www.genuine-opto.com/dghfhdfghs/438.jhtml | 800G OSFP DR8产品页：型号正文
https://www.genuine-opto.com/uploadfile/cms/www/202404/18135648xbhl.jpg | 800G OSFP DR8原厂规格图Features/Description/Compliance；Chrome视觉读回",网页未标日期；2026-10-03读取,2026-10-03,原厂目录/规格登记；逐型号当前量产尚未证明,产品页/规格书
R39,华工科技,800G OSFP DR8,MTRO-D5F6C,04 驱动,待提取：本稿尚未取得该环节专项资料；不能据此断言厂商未披露,未提取/待检索,,网页未标日期；2026-10-03读取,2026-10-03,原厂目录/规格登记；逐型号当前量产尚未证明,产品页/规格书
R39,华工科技,800G OSFP DR8,MTRO-D5F6C,05 发光与调制,UNKNOWN：所核资料未列光源和调制平台,UNKNOWN,"https://www.genuine-opto.com/dghfhdfghs/438.jhtml | 800G OSFP DR8产品页：型号正文
https://www.genuine-opto.com/uploadfile/cms/www/202404/18135648xbhl.jpg | 800G OSFP DR8原厂规格图Features/Description/Compliance；Chrome视觉读回",网页未标日期；2026-10-03读取,2026-10-03,原厂目录/规格登记；逐型号当前量产尚未证明,产品页/规格书
R39,华工科技,800G OSFP DR8,MTRO-D5F6C,06 载体与芯片互连,待提取：本稿尚未取得该环节专项资料；不能据此断言厂商未披露,未提取/待检索,,网页未标日期；2026-10-03读取,2026-10-03,原厂目录/规格登记；逐型号当前量产尚未证明,产品页/规格书
R39,华工科技,800G OSFP DR8,MTRO-D5F6C,07 发射耦合,待提取：本稿尚未取得该环节专项资料；不能据此断言厂商未披露,未提取/待检索,,网页未标日期；2026-10-03读取,2026-10-03,原厂目录/规格登记；逐型号当前量产尚未证明,产品页/规格书
R39,华工科技,800G OSFP DR8,MTRO-D5F6C,08 合波,并行DR8；不需波长合分波是功能解释，内部光路器件未列,含工程推断，待型号规格确认,"https://www.genuine-opto.com/dghfhdfghs/438.jhtml | 800G OSFP DR8产品页：型号正文
https://www.genuine-opto.com/uploadfile/cms/www/202404/18135648xbhl.jpg | 800G OSFP DR8原厂规格图Features/Description/Compliance；Chrome视觉读回",网页未标日期；2026-10-03读取,2026-10-03,原厂目录/规格登记；逐型号当前量产尚未证明,产品页/规格书
R39,华工科技,800G OSFP DR8,MTRO-D5F6C,09 外部光接口,8×106.25Gb/s光信号；DR8并行；距离：500m SMF；光纤接口见封装字段：OSFP MSA5.0；2×MPO12-APC；CMIS5.2,厂商直接披露,"https://www.genuine-opto.com/dghfhdfghs/438.jhtml | 800G OSFP DR8产品页：型号正文
https://www.genuine-opto.com/uploadfile/cms/www/202404/18135648xbhl.jpg | 800G OSFP DR8原厂规格图Features/Description/Compliance；Chrome视觉读回",网页未标日期；2026-10-03读取,2026-10-03,原厂目录/规格登记；逐型号当前量产尚未证明,产品页/规格书
R39,华工科技,800G OSFP DR8,MTRO-D5F6C,10 分波,并行DR8；不需波长合分波是功能解释，内部光路器件未列,含工程推断，待型号规格确认,"https://www.genuine-opto.com/dghfhdfghs/438.jhtml | 800G OSFP DR8产品页：型号正文
https://www.genuine-opto.com/uploadfile/cms/www/202404/18135648xbhl.jpg | 800G OSFP DR8原厂规格图Features/Description/Compliance；Chrome视觉读回",网页未标日期；2026-10-03读取,2026-10-03,原厂目录/规格登记；逐型号当前量产尚未证明,产品页/规格书
R39,华工科技,800G OSFP DR8,MTRO-D5F6C,11 接收耦合,待提取：本稿尚未取得该环节专项资料；不能据此断言厂商未披露,未提取/待检索,,网页未标日期；2026-10-03读取,2026-10-03,原厂目录/规格登记；逐型号当前量产尚未证明,产品页/规格书
R39,华工科技,800G OSFP DR8,MTRO-D5F6C,12 探测器,UNKNOWN：所核资料未列PD/TIA（探测器与接收放大联合披露，未给出部分保持UNKNOWN）,UNKNOWN,"https://www.genuine-opto.com/dghfhdfghs/438.jhtml | 800G OSFP DR8产品页：型号正文
https://www.genuine-opto.com/uploadfile/cms/www/202404/18135648xbhl.jpg | 800G OSFP DR8原厂规格图Features/Description/Compliance；Chrome视觉读回",网页未标日期；2026-10-03读取,2026-10-03,原厂目录/规格登记；逐型号当前量产尚未证明,产品页/规格书
R39,华工科技,800G OSFP DR8,MTRO-D5F6C,13 接收放大,UNKNOWN：所核资料未列PD/TIA（探测器与接收放大联合披露，未给出部分保持UNKNOWN）,UNKNOWN,"https://www.genuine-opto.com/dghfhdfghs/438.jhtml | 800G OSFP DR8产品页：型号正文
https://www.genuine-opto.com/uploadfile/cms/www/202404/18135648xbhl.jpg | 800G OSFP DR8原厂规格图Features/Description/Compliance；Chrome视觉读回",网页未标日期；2026-10-03读取,2026-10-03,原厂目录/规格登记；逐型号当前量产尚未证明,产品页/规格书
R39,华工科技,800G OSFP DR8,MTRO-D5F6C,14 控制,管理接口：CMIS5.2；MCU型号和集成位置UNKNOWN,部分披露/有保留,"https://www.genuine-opto.com/dghfhdfghs/438.jhtml | 800G OSFP DR8产品页：型号正文
https://www.genuine-opto.com/uploadfile/cms/www/202404/18135648xbhl.jpg | 800G OSFP DR8原厂规格图Features/Description/Compliance；Chrome视觉读回",网页未标日期；2026-10-03读取,2026-10-03,原厂目录/规格登记；逐型号当前量产尚未证明,产品页/规格书
R39,华工科技,800G OSFP DR8,MTRO-D5F6C,15 非易失存储,待提取：本稿尚未取得该环节专项资料；不能据此断言厂商未披露,未提取/待检索,,网页未标日期；2026-10-03读取,2026-10-03,原厂目录/规格登记；逐型号当前量产尚未证明,产品页/规格书
R39,华工科技,800G OSFP DR8,MTRO-D5F6C,16 电源,待提取：本稿尚未取得该环节专项资料；不能据此断言厂商未披露,未提取/待检索,,网页未标日期；2026-10-03读取,2026-10-03,原厂目录/规格登记；逐型号当前量产尚未证明,产品页/规格书
R39,华工科技,800G OSFP DR8,MTRO-D5F6C,17 时钟,待提取：本稿尚未取得该环节专项资料；不能据此断言厂商未披露,未提取/待检索,,网页未标日期；2026-10-03读取,2026-10-03,原厂目录/规格登记；逐型号当前量产尚未证明,产品页/规格书
R39,华工科技,800G OSFP DR8,MTRO-D5F6C,18 无源电子件,待提取：本稿尚未取得该环节专项资料；不能据此断言厂商未披露,未提取/待检索,,网页未标日期；2026-10-03读取,2026-10-03,原厂目录/规格登记；逐型号当前量产尚未证明,产品页/规格书
R39,华工科技,800G OSFP DR8,MTRO-D5F6C,19 热管理,最大14W，Tcase=70°C；具体散热器、材料与热设计UNKNOWN,部分披露/有保留,"https://www.genuine-opto.com/dghfhdfghs/438.jhtml | 800G OSFP DR8产品页：型号正文
https://www.genuine-opto.com/uploadfile/cms/www/202404/18135648xbhl.jpg | 800G OSFP DR8原厂规格图Features/Description/Compliance；Chrome视觉读回",网页未标日期；2026-10-03读取,2026-10-03,原厂目录/规格登记；逐型号当前量产尚未证明,产品页/规格书
R39,华工科技,800G OSFP DR8,MTRO-D5F6C,20 总体封装,OSFP MSA5.0；2×MPO12-APC；CMIS5.2,厂商直接披露,"https://www.genuine-opto.com/dghfhdfghs/438.jhtml | 800G OSFP DR8产品页：型号正文
https://www.genuine-opto.com/uploadfile/cms/www/202404/18135648xbhl.jpg | 800G OSFP DR8原厂规格图Features/Description/Compliance；Chrome视觉读回",网页未标日期；2026-10-03读取,2026-10-03,原厂目录/规格登记；逐型号当前量产尚未证明,产品页/规格书
R40,华工科技,1.6T DR8 OSFP（200G DSP）,未列P/N,01 主机电接口,UNKNOWN：所核资料未列逐通道电接口,UNKNOWN,https://www.genuine-opto.com/dghfhdfghs/451.jhtml | 华工正源1.6T/200G per lane正文：2024送样计划,页面未标发布日期；正文为2024送样计划；2026-10-03读取,2026-10-03,正文说2024年准备推出/送样两类样机；不把旧计划升为当前逐型号量产,历史计划/待更新
R40,华工科技,1.6T DR8 OSFP（200G DSP）,未列P/N,02 PCB与电连接,待提取：本稿尚未取得该环节专项资料；不能据此断言厂商未披露,未提取/待检索,,页面未标发布日期；正文为2024送样计划；2026-10-03读取,2026-10-03,正文说2024年准备推出/送样两类样机；不把旧计划升为当前逐型号量产,历史计划/待更新
R40,华工科技,1.6T DR8 OSFP（200G DSP）,未列P/N,03 电处理,产品名称直接标with 200G DSP；芯片供应商、制程及主机通道映射未列,部分披露/有保留,https://www.genuine-opto.com/dghfhdfghs/451.jhtml | 华工正源1.6T/200G per lane正文：2024送样计划,页面未标发布日期；正文为2024送样计划；2026-10-03读取,2026-10-03,正文说2024年准备推出/送样两类样机；不把旧计划升为当前逐型号量产,历史计划/待更新
R40,华工科技,1.6T DR8 OSFP（200G DSP）,未列P/N,04 驱动,待提取：本稿尚未取得该环节专项资料；不能据此断言厂商未披露,未提取/待检索,,页面未标发布日期；正文为2024送样计划；2026-10-03读取,2026-10-03,正文说2024年准备推出/送样两类样机；不把旧计划升为当前逐型号量产,历史计划/待更新
R40,华工科技,1.6T DR8 OSFP（200G DSP）,未列P/N,05 发光与调制,自研硅光芯片；TFLN调制器/量子点激光器为兼容平台，不能写成各型号已采用,厂商直接披露,https://www.genuine-opto.com/dghfhdfghs/451.jhtml | 华工正源1.6T/200G per lane正文：2024送样计划,页面未标发布日期；正文为2024送样计划；2026-10-03读取,2026-10-03,正文说2024年准备推出/送样两类样机；不把旧计划升为当前逐型号量产,历史计划/待更新
R40,华工科技,1.6T DR8 OSFP（200G DSP）,未列P/N,06 载体与芯片互连,待提取：本稿尚未取得该环节专项资料；不能据此断言厂商未披露,未提取/待检索,,页面未标发布日期；正文为2024送样计划；2026-10-03读取,2026-10-03,正文说2024年准备推出/送样两类样机；不把旧计划升为当前逐型号量产,历史计划/待更新
R40,华工科技,1.6T DR8 OSFP（200G DSP）,未列P/N,07 发射耦合,待提取：本稿尚未取得该环节专项资料；不能据此断言厂商未披露,未提取/待检索,,页面未标发布日期；正文为2024送样计划；2026-10-03读取,2026-10-03,正文说2024年准备推出/送样两类样机；不把旧计划升为当前逐型号量产,历史计划/待更新
R40,华工科技,1.6T DR8 OSFP（200G DSP）,未列P/N,08 合波,UNKNOWN：所核资料未列内部合分波器件,UNKNOWN,https://www.genuine-opto.com/dghfhdfghs/451.jhtml | 华工正源1.6T/200G per lane正文：2024送样计划,页面未标发布日期；正文为2024送样计划；2026-10-03读取,2026-10-03,正文说2024年准备推出/送样两类样机；不把旧计划升为当前逐型号量产,历史计划/待更新
R40,华工科技,1.6T DR8 OSFP（200G DSP）,未列P/N,09 外部光接口,1310nm；212.5Gbps PAM4/光通道；正文未列完整通道表；距离：UNKNOWN：所核资料未列距离；光纤接口见封装字段：OSFP；具体光连接器未列,部分披露/有保留,https://www.genuine-opto.com/dghfhdfghs/451.jhtml | 华工正源1.6T/200G per lane正文：2024送样计划,页面未标发布日期；正文为2024送样计划；2026-10-03读取,2026-10-03,正文说2024年准备推出/送样两类样机；不把旧计划升为当前逐型号量产,历史计划/待更新
R40,华工科技,1.6T DR8 OSFP（200G DSP）,未列P/N,10 分波,UNKNOWN：所核资料未列内部合分波器件,UNKNOWN,https://www.genuine-opto.com/dghfhdfghs/451.jhtml | 华工正源1.6T/200G per lane正文：2024送样计划,页面未标发布日期；正文为2024送样计划；2026-10-03读取,2026-10-03,正文说2024年准备推出/送样两类样机；不把旧计划升为当前逐型号量产,历史计划/待更新
R40,华工科技,1.6T DR8 OSFP（200G DSP）,未列P/N,11 接收耦合,待提取：本稿尚未取得该环节专项资料；不能据此断言厂商未披露,未提取/待检索,,页面未标发布日期；正文为2024送样计划；2026-10-03读取,2026-10-03,正文说2024年准备推出/送样两类样机；不把旧计划升为当前逐型号量产,历史计划/待更新
R40,华工科技,1.6T DR8 OSFP（200G DSP）,未列P/N,12 探测器,UNKNOWN：所核资料未列PD/TIA（探测器与接收放大联合披露，未给出部分保持UNKNOWN）,UNKNOWN,https://www.genuine-opto.com/dghfhdfghs/451.jhtml | 华工正源1.6T/200G per lane正文：2024送样计划,页面未标发布日期；正文为2024送样计划；2026-10-03读取,2026-10-03,正文说2024年准备推出/送样两类样机；不把旧计划升为当前逐型号量产,历史计划/待更新
R40,华工科技,1.6T DR8 OSFP（200G DSP）,未列P/N,13 接收放大,UNKNOWN：所核资料未列PD/TIA（探测器与接收放大联合披露，未给出部分保持UNKNOWN）,UNKNOWN,https://www.genuine-opto.com/dghfhdfghs/451.jhtml | 华工正源1.6T/200G per lane正文：2024送样计划,页面未标发布日期；正文为2024送样计划；2026-10-03读取,2026-10-03,正文说2024年准备推出/送样两类样机；不把旧计划升为当前逐型号量产,历史计划/待更新
R40,华工科技,1.6T DR8 OSFP（200G DSP）,未列P/N,14 控制,待提取：本稿尚未取得该环节专项资料；不能据此断言厂商未披露,未提取/待检索,,页面未标发布日期；正文为2024送样计划；2026-10-03读取,2026-10-03,正文说2024年准备推出/送样两类样机；不把旧计划升为当前逐型号量产,历史计划/待更新
R40,华工科技,1.6T DR8 OSFP（200G DSP）,未列P/N,15 非易失存储,待提取：本稿尚未取得该环节专项资料；不能据此断言厂商未披露,未提取/待检索,,页面未标发布日期；正文为2024送样计划；2026-10-03读取,2026-10-03,正文说2024年准备推出/送样两类样机；不把旧计划升为当前逐型号量产,历史计划/待更新
R40,华工科技,1.6T DR8 OSFP（200G DSP）,未列P/N,16 电源,待提取：本稿尚未取得该环节专项资料；不能据此断言厂商未披露,未提取/待检索,,页面未标发布日期；正文为2024送样计划；2026-10-03读取,2026-10-03,正文说2024年准备推出/送样两类样机；不把旧计划升为当前逐型号量产,历史计划/待更新
R40,华工科技,1.6T DR8 OSFP（200G DSP）,未列P/N,17 时钟,待提取：本稿尚未取得该环节专项资料；不能据此断言厂商未披露,未提取/待检索,,页面未标发布日期；正文为2024送样计划；2026-10-03读取,2026-10-03,正文说2024年准备推出/送样两类样机；不把旧计划升为当前逐型号量产,历史计划/待更新
R40,华工科技,1.6T DR8 OSFP（200G DSP）,未列P/N,18 无源电子件,待提取：本稿尚未取得该环节专项资料；不能据此断言厂商未披露,未提取/待检索,,页面未标发布日期；正文为2024送样计划；2026-10-03读取,2026-10-03,正文说2024年准备推出/送样两类样机；不把旧计划升为当前逐型号量产,历史计划/待更新
R40,华工科技,1.6T DR8 OSFP（200G DSP）,未列P/N,19 热管理,UNKNOWN：所核资料未列功耗；具体散热器、材料与热设计UNKNOWN,UNKNOWN,https://www.genuine-opto.com/dghfhdfghs/451.jhtml | 华工正源1.6T/200G per lane正文：2024送样计划,页面未标发布日期；正文为2024送样计划；2026-10-03读取,2026-10-03,正文说2024年准备推出/送样两类样机；不把旧计划升为当前逐型号量产,历史计划/待更新
R40,华工科技,1.6T DR8 OSFP（200G DSP）,未列P/N,20 总体封装,OSFP；具体光连接器未列,部分披露/有保留,https://www.genuine-opto.com/dghfhdfghs/451.jhtml | 华工正源1.6T/200G per lane正文：2024送样计划,页面未标发布日期；正文为2024送样计划；2026-10-03读取,2026-10-03,正文说2024年准备推出/送样两类样机；不把旧计划升为当前逐型号量产,历史计划/待更新
R41,华工科技,800G硅光LPO系列,年报未列P/N,01 主机电接口,UNKNOWN：所核资料未列逐通道电接口,UNKNOWN,https://static.cninfo.com.cn/finalpage/2026-03-26/1225031509.PDF | 华工科技2025年报；既有P209/P210/P211/P212原文锚,2026-03-26；既有账本原文锚，本轮未重取其全部正文,2026-10-03,2025年报直接自述系列规模化交付；不扩展为全部官网800G型号量产,产品族披露
R41,华工科技,800G硅光LPO系列,年报未列P/N,02 PCB与电连接,待提取：本稿尚未取得该环节专项资料；不能据此断言厂商未披露,未提取/待检索,,2026-03-26；既有账本原文锚，本轮未重取其全部正文,2026-10-03,2025年报直接自述系列规模化交付；不扩展为全部官网800G型号量产,产品族披露
R41,华工科技,800G硅光LPO系列,年报未列P/N,03 电处理,LPO产品族直接命名；线性电处理的具体driver/TIA型号未列,部分披露/有保留,https://static.cninfo.com.cn/finalpage/2026-03-26/1225031509.PDF | 华工科技2025年报；既有P209/P210/P211/P212原文锚,2026-03-26；既有账本原文锚，本轮未重取其全部正文,2026-10-03,2025年报直接自述系列规模化交付；不扩展为全部官网800G型号量产,产品族披露
R41,华工科技,800G硅光LPO系列,年报未列P/N,04 驱动,LPO产品族直接命名；线性电处理的具体driver/TIA型号未列（本项仅提取驱动相关披露）,部分披露/有保留,https://static.cninfo.com.cn/finalpage/2026-03-26/1225031509.PDF | 华工科技2025年报；既有P209/P210/P211/P212原文锚,2026-03-26；既有账本原文锚，本轮未重取其全部正文,2026-10-03,2025年报直接自述系列规模化交付；不扩展为全部官网800G型号量产,产品族披露
R41,华工科技,800G硅光LPO系列,年报未列P/N,05 发光与调制,硅光平台直接披露；CW光源型号/数量、调制器结构未列,部分披露/有保留,https://static.cninfo.com.cn/finalpage/2026-03-26/1225031509.PDF | 华工科技2025年报；既有P209/P210/P211/P212原文锚,2026-03-26；既有账本原文锚，本轮未重取其全部正文,2026-10-03,2025年报直接自述系列规模化交付；不扩展为全部官网800G型号量产,产品族披露
R41,华工科技,800G硅光LPO系列,年报未列P/N,06 载体与芯片互连,待提取：本稿尚未取得该环节专项资料；不能据此断言厂商未披露,未提取/待检索,,2026-03-26；既有账本原文锚，本轮未重取其全部正文,2026-10-03,2025年报直接自述系列规模化交付；不扩展为全部官网800G型号量产,产品族披露
R41,华工科技,800G硅光LPO系列,年报未列P/N,07 发射耦合,待提取：本稿尚未取得该环节专项资料；不能据此断言厂商未披露,未提取/待检索,,2026-03-26；既有账本原文锚，本轮未重取其全部正文,2026-10-03,2025年报直接自述系列规模化交付；不扩展为全部官网800G型号量产,产品族披露
R41,华工科技,800G硅光LPO系列,年报未列P/N,08 合波,UNKNOWN：所核资料未列内部合分波器件,UNKNOWN,https://static.cninfo.com.cn/finalpage/2026-03-26/1225031509.PDF | 华工科技2025年报；既有P209/P210/P211/P212原文锚,2026-03-26；既有账本原文锚，本轮未重取其全部正文,2026-10-03,2025年报直接自述系列规模化交付；不扩展为全部官网800G型号量产,产品族披露
R41,华工科技,800G硅光LPO系列,年报未列P/N,09 外部光接口,UNKNOWN：所核资料未列逐通道光接口；距离：UNKNOWN：所核资料未列距离；光纤接口见封装字段：UNKNOWN：所核资料未列封装和连接器,UNKNOWN,https://static.cninfo.com.cn/finalpage/2026-03-26/1225031509.PDF | 华工科技2025年报；既有P209/P210/P211/P212原文锚,2026-03-26；既有账本原文锚，本轮未重取其全部正文,2026-10-03,2025年报直接自述系列规模化交付；不扩展为全部官网800G型号量产,产品族披露
R41,华工科技,800G硅光LPO系列,年报未列P/N,10 分波,UNKNOWN：所核资料未列内部合分波器件,UNKNOWN,https://static.cninfo.com.cn/finalpage/2026-03-26/1225031509.PDF | 华工科技2025年报；既有P209/P210/P211/P212原文锚,2026-03-26；既有账本原文锚，本轮未重取其全部正文,2026-10-03,2025年报直接自述系列规模化交付；不扩展为全部官网800G型号量产,产品族披露
R41,华工科技,800G硅光LPO系列,年报未列P/N,11 接收耦合,待提取：本稿尚未取得该环节专项资料；不能据此断言厂商未披露,未提取/待检索,,2026-03-26；既有账本原文锚，本轮未重取其全部正文,2026-10-03,2025年报直接自述系列规模化交付；不扩展为全部官网800G型号量产,产品族披露
R41,华工科技,800G硅光LPO系列,年报未列P/N,12 探测器,UNKNOWN：所核资料未列PD/TIA（探测器与接收放大联合披露，未给出部分保持UNKNOWN）,UNKNOWN,https://static.cninfo.com.cn/finalpage/2026-03-26/1225031509.PDF | 华工科技2025年报；既有P209/P210/P211/P212原文锚,2026-03-26；既有账本原文锚，本轮未重取其全部正文,2026-10-03,2025年报直接自述系列规模化交付；不扩展为全部官网800G型号量产,产品族披露
R41,华工科技,800G硅光LPO系列,年报未列P/N,13 接收放大,UNKNOWN：所核资料未列PD/TIA（探测器与接收放大联合披露，未给出部分保持UNKNOWN）,UNKNOWN,https://static.cninfo.com.cn/finalpage/2026-03-26/1225031509.PDF | 华工科技2025年报；既有P209/P210/P211/P212原文锚,2026-03-26；既有账本原文锚，本轮未重取其全部正文,2026-10-03,2025年报直接自述系列规模化交付；不扩展为全部官网800G型号量产,产品族披露
R41,华工科技,800G硅光LPO系列,年报未列P/N,14 控制,待提取：本稿尚未取得该环节专项资料；不能据此断言厂商未披露,未提取/待检索,,2026-03-26；既有账本原文锚，本轮未重取其全部正文,2026-10-03,2025年报直接自述系列规模化交付；不扩展为全部官网800G型号量产,产品族披露
R41,华工科技,800G硅光LPO系列,年报未列P/N,15 非易失存储,待提取：本稿尚未取得该环节专项资料；不能据此断言厂商未披露,未提取/待检索,,2026-03-26；既有账本原文锚，本轮未重取其全部正文,2026-10-03,2025年报直接自述系列规模化交付；不扩展为全部官网800G型号量产,产品族披露
R41,华工科技,800G硅光LPO系列,年报未列P/N,16 电源,待提取：本稿尚未取得该环节专项资料；不能据此断言厂商未披露,未提取/待检索,,2026-03-26；既有账本原文锚，本轮未重取其全部正文,2026-10-03,2025年报直接自述系列规模化交付；不扩展为全部官网800G型号量产,产品族披露
R41,华工科技,800G硅光LPO系列,年报未列P/N,17 时钟,待提取：本稿尚未取得该环节专项资料；不能据此断言厂商未披露,未提取/待检索,,2026-03-26；既有账本原文锚，本轮未重取其全部正文,2026-10-03,2025年报直接自述系列规模化交付；不扩展为全部官网800G型号量产,产品族披露
R41,华工科技,800G硅光LPO系列,年报未列P/N,18 无源电子件,待提取：本稿尚未取得该环节专项资料；不能据此断言厂商未披露,未提取/待检索,,2026-03-26；既有账本原文锚，本轮未重取其全部正文,2026-10-03,2025年报直接自述系列规模化交付；不扩展为全部官网800G型号量产,产品族披露
R41,华工科技,800G硅光LPO系列,年报未列P/N,19 热管理,UNKNOWN：所核资料未列功耗；具体散热器、材料与热设计UNKNOWN,UNKNOWN,https://static.cninfo.com.cn/finalpage/2026-03-26/1225031509.PDF | 华工科技2025年报；既有P209/P210/P211/P212原文锚,2026-03-26；既有账本原文锚，本轮未重取其全部正文,2026-10-03,2025年报直接自述系列规模化交付；不扩展为全部官网800G型号量产,产品族披露
R41,华工科技,800G硅光LPO系列,年报未列P/N,20 总体封装,UNKNOWN：所核资料未列封装和连接器,UNKNOWN,https://static.cninfo.com.cn/finalpage/2026-03-26/1225031509.PDF | 华工科技2025年报；既有P209/P210/P211/P212原文锚,2026-03-26；既有账本原文锚，本轮未重取其全部正文,2026-10-03,2025年报直接自述系列规模化交付；不扩展为全部官网800G型号量产,产品族披露
R42,联特科技,800G OSFP 2×FR4 SiPho LPO,年报产品族，无P/N,01 主机电接口,UNKNOWN：所核资料未列逐通道电接口,UNKNOWN,https://disc.static.szse.cn/disc/disk03/finalpage/2026-04-29/eca187bd-8949-4a99-a323-fc77b30260b7.pdf | 联特科技2025年报：印刷p12–13产品表，p21研发阶段（PDF页11–12/20）,2026-04-29；2026-10-03定向读取,2026-10-03,2025年报已登记本配置；单波100G的800G/400G多方案族已规模化量产，但未逐项证明本配置量产,产品族披露
R42,联特科技,800G OSFP 2×FR4 SiPho LPO,年报产品族，无P/N,02 PCB与电连接,待提取：本稿尚未取得该环节专项资料；不能据此断言厂商未披露,未提取/待检索,,2026-04-29；2026-10-03定向读取,2026-10-03,2025年报已登记本配置；单波100G的800G/400G多方案族已规模化量产，但未逐项证明本配置量产,产品族披露
R42,联特科技,800G OSFP 2×FR4 SiPho LPO,年报产品族，无P/N,03 电处理,LPO，原厂产品表直接命名；具体线性driver/TIA及主机均衡配合未列,部分披露/有保留,https://disc.static.szse.cn/disc/disk03/finalpage/2026-04-29/eca187bd-8949-4a99-a323-fc77b30260b7.pdf | 联特科技2025年报：印刷p12–13产品表，p21研发阶段（PDF页11–12/20）,2026-04-29；2026-10-03定向读取,2026-10-03,2025年报已登记本配置；单波100G的800G/400G多方案族已规模化量产，但未逐项证明本配置量产,产品族披露
R42,联特科技,800G OSFP 2×FR4 SiPho LPO,年报产品族，无P/N,04 驱动,LPO，原厂产品表直接命名；具体线性driver/TIA及主机均衡配合未列（本项仅提取驱动相关披露）,部分披露/有保留,https://disc.static.szse.cn/disc/disk03/finalpage/2026-04-29/eca187bd-8949-4a99-a323-fc77b30260b7.pdf | 联特科技2025年报：印刷p12–13产品表，p21研发阶段（PDF页11–12/20）,2026-04-29；2026-10-03定向读取,2026-10-03,2025年报已登记本配置；单波100G的800G/400G多方案族已规模化量产，但未逐项证明本配置量产,产品族披露
R42,联特科技,800G OSFP 2×FR4 SiPho LPO,年报产品族，无P/N,05 发光与调制,SiPho硅光平台，原厂产品表直接命名；激光器类型/数量未列,部分披露/有保留,https://disc.static.szse.cn/disc/disk03/finalpage/2026-04-29/eca187bd-8949-4a99-a323-fc77b30260b7.pdf | 联特科技2025年报：印刷p12–13产品表，p21研发阶段（PDF页11–12/20）,2026-04-29；2026-10-03定向读取,2026-10-03,2025年报已登记本配置；单波100G的800G/400G多方案族已规模化量产，但未逐项证明本配置量产,产品族披露
R42,联特科技,800G OSFP 2×FR4 SiPho LPO,年报产品族，无P/N,06 载体与芯片互连,待提取：本稿尚未取得该环节专项资料；不能据此断言厂商未披露,未提取/待检索,,2026-04-29；2026-10-03定向读取,2026-10-03,2025年报已登记本配置；单波100G的800G/400G多方案族已规模化量产，但未逐项证明本配置量产,产品族披露
R42,联特科技,800G OSFP 2×FR4 SiPho LPO,年报产品族，无P/N,07 发射耦合,待提取：本稿尚未取得该环节专项资料；不能据此断言厂商未披露,未提取/待检索,,2026-04-29；2026-10-03定向读取,2026-10-03,2025年报已登记本配置；单波100G的800G/400G多方案族已规模化量产，但未逐项证明本配置量产,产品族披露
R42,联特科技,800G OSFP 2×FR4 SiPho LPO,年报产品族，无P/N,08 合波,两组四波长合分波是命名与波长的功能解释；MUX/DEMUX工艺未列,含工程推断，待型号规格确认,https://disc.static.szse.cn/disc/disk03/finalpage/2026-04-29/eca187bd-8949-4a99-a323-fc77b30260b7.pdf | 联特科技2025年报：印刷p12–13产品表，p21研发阶段（PDF页11–12/20）,2026-04-29；2026-10-03定向读取,2026-10-03,2025年报已登记本配置；单波100G的800G/400G多方案族已规模化量产，但未逐项证明本配置量产,产品族披露
R42,联特科技,800G OSFP 2×FR4 SiPho LPO,年报产品族，无P/N,09 外部光接口,两组FR4；表列1271/1291/1311/1331nm；距离：2km；光纤接口见封装字段：OSFP；光连接器/散热版本未在产品表列出,厂商直接披露,https://disc.static.szse.cn/disc/disk03/finalpage/2026-04-29/eca187bd-8949-4a99-a323-fc77b30260b7.pdf | 联特科技2025年报：印刷p12–13产品表，p21研发阶段（PDF页11–12/20）,2026-04-29；2026-10-03定向读取,2026-10-03,2025年报已登记本配置；单波100G的800G/400G多方案族已规模化量产，但未逐项证明本配置量产,产品族披露
R42,联特科技,800G OSFP 2×FR4 SiPho LPO,年报产品族，无P/N,10 分波,两组四波长合分波是命名与波长的功能解释；MUX/DEMUX工艺未列,含工程推断，待型号规格确认,https://disc.static.szse.cn/disc/disk03/finalpage/2026-04-29/eca187bd-8949-4a99-a323-fc77b30260b7.pdf | 联特科技2025年报：印刷p12–13产品表，p21研发阶段（PDF页11–12/20）,2026-04-29；2026-10-03定向读取,2026-10-03,2025年报已登记本配置；单波100G的800G/400G多方案族已规模化量产，但未逐项证明本配置量产,产品族披露
R42,联特科技,800G OSFP 2×FR4 SiPho LPO,年报产品族，无P/N,11 接收耦合,待提取：本稿尚未取得该环节专项资料；不能据此断言厂商未披露,未提取/待检索,,2026-04-29；2026-10-03定向读取,2026-10-03,2025年报已登记本配置；单波100G的800G/400G多方案族已规模化量产，但未逐项证明本配置量产,产品族披露
R42,联特科技,800G OSFP 2×FR4 SiPho LPO,年报产品族，无P/N,12 探测器,UNKNOWN：所核资料未列PD/TIA（探测器与接收放大联合披露，未给出部分保持UNKNOWN）,UNKNOWN,https://disc.static.szse.cn/disc/disk03/finalpage/2026-04-29/eca187bd-8949-4a99-a323-fc77b30260b7.pdf | 联特科技2025年报：印刷p12–13产品表，p21研发阶段（PDF页11–12/20）,2026-04-29；2026-10-03定向读取,2026-10-03,2025年报已登记本配置；单波100G的800G/400G多方案族已规模化量产，但未逐项证明本配置量产,产品族披露
R42,联特科技,800G OSFP 2×FR4 SiPho LPO,年报产品族，无P/N,13 接收放大,UNKNOWN：所核资料未列PD/TIA（探测器与接收放大联合披露，未给出部分保持UNKNOWN）,UNKNOWN,https://disc.static.szse.cn/disc/disk03/finalpage/2026-04-29/eca187bd-8949-4a99-a323-fc77b30260b7.pdf | 联特科技2025年报：印刷p12–13产品表，p21研发阶段（PDF页11–12/20）,2026-04-29；2026-10-03定向读取,2026-10-03,2025年报已登记本配置；单波100G的800G/400G多方案族已规模化量产，但未逐项证明本配置量产,产品族披露
R42,联特科技,800G OSFP 2×FR4 SiPho LPO,年报产品族，无P/N,14 控制,待提取：本稿尚未取得该环节专项资料；不能据此断言厂商未披露,未提取/待检索,,2026-04-29；2026-10-03定向读取,2026-10-03,2025年报已登记本配置；单波100G的800G/400G多方案族已规模化量产，但未逐项证明本配置量产,产品族披露
R42,联特科技,800G OSFP 2×FR4 SiPho LPO,年报产品族，无P/N,15 非易失存储,待提取：本稿尚未取得该环节专项资料；不能据此断言厂商未披露,未提取/待检索,,2026-04-29；2026-10-03定向读取,2026-10-03,2025年报已登记本配置；单波100G的800G/400G多方案族已规模化量产，但未逐项证明本配置量产,产品族披露
R42,联特科技,800G OSFP 2×FR4 SiPho LPO,年报产品族，无P/N,16 电源,待提取：本稿尚未取得该环节专项资料；不能据此断言厂商未披露,未提取/待检索,,2026-04-29；2026-10-03定向读取,2026-10-03,2025年报已登记本配置；单波100G的800G/400G多方案族已规模化量产，但未逐项证明本配置量产,产品族披露
R42,联特科技,800G OSFP 2×FR4 SiPho LPO,年报产品族，无P/N,17 时钟,待提取：本稿尚未取得该环节专项资料；不能据此断言厂商未披露,未提取/待检索,,2026-04-29；2026-10-03定向读取,2026-10-03,2025年报已登记本配置；单波100G的800G/400G多方案族已规模化量产，但未逐项证明本配置量产,产品族披露
R42,联特科技,800G OSFP 2×FR4 SiPho LPO,年报产品族，无P/N,18 无源电子件,待提取：本稿尚未取得该环节专项资料；不能据此断言厂商未披露,未提取/待检索,,2026-04-29；2026-10-03定向读取,2026-10-03,2025年报已登记本配置；单波100G的800G/400G多方案族已规模化量产，但未逐项证明本配置量产,产品族披露
R42,联特科技,800G OSFP 2×FR4 SiPho LPO,年报产品族，无P/N,19 热管理,UNKNOWN：所核资料未列功耗；具体散热器、材料与热设计UNKNOWN,UNKNOWN,https://disc.static.szse.cn/disc/disk03/finalpage/2026-04-29/eca187bd-8949-4a99-a323-fc77b30260b7.pdf | 联特科技2025年报：印刷p12–13产品表，p21研发阶段（PDF页11–12/20）,2026-04-29；2026-10-03定向读取,2026-10-03,2025年报已登记本配置；单波100G的800G/400G多方案族已规模化量产，但未逐项证明本配置量产,产品族披露
R42,联特科技,800G OSFP 2×FR4 SiPho LPO,年报产品族，无P/N,20 总体封装,OSFP；光连接器/散热版本未在产品表列出,厂商直接披露,https://disc.static.szse.cn/disc/disk03/finalpage/2026-04-29/eca187bd-8949-4a99-a323-fc77b30260b7.pdf | 联特科技2025年报：印刷p12–13产品表，p21研发阶段（PDF页11–12/20）,2026-04-29；2026-10-03定向读取,2026-10-03,2025年报已登记本配置；单波100G的800G/400G多方案族已规模化量产，但未逐项证明本配置量产,产品族披露
R43,联特科技,800G OSFP 2DR4 TFLN,年报产品族，无P/N,01 主机电接口,UNKNOWN：所核资料未列逐通道电接口,UNKNOWN,https://disc.static.szse.cn/disc/disk03/finalpage/2026-04-29/eca187bd-8949-4a99-a323-fc77b30260b7.pdf | 联特科技2025年报：印刷p12–13产品表，p21研发阶段（PDF页11–12/20）,2026-04-29；2026-10-03定向读取,2026-10-03,2025年报已登记本配置；800G/400G多方案族量产口径未明确拆到TFLN本配置,产品族披露
R43,联特科技,800G OSFP 2DR4 TFLN,年报产品族，无P/N,02 PCB与电连接,待提取：本稿尚未取得该环节专项资料；不能据此断言厂商未披露,未提取/待检索,,2026-04-29；2026-10-03定向读取,2026-10-03,2025年报已登记本配置；800G/400G多方案族量产口径未明确拆到TFLN本配置,产品族披露
R43,联特科技,800G OSFP 2DR4 TFLN,年报产品族，无P/N,03 电处理,UNKNOWN：所核资料未列电处理架构或芯片,UNKNOWN,https://disc.static.szse.cn/disc/disk03/finalpage/2026-04-29/eca187bd-8949-4a99-a323-fc77b30260b7.pdf | 联特科技2025年报：印刷p12–13产品表，p21研发阶段（PDF页11–12/20）,2026-04-29；2026-10-03定向读取,2026-10-03,2025年报已登记本配置；800G/400G多方案族量产口径未明确拆到TFLN本配置,产品族披露
R43,联特科技,800G OSFP 2DR4 TFLN,年报产品族，无P/N,04 驱动,待提取：本稿尚未取得该环节专项资料；不能据此断言厂商未披露,未提取/待检索,,2026-04-29；2026-10-03定向读取,2026-10-03,2025年报已登记本配置；800G/400G多方案族量产口径未明确拆到TFLN本配置,产品族披露
R43,联特科技,800G OSFP 2DR4 TFLN,年报产品族，无P/N,05 发光与调制,TFLN薄膜铌酸锂调制平台，表名直接披露；配用CW光源未列,部分披露/有保留,https://disc.static.szse.cn/disc/disk03/finalpage/2026-04-29/eca187bd-8949-4a99-a323-fc77b30260b7.pdf | 联特科技2025年报：印刷p12–13产品表，p21研发阶段（PDF页11–12/20）,2026-04-29；2026-10-03定向读取,2026-10-03,2025年报已登记本配置；800G/400G多方案族量产口径未明确拆到TFLN本配置,产品族披露
R43,联特科技,800G OSFP 2DR4 TFLN,年报产品族，无P/N,06 载体与芯片互连,待提取：本稿尚未取得该环节专项资料；不能据此断言厂商未披露,未提取/待检索,,2026-04-29；2026-10-03定向读取,2026-10-03,2025年报已登记本配置；800G/400G多方案族量产口径未明确拆到TFLN本配置,产品族披露
R43,联特科技,800G OSFP 2DR4 TFLN,年报产品族，无P/N,07 发射耦合,待提取：本稿尚未取得该环节专项资料；不能据此断言厂商未披露,未提取/待检索,,2026-04-29；2026-10-03定向读取,2026-10-03,2025年报已登记本配置；800G/400G多方案族量产口径未明确拆到TFLN本配置,产品族披露
R43,联特科技,800G OSFP 2DR4 TFLN,年报产品族，无P/N,08 合波,并行2DR4；无波长合分波需求是功能解释；内部光学件未列,含工程推断，待型号规格确认,https://disc.static.szse.cn/disc/disk03/finalpage/2026-04-29/eca187bd-8949-4a99-a323-fc77b30260b7.pdf | 联特科技2025年报：印刷p12–13产品表，p21研发阶段（PDF页11–12/20）,2026-04-29；2026-10-03定向读取,2026-10-03,2025年报已登记本配置；800G/400G多方案族量产口径未明确拆到TFLN本配置,产品族披露
R43,联特科技,800G OSFP 2DR4 TFLN,年报产品族，无P/N,09 外部光接口,2DR4并行；表列1311nm；距离：500m；光纤接口见封装字段：OSFP；光连接器/散热版本未在产品表列出,厂商直接披露,https://disc.static.szse.cn/disc/disk03/finalpage/2026-04-29/eca187bd-8949-4a99-a323-fc77b30260b7.pdf | 联特科技2025年报：印刷p12–13产品表，p21研发阶段（PDF页11–12/20）,2026-04-29；2026-10-03定向读取,2026-10-03,2025年报已登记本配置；800G/400G多方案族量产口径未明确拆到TFLN本配置,产品族披露
R43,联特科技,800G OSFP 2DR4 TFLN,年报产品族，无P/N,10 分波,并行2DR4；无波长合分波需求是功能解释；内部光学件未列,含工程推断，待型号规格确认,https://disc.static.szse.cn/disc/disk03/finalpage/2026-04-29/eca187bd-8949-4a99-a323-fc77b30260b7.pdf | 联特科技2025年报：印刷p12–13产品表，p21研发阶段（PDF页11–12/20）,2026-04-29；2026-10-03定向读取,2026-10-03,2025年报已登记本配置；800G/400G多方案族量产口径未明确拆到TFLN本配置,产品族披露
R43,联特科技,800G OSFP 2DR4 TFLN,年报产品族，无P/N,11 接收耦合,待提取：本稿尚未取得该环节专项资料；不能据此断言厂商未披露,未提取/待检索,,2026-04-29；2026-10-03定向读取,2026-10-03,2025年报已登记本配置；800G/400G多方案族量产口径未明确拆到TFLN本配置,产品族披露
R43,联特科技,800G OSFP 2DR4 TFLN,年报产品族，无P/N,12 探测器,UNKNOWN：所核资料未列PD/TIA（探测器与接收放大联合披露，未给出部分保持UNKNOWN）,UNKNOWN,https://disc.static.szse.cn/disc/disk03/finalpage/2026-04-29/eca187bd-8949-4a99-a323-fc77b30260b7.pdf | 联特科技2025年报：印刷p12–13产品表，p21研发阶段（PDF页11–12/20）,2026-04-29；2026-10-03定向读取,2026-10-03,2025年报已登记本配置；800G/400G多方案族量产口径未明确拆到TFLN本配置,产品族披露
R43,联特科技,800G OSFP 2DR4 TFLN,年报产品族，无P/N,13 接收放大,UNKNOWN：所核资料未列PD/TIA（探测器与接收放大联合披露，未给出部分保持UNKNOWN）,UNKNOWN,https://disc.static.szse.cn/disc/disk03/finalpage/2026-04-29/eca187bd-8949-4a99-a323-fc77b30260b7.pdf | 联特科技2025年报：印刷p12–13产品表，p21研发阶段（PDF页11–12/20）,2026-04-29；2026-10-03定向读取,2026-10-03,2025年报已登记本配置；800G/400G多方案族量产口径未明确拆到TFLN本配置,产品族披露
R43,联特科技,800G OSFP 2DR4 TFLN,年报产品族，无P/N,14 控制,待提取：本稿尚未取得该环节专项资料；不能据此断言厂商未披露,未提取/待检索,,2026-04-29；2026-10-03定向读取,2026-10-03,2025年报已登记本配置；800G/400G多方案族量产口径未明确拆到TFLN本配置,产品族披露
R43,联特科技,800G OSFP 2DR4 TFLN,年报产品族，无P/N,15 非易失存储,待提取：本稿尚未取得该环节专项资料；不能据此断言厂商未披露,未提取/待检索,,2026-04-29；2026-10-03定向读取,2026-10-03,2025年报已登记本配置；800G/400G多方案族量产口径未明确拆到TFLN本配置,产品族披露
R43,联特科技,800G OSFP 2DR4 TFLN,年报产品族，无P/N,16 电源,待提取：本稿尚未取得该环节专项资料；不能据此断言厂商未披露,未提取/待检索,,2026-04-29；2026-10-03定向读取,2026-10-03,2025年报已登记本配置；800G/400G多方案族量产口径未明确拆到TFLN本配置,产品族披露
R43,联特科技,800G OSFP 2DR4 TFLN,年报产品族，无P/N,17 时钟,待提取：本稿尚未取得该环节专项资料；不能据此断言厂商未披露,未提取/待检索,,2026-04-29；2026-10-03定向读取,2026-10-03,2025年报已登记本配置；800G/400G多方案族量产口径未明确拆到TFLN本配置,产品族披露
R43,联特科技,800G OSFP 2DR4 TFLN,年报产品族，无P/N,18 无源电子件,待提取：本稿尚未取得该环节专项资料；不能据此断言厂商未披露,未提取/待检索,,2026-04-29；2026-10-03定向读取,2026-10-03,2025年报已登记本配置；800G/400G多方案族量产口径未明确拆到TFLN本配置,产品族披露
R43,联特科技,800G OSFP 2DR4 TFLN,年报产品族，无P/N,19 热管理,UNKNOWN：所核资料未列功耗；具体散热器、材料与热设计UNKNOWN,UNKNOWN,https://disc.static.szse.cn/disc/disk03/finalpage/2026-04-29/eca187bd-8949-4a99-a323-fc77b30260b7.pdf | 联特科技2025年报：印刷p12–13产品表，p21研发阶段（PDF页11–12/20）,2026-04-29；2026-10-03定向读取,2026-10-03,2025年报已登记本配置；800G/400G多方案族量产口径未明确拆到TFLN本配置,产品族披露
R43,联特科技,800G OSFP 2DR4 TFLN,年报产品族，无P/N,20 总体封装,OSFP；光连接器/散热版本未在产品表列出,厂商直接披露,https://disc.static.szse.cn/disc/disk03/finalpage/2026-04-29/eca187bd-8949-4a99-a323-fc77b30260b7.pdf | 联特科技2025年报：印刷p12–13产品表，p21研发阶段（PDF页11–12/20）,2026-04-29；2026-10-03定向读取,2026-10-03,2025年报已登记本配置；800G/400G多方案族量产口径未明确拆到TFLN本配置,产品族披露
R44,联特科技,1.6T OSFP 2FR4 LRO,年报产品族，无P/N,01 主机电接口,UNKNOWN：所核资料未列逐通道电接口,UNKNOWN,https://disc.static.szse.cn/disc/disk03/finalpage/2026-04-29/eca187bd-8949-4a99-a323-fc77b30260b7.pdf | 联特科技2025年报：印刷p12–13产品表，p21研发阶段（PDF页11–12/20）,2026-04-29；2026-10-03定向读取,2026-10-03,2025年报说单波200G的1.6T FRO/LRO/LPO部分项目由样机转小批量试产并送客户验证；本配置未单独给完成阶段,产品族披露
R44,联特科技,1.6T OSFP 2FR4 LRO,年报产品族，无P/N,02 PCB与电连接,待提取：本稿尚未取得该环节专项资料；不能据此断言厂商未披露,未提取/待检索,,2026-04-29；2026-10-03定向读取,2026-10-03,2025年报说单波200G的1.6T FRO/LRO/LPO部分项目由样机转小批量试产并送客户验证；本配置未单独给完成阶段,产品族披露
R44,联特科技,1.6T OSFP 2FR4 LRO,年报产品族，无P/N,03 电处理,LRO路线直接表列；实际Tx DSP/driver、Rx TIA实现未列,部分披露/有保留,https://disc.static.szse.cn/disc/disk03/finalpage/2026-04-29/eca187bd-8949-4a99-a323-fc77b30260b7.pdf | 联特科技2025年报：印刷p12–13产品表，p21研发阶段（PDF页11–12/20）,2026-04-29；2026-10-03定向读取,2026-10-03,2025年报说单波200G的1.6T FRO/LRO/LPO部分项目由样机转小批量试产并送客户验证；本配置未单独给完成阶段,产品族披露
R44,联特科技,1.6T OSFP 2FR4 LRO,年报产品族，无P/N,04 驱动,LRO路线直接表列；实际Tx DSP/driver、Rx TIA实现未列（本项仅提取驱动相关披露）,部分披露/有保留,https://disc.static.szse.cn/disc/disk03/finalpage/2026-04-29/eca187bd-8949-4a99-a323-fc77b30260b7.pdf | 联特科技2025年报：印刷p12–13产品表，p21研发阶段（PDF页11–12/20）,2026-04-29；2026-10-03定向读取,2026-10-03,2025年报说单波200G的1.6T FRO/LRO/LPO部分项目由样机转小批量试产并送客户验证；本配置未单独给完成阶段,产品族披露
R44,联特科技,1.6T OSFP 2FR4 LRO,年报产品族，无P/N,05 发光与调制,UNKNOWN：所核资料未列光源和调制平台,UNKNOWN,https://disc.static.szse.cn/disc/disk03/finalpage/2026-04-29/eca187bd-8949-4a99-a323-fc77b30260b7.pdf | 联特科技2025年报：印刷p12–13产品表，p21研发阶段（PDF页11–12/20）,2026-04-29；2026-10-03定向读取,2026-10-03,2025年报说单波200G的1.6T FRO/LRO/LPO部分项目由样机转小批量试产并送客户验证；本配置未单独给完成阶段,产品族披露
R44,联特科技,1.6T OSFP 2FR4 LRO,年报产品族，无P/N,06 载体与芯片互连,待提取：本稿尚未取得该环节专项资料；不能据此断言厂商未披露,未提取/待检索,,2026-04-29；2026-10-03定向读取,2026-10-03,2025年报说单波200G的1.6T FRO/LRO/LPO部分项目由样机转小批量试产并送客户验证；本配置未单独给完成阶段,产品族披露
R44,联特科技,1.6T OSFP 2FR4 LRO,年报产品族，无P/N,07 发射耦合,待提取：本稿尚未取得该环节专项资料；不能据此断言厂商未披露,未提取/待检索,,2026-04-29；2026-10-03定向读取,2026-10-03,2025年报说单波200G的1.6T FRO/LRO/LPO部分项目由样机转小批量试产并送客户验证；本配置未单独给完成阶段,产品族披露
R44,联特科技,1.6T OSFP 2FR4 LRO,年报产品族，无P/N,08 合波,波分功能；具体MUX/DEMUX工艺未列,部分披露/有保留,https://disc.static.szse.cn/disc/disk03/finalpage/2026-04-29/eca187bd-8949-4a99-a323-fc77b30260b7.pdf | 联特科技2025年报：印刷p12–13产品表，p21研发阶段（PDF页11–12/20）,2026-04-29；2026-10-03定向读取,2026-10-03,2025年报说单波200G的1.6T FRO/LRO/LPO部分项目由样机转小批量试产并送客户验证；本配置未单独给完成阶段,产品族披露
R44,联特科技,1.6T OSFP 2FR4 LRO,年报产品族，无P/N,09 外部光接口,两组FR4；表列1271/1291/1311/1331nm；距离：2km；光纤接口见封装字段：OSFP；光连接器/散热版本未在产品表列出,厂商直接披露,https://disc.static.szse.cn/disc/disk03/finalpage/2026-04-29/eca187bd-8949-4a99-a323-fc77b30260b7.pdf | 联特科技2025年报：印刷p12–13产品表，p21研发阶段（PDF页11–12/20）,2026-04-29；2026-10-03定向读取,2026-10-03,2025年报说单波200G的1.6T FRO/LRO/LPO部分项目由样机转小批量试产并送客户验证；本配置未单独给完成阶段,产品族披露
R44,联特科技,1.6T OSFP 2FR4 LRO,年报产品族，无P/N,10 分波,波分功能；具体MUX/DEMUX工艺未列,部分披露/有保留,https://disc.static.szse.cn/disc/disk03/finalpage/2026-04-29/eca187bd-8949-4a99-a323-fc77b30260b7.pdf | 联特科技2025年报：印刷p12–13产品表，p21研发阶段（PDF页11–12/20）,2026-04-29；2026-10-03定向读取,2026-10-03,2025年报说单波200G的1.6T FRO/LRO/LPO部分项目由样机转小批量试产并送客户验证；本配置未单独给完成阶段,产品族披露
R44,联特科技,1.6T OSFP 2FR4 LRO,年报产品族，无P/N,11 接收耦合,待提取：本稿尚未取得该环节专项资料；不能据此断言厂商未披露,未提取/待检索,,2026-04-29；2026-10-03定向读取,2026-10-03,2025年报说单波200G的1.6T FRO/LRO/LPO部分项目由样机转小批量试产并送客户验证；本配置未单独给完成阶段,产品族披露
R44,联特科技,1.6T OSFP 2FR4 LRO,年报产品族，无P/N,12 探测器,UNKNOWN：所核资料未列PD/TIA（探测器与接收放大联合披露，未给出部分保持UNKNOWN）,UNKNOWN,https://disc.static.szse.cn/disc/disk03/finalpage/2026-04-29/eca187bd-8949-4a99-a323-fc77b30260b7.pdf | 联特科技2025年报：印刷p12–13产品表，p21研发阶段（PDF页11–12/20）,2026-04-29；2026-10-03定向读取,2026-10-03,2025年报说单波200G的1.6T FRO/LRO/LPO部分项目由样机转小批量试产并送客户验证；本配置未单独给完成阶段,产品族披露
R44,联特科技,1.6T OSFP 2FR4 LRO,年报产品族，无P/N,13 接收放大,UNKNOWN：所核资料未列PD/TIA（探测器与接收放大联合披露，未给出部分保持UNKNOWN）,UNKNOWN,https://disc.static.szse.cn/disc/disk03/finalpage/2026-04-29/eca187bd-8949-4a99-a323-fc77b30260b7.pdf | 联特科技2025年报：印刷p12–13产品表，p21研发阶段（PDF页11–12/20）,2026-04-29；2026-10-03定向读取,2026-10-03,2025年报说单波200G的1.6T FRO/LRO/LPO部分项目由样机转小批量试产并送客户验证；本配置未单独给完成阶段,产品族披露
R44,联特科技,1.6T OSFP 2FR4 LRO,年报产品族，无P/N,14 控制,待提取：本稿尚未取得该环节专项资料；不能据此断言厂商未披露,未提取/待检索,,2026-04-29；2026-10-03定向读取,2026-10-03,2025年报说单波200G的1.6T FRO/LRO/LPO部分项目由样机转小批量试产并送客户验证；本配置未单独给完成阶段,产品族披露
R44,联特科技,1.6T OSFP 2FR4 LRO,年报产品族，无P/N,15 非易失存储,待提取：本稿尚未取得该环节专项资料；不能据此断言厂商未披露,未提取/待检索,,2026-04-29；2026-10-03定向读取,2026-10-03,2025年报说单波200G的1.6T FRO/LRO/LPO部分项目由样机转小批量试产并送客户验证；本配置未单独给完成阶段,产品族披露
R44,联特科技,1.6T OSFP 2FR4 LRO,年报产品族，无P/N,16 电源,待提取：本稿尚未取得该环节专项资料；不能据此断言厂商未披露,未提取/待检索,,2026-04-29；2026-10-03定向读取,2026-10-03,2025年报说单波200G的1.6T FRO/LRO/LPO部分项目由样机转小批量试产并送客户验证；本配置未单独给完成阶段,产品族披露
R44,联特科技,1.6T OSFP 2FR4 LRO,年报产品族，无P/N,17 时钟,待提取：本稿尚未取得该环节专项资料；不能据此断言厂商未披露,未提取/待检索,,2026-04-29；2026-10-03定向读取,2026-10-03,2025年报说单波200G的1.6T FRO/LRO/LPO部分项目由样机转小批量试产并送客户验证；本配置未单独给完成阶段,产品族披露
R44,联特科技,1.6T OSFP 2FR4 LRO,年报产品族，无P/N,18 无源电子件,待提取：本稿尚未取得该环节专项资料；不能据此断言厂商未披露,未提取/待检索,,2026-04-29；2026-10-03定向读取,2026-10-03,2025年报说单波200G的1.6T FRO/LRO/LPO部分项目由样机转小批量试产并送客户验证；本配置未单独给完成阶段,产品族披露
R44,联特科技,1.6T OSFP 2FR4 LRO,年报产品族，无P/N,19 热管理,UNKNOWN：所核资料未列功耗；具体散热器、材料与热设计UNKNOWN,UNKNOWN,https://disc.static.szse.cn/disc/disk03/finalpage/2026-04-29/eca187bd-8949-4a99-a323-fc77b30260b7.pdf | 联特科技2025年报：印刷p12–13产品表，p21研发阶段（PDF页11–12/20）,2026-04-29；2026-10-03定向读取,2026-10-03,2025年报说单波200G的1.6T FRO/LRO/LPO部分项目由样机转小批量试产并送客户验证；本配置未单独给完成阶段,产品族披露
R44,联特科技,1.6T OSFP 2FR4 LRO,年报产品族，无P/N,20 总体封装,OSFP；光连接器/散热版本未在产品表列出,厂商直接披露,https://disc.static.szse.cn/disc/disk03/finalpage/2026-04-29/eca187bd-8949-4a99-a323-fc77b30260b7.pdf | 联特科技2025年报：印刷p12–13产品表，p21研发阶段（PDF页11–12/20）,2026-04-29；2026-10-03定向读取,2026-10-03,2025年报说单波200G的1.6T FRO/LRO/LPO部分项目由样机转小批量试产并送客户验证；本配置未单独给完成阶段,产品族披露
R45,青岛海信宽带多媒体技术有限公司,1.6T OSFP DR4,LMS3981-PC+,01 主机电接口,UNKNOWN：目录Data Rate列为8:4，表中未逐字定义比值对象/逐电通道线速,UNKNOWN,https://www.ligent.com/products/products_module/16t/ | Ligent当前1.6T目录表：Data Rate/PMD/P/N/Power,网页未标日期；2026-10-03读取,2026-10-03,当前原厂P/N目录登记；表头有LPO/LRO总体量产自述，不能逐P/N套用,产品页/规格书
R45,青岛海信宽带多媒体技术有限公司,1.6T OSFP DR4,LMS3981-PC+,02 PCB与电连接,待提取：本稿尚未取得该环节专项资料；不能据此断言厂商未披露,未提取/待检索,,网页未标日期；2026-10-03读取,2026-10-03,当前原厂P/N目录登记；表头有LPO/LRO总体量产自述，不能逐P/N套用,产品页/规格书
R45,青岛海信宽带多媒体技术有限公司,1.6T OSFP DR4,LMS3981-PC+,03 电处理,UNKNOWN：所核资料未列电处理架构或芯片,UNKNOWN,https://www.ligent.com/products/products_module/16t/ | Ligent当前1.6T目录表：Data Rate/PMD/P/N/Power,网页未标日期；2026-10-03读取,2026-10-03,当前原厂P/N目录登记；表头有LPO/LRO总体量产自述，不能逐P/N套用,产品页/规格书
R45,青岛海信宽带多媒体技术有限公司,1.6T OSFP DR4,LMS3981-PC+,04 驱动,待提取：本稿尚未取得该环节专项资料；不能据此断言厂商未披露,未提取/待检索,,网页未标日期；2026-10-03读取,2026-10-03,当前原厂P/N目录登记；表头有LPO/LRO总体量产自述，不能逐P/N套用,产品页/规格书
R45,青岛海信宽带多媒体技术有限公司,1.6T OSFP DR4,LMS3981-PC+,05 发光与调制,UNKNOWN：所核资料未列光源和调制平台,UNKNOWN,https://www.ligent.com/products/products_module/16t/ | Ligent当前1.6T目录表：Data Rate/PMD/P/N/Power,网页未标日期；2026-10-03读取,2026-10-03,当前原厂P/N目录登记；表头有LPO/LRO总体量产自述，不能逐P/N套用,产品页/规格书
R45,青岛海信宽带多媒体技术有限公司,1.6T OSFP DR4,LMS3981-PC+,06 载体与芯片互连,待提取：本稿尚未取得该环节专项资料；不能据此断言厂商未披露,未提取/待检索,,网页未标日期；2026-10-03读取,2026-10-03,当前原厂P/N目录登记；表头有LPO/LRO总体量产自述，不能逐P/N套用,产品页/规格书
R45,青岛海信宽带多媒体技术有限公司,1.6T OSFP DR4,LMS3981-PC+,07 发射耦合,待提取：本稿尚未取得该环节专项资料；不能据此断言厂商未披露,未提取/待检索,,网页未标日期；2026-10-03读取,2026-10-03,当前原厂P/N目录登记；表头有LPO/LRO总体量产自述，不能逐P/N套用,产品页/规格书
R45,青岛海信宽带多媒体技术有限公司,1.6T OSFP DR4,LMS3981-PC+,08 合波,DR4/2DR4并行功能为PMD命名解释；内部光学件未列,部分披露/有保留,https://www.ligent.com/products/products_module/16t/ | Ligent当前1.6T目录表：Data Rate/PMD/P/N/Power,网页未标日期；2026-10-03读取,2026-10-03,当前原厂P/N目录登记；表头有LPO/LRO总体量产自述，不能逐P/N套用,产品页/规格书
R45,青岛海信宽带多媒体技术有限公司,1.6T OSFP DR4,LMS3981-PC+,09 外部光接口,1.6T DR4 PMD；光通道线速和波长本表未列；距离：500m；光纤接口见封装字段：OSFP；MPO12,部分披露/有保留,https://www.ligent.com/products/products_module/16t/ | Ligent当前1.6T目录表：Data Rate/PMD/P/N/Power,网页未标日期；2026-10-03读取,2026-10-03,当前原厂P/N目录登记；表头有LPO/LRO总体量产自述，不能逐P/N套用,产品页/规格书
R45,青岛海信宽带多媒体技术有限公司,1.6T OSFP DR4,LMS3981-PC+,10 分波,DR4/2DR4并行功能为PMD命名解释；内部光学件未列,部分披露/有保留,https://www.ligent.com/products/products_module/16t/ | Ligent当前1.6T目录表：Data Rate/PMD/P/N/Power,网页未标日期；2026-10-03读取,2026-10-03,当前原厂P/N目录登记；表头有LPO/LRO总体量产自述，不能逐P/N套用,产品页/规格书
R45,青岛海信宽带多媒体技术有限公司,1.6T OSFP DR4,LMS3981-PC+,11 接收耦合,待提取：本稿尚未取得该环节专项资料；不能据此断言厂商未披露,未提取/待检索,,网页未标日期；2026-10-03读取,2026-10-03,当前原厂P/N目录登记；表头有LPO/LRO总体量产自述，不能逐P/N套用,产品页/规格书
R45,青岛海信宽带多媒体技术有限公司,1.6T OSFP DR4,LMS3981-PC+,12 探测器,UNKNOWN：所核资料未列PD/TIA（探测器与接收放大联合披露，未给出部分保持UNKNOWN）,UNKNOWN,https://www.ligent.com/products/products_module/16t/ | Ligent当前1.6T目录表：Data Rate/PMD/P/N/Power,网页未标日期；2026-10-03读取,2026-10-03,当前原厂P/N目录登记；表头有LPO/LRO总体量产自述，不能逐P/N套用,产品页/规格书
R45,青岛海信宽带多媒体技术有限公司,1.6T OSFP DR4,LMS3981-PC+,13 接收放大,UNKNOWN：所核资料未列PD/TIA（探测器与接收放大联合披露，未给出部分保持UNKNOWN）,UNKNOWN,https://www.ligent.com/products/products_module/16t/ | Ligent当前1.6T目录表：Data Rate/PMD/P/N/Power,网页未标日期；2026-10-03读取,2026-10-03,当前原厂P/N目录登记；表头有LPO/LRO总体量产自述，不能逐P/N套用,产品页/规格书
R45,青岛海信宽带多媒体技术有限公司,1.6T OSFP DR4,LMS3981-PC+,14 控制,待提取：本稿尚未取得该环节专项资料；不能据此断言厂商未披露,未提取/待检索,,网页未标日期；2026-10-03读取,2026-10-03,当前原厂P/N目录登记；表头有LPO/LRO总体量产自述，不能逐P/N套用,产品页/规格书
R45,青岛海信宽带多媒体技术有限公司,1.6T OSFP DR4,LMS3981-PC+,15 非易失存储,待提取：本稿尚未取得该环节专项资料；不能据此断言厂商未披露,未提取/待检索,,网页未标日期；2026-10-03读取,2026-10-03,当前原厂P/N目录登记；表头有LPO/LRO总体量产自述，不能逐P/N套用,产品页/规格书
R45,青岛海信宽带多媒体技术有限公司,1.6T OSFP DR4,LMS3981-PC+,16 电源,待提取：本稿尚未取得该环节专项资料；不能据此断言厂商未披露,未提取/待检索,,网页未标日期；2026-10-03读取,2026-10-03,当前原厂P/N目录登记；表头有LPO/LRO总体量产自述，不能逐P/N套用,产品页/规格书
R45,青岛海信宽带多媒体技术有限公司,1.6T OSFP DR4,LMS3981-PC+,17 时钟,待提取：本稿尚未取得该环节专项资料；不能据此断言厂商未披露,未提取/待检索,,网页未标日期；2026-10-03读取,2026-10-03,当前原厂P/N目录登记；表头有LPO/LRO总体量产自述，不能逐P/N套用,产品页/规格书
R45,青岛海信宽带多媒体技术有限公司,1.6T OSFP DR4,LMS3981-PC+,18 无源电子件,待提取：本稿尚未取得该环节专项资料；不能据此断言厂商未披露,未提取/待检索,,网页未标日期；2026-10-03读取,2026-10-03,当前原厂P/N目录登记；表头有LPO/LRO总体量产自述，不能逐P/N套用,产品页/规格书
R45,青岛海信宽带多媒体技术有限公司,1.6T OSFP DR4,LMS3981-PC+,19 热管理,32W（表列值，非独立实测）；具体散热器、材料与热设计UNKNOWN,部分披露/有保留,https://www.ligent.com/products/products_module/16t/ | Ligent当前1.6T目录表：Data Rate/PMD/P/N/Power,网页未标日期；2026-10-03读取,2026-10-03,当前原厂P/N目录登记；表头有LPO/LRO总体量产自述，不能逐P/N套用,产品页/规格书
R45,青岛海信宽带多媒体技术有限公司,1.6T OSFP DR4,LMS3981-PC+,20 总体封装,OSFP；MPO12,厂商直接披露,https://www.ligent.com/products/products_module/16t/ | Ligent当前1.6T目录表：Data Rate/PMD/P/N/Power,网页未标日期；2026-10-03读取,2026-10-03,当前原厂P/N目录登记；表头有LPO/LRO总体量产自述，不能逐P/N套用,产品页/规格书
R46,青岛海信宽带多媒体技术有限公司,1.6T OSFP 2DR4,LMS3831S-PC+（IHS） / LMS3821S-PC2（RHS）,01 主机电接口,UNKNOWN：目录Data Rate列为8:8，表中未逐字定义比值对象/逐电通道线速,UNKNOWN,https://www.ligent.com/products/products_module/16t/ | Ligent当前1.6T目录表：Data Rate/PMD/P/N/Power,网页未标日期；2026-10-03读取,2026-10-03,当前原厂P/N目录登记；表头有LPO/LRO总体量产自述，不能逐P/N套用,产品页/规格书
R46,青岛海信宽带多媒体技术有限公司,1.6T OSFP 2DR4,LMS3831S-PC+（IHS） / LMS3821S-PC2（RHS）,02 PCB与电连接,待提取：本稿尚未取得该环节专项资料；不能据此断言厂商未披露,未提取/待检索,,网页未标日期；2026-10-03读取,2026-10-03,当前原厂P/N目录登记；表头有LPO/LRO总体量产自述，不能逐P/N套用,产品页/规格书
R46,青岛海信宽带多媒体技术有限公司,1.6T OSFP 2DR4,LMS3831S-PC+（IHS） / LMS3821S-PC2（RHS）,03 电处理,UNKNOWN：所核资料未列电处理架构或芯片,UNKNOWN,https://www.ligent.com/products/products_module/16t/ | Ligent当前1.6T目录表：Data Rate/PMD/P/N/Power,网页未标日期；2026-10-03读取,2026-10-03,当前原厂P/N目录登记；表头有LPO/LRO总体量产自述，不能逐P/N套用,产品页/规格书
R46,青岛海信宽带多媒体技术有限公司,1.6T OSFP 2DR4,LMS3831S-PC+（IHS） / LMS3821S-PC2（RHS）,04 驱动,待提取：本稿尚未取得该环节专项资料；不能据此断言厂商未披露,未提取/待检索,,网页未标日期；2026-10-03读取,2026-10-03,当前原厂P/N目录登记；表头有LPO/LRO总体量产自述，不能逐P/N套用,产品页/规格书
R46,青岛海信宽带多媒体技术有限公司,1.6T OSFP 2DR4,LMS3831S-PC+（IHS） / LMS3821S-PC2（RHS）,05 发光与调制,UNKNOWN：所核资料未列光源和调制平台,UNKNOWN,https://www.ligent.com/products/products_module/16t/ | Ligent当前1.6T目录表：Data Rate/PMD/P/N/Power,网页未标日期；2026-10-03读取,2026-10-03,当前原厂P/N目录登记；表头有LPO/LRO总体量产自述，不能逐P/N套用,产品页/规格书
R46,青岛海信宽带多媒体技术有限公司,1.6T OSFP 2DR4,LMS3831S-PC+（IHS） / LMS3821S-PC2（RHS）,06 载体与芯片互连,待提取：本稿尚未取得该环节专项资料；不能据此断言厂商未披露,未提取/待检索,,网页未标日期；2026-10-03读取,2026-10-03,当前原厂P/N目录登记；表头有LPO/LRO总体量产自述，不能逐P/N套用,产品页/规格书
R46,青岛海信宽带多媒体技术有限公司,1.6T OSFP 2DR4,LMS3831S-PC+（IHS） / LMS3821S-PC2（RHS）,07 发射耦合,待提取：本稿尚未取得该环节专项资料；不能据此断言厂商未披露,未提取/待检索,,网页未标日期；2026-10-03读取,2026-10-03,当前原厂P/N目录登记；表头有LPO/LRO总体量产自述，不能逐P/N套用,产品页/规格书
R46,青岛海信宽带多媒体技术有限公司,1.6T OSFP 2DR4,LMS3831S-PC+（IHS） / LMS3821S-PC2（RHS）,08 合波,DR4/2DR4并行功能为PMD命名解释；内部光学件未列,部分披露/有保留,https://www.ligent.com/products/products_module/16t/ | Ligent当前1.6T目录表：Data Rate/PMD/P/N/Power,网页未标日期；2026-10-03读取,2026-10-03,当前原厂P/N目录登记；表头有LPO/LRO总体量产自述，不能逐P/N套用,产品页/规格书
R46,青岛海信宽带多媒体技术有限公司,1.6T OSFP 2DR4,LMS3831S-PC+（IHS） / LMS3821S-PC2（RHS）,09 外部光接口,1.6T 2DR4 PMD；光通道线速和波长本表未列；距离：500m；光纤接口见封装字段：OSFP IHS/RHS；2×MPO12,部分披露/有保留,https://www.ligent.com/products/products_module/16t/ | Ligent当前1.6T目录表：Data Rate/PMD/P/N/Power,网页未标日期；2026-10-03读取,2026-10-03,当前原厂P/N目录登记；表头有LPO/LRO总体量产自述，不能逐P/N套用,产品页/规格书
R46,青岛海信宽带多媒体技术有限公司,1.6T OSFP 2DR4,LMS3831S-PC+（IHS） / LMS3821S-PC2（RHS）,10 分波,DR4/2DR4并行功能为PMD命名解释；内部光学件未列,部分披露/有保留,https://www.ligent.com/products/products_module/16t/ | Ligent当前1.6T目录表：Data Rate/PMD/P/N/Power,网页未标日期；2026-10-03读取,2026-10-03,当前原厂P/N目录登记；表头有LPO/LRO总体量产自述，不能逐P/N套用,产品页/规格书
R46,青岛海信宽带多媒体技术有限公司,1.6T OSFP 2DR4,LMS3831S-PC+（IHS） / LMS3821S-PC2（RHS）,11 接收耦合,待提取：本稿尚未取得该环节专项资料；不能据此断言厂商未披露,未提取/待检索,,网页未标日期；2026-10-03读取,2026-10-03,当前原厂P/N目录登记；表头有LPO/LRO总体量产自述，不能逐P/N套用,产品页/规格书
R46,青岛海信宽带多媒体技术有限公司,1.6T OSFP 2DR4,LMS3831S-PC+（IHS） / LMS3821S-PC2（RHS）,12 探测器,UNKNOWN：所核资料未列PD/TIA（探测器与接收放大联合披露，未给出部分保持UNKNOWN）,UNKNOWN,https://www.ligent.com/products/products_module/16t/ | Ligent当前1.6T目录表：Data Rate/PMD/P/N/Power,网页未标日期；2026-10-03读取,2026-10-03,当前原厂P/N目录登记；表头有LPO/LRO总体量产自述，不能逐P/N套用,产品页/规格书
R46,青岛海信宽带多媒体技术有限公司,1.6T OSFP 2DR4,LMS3831S-PC+（IHS） / LMS3821S-PC2（RHS）,13 接收放大,UNKNOWN：所核资料未列PD/TIA（探测器与接收放大联合披露，未给出部分保持UNKNOWN）,UNKNOWN,https://www.ligent.com/products/products_module/16t/ | Ligent当前1.6T目录表：Data Rate/PMD/P/N/Power,网页未标日期；2026-10-03读取,2026-10-03,当前原厂P/N目录登记；表头有LPO/LRO总体量产自述，不能逐P/N套用,产品页/规格书
R46,青岛海信宽带多媒体技术有限公司,1.6T OSFP 2DR4,LMS3831S-PC+（IHS） / LMS3821S-PC2（RHS）,14 控制,待提取：本稿尚未取得该环节专项资料；不能据此断言厂商未披露,未提取/待检索,,网页未标日期；2026-10-03读取,2026-10-03,当前原厂P/N目录登记；表头有LPO/LRO总体量产自述，不能逐P/N套用,产品页/规格书
R46,青岛海信宽带多媒体技术有限公司,1.6T OSFP 2DR4,LMS3831S-PC+（IHS） / LMS3821S-PC2（RHS）,15 非易失存储,待提取：本稿尚未取得该环节专项资料；不能据此断言厂商未披露,未提取/待检索,,网页未标日期；2026-10-03读取,2026-10-03,当前原厂P/N目录登记；表头有LPO/LRO总体量产自述，不能逐P/N套用,产品页/规格书
R46,青岛海信宽带多媒体技术有限公司,1.6T OSFP 2DR4,LMS3831S-PC+（IHS） / LMS3821S-PC2（RHS）,16 电源,待提取：本稿尚未取得该环节专项资料；不能据此断言厂商未披露,未提取/待检索,,网页未标日期；2026-10-03读取,2026-10-03,当前原厂P/N目录登记；表头有LPO/LRO总体量产自述，不能逐P/N套用,产品页/规格书
R46,青岛海信宽带多媒体技术有限公司,1.6T OSFP 2DR4,LMS3831S-PC+（IHS） / LMS3821S-PC2（RHS）,17 时钟,待提取：本稿尚未取得该环节专项资料；不能据此断言厂商未披露,未提取/待检索,,网页未标日期；2026-10-03读取,2026-10-03,当前原厂P/N目录登记；表头有LPO/LRO总体量产自述，不能逐P/N套用,产品页/规格书
R46,青岛海信宽带多媒体技术有限公司,1.6T OSFP 2DR4,LMS3831S-PC+（IHS） / LMS3821S-PC2（RHS）,18 无源电子件,待提取：本稿尚未取得该环节专项资料；不能据此断言厂商未披露,未提取/待检索,,网页未标日期；2026-10-03读取,2026-10-03,当前原厂P/N目录登记；表头有LPO/LRO总体量产自述，不能逐P/N套用,产品页/规格书
R46,青岛海信宽带多媒体技术有限公司,1.6T OSFP 2DR4,LMS3831S-PC+（IHS） / LMS3821S-PC2（RHS）,19 热管理,25W（表列值，非独立实测）；具体散热器、材料与热设计UNKNOWN,部分披露/有保留,https://www.ligent.com/products/products_module/16t/ | Ligent当前1.6T目录表：Data Rate/PMD/P/N/Power,网页未标日期；2026-10-03读取,2026-10-03,当前原厂P/N目录登记；表头有LPO/LRO总体量产自述，不能逐P/N套用,产品页/规格书
R46,青岛海信宽带多媒体技术有限公司,1.6T OSFP 2DR4,LMS3831S-PC+（IHS） / LMS3821S-PC2（RHS）,20 总体封装,OSFP IHS/RHS；2×MPO12,厂商直接披露,https://www.ligent.com/products/products_module/16t/ | Ligent当前1.6T目录表：Data Rate/PMD/P/N/Power,网页未标日期；2026-10-03读取,2026-10-03,当前原厂P/N目录登记；表头有LPO/LRO总体量产自述，不能逐P/N套用,产品页/规格书
R47,青岛海信宽带多媒体技术有限公司,1.6T OSFP 2FR4,LMS3836S-PC+（IHS） / LMS3826S-PC1（RHS）,01 主机电接口,UNKNOWN：目录Data Rate列为8:8分组，表中未逐字定义比值对象/逐电通道线速,UNKNOWN,https://www.ligent.com/products/products_module/16t/ | Ligent当前1.6T目录表：Data Rate/PMD/P/N/Power,网页未标日期；2026-10-03读取,2026-10-03,当前原厂P/N目录登记；表头有LPO/LRO总体量产自述，不能逐P/N套用,产品页/规格书
R47,青岛海信宽带多媒体技术有限公司,1.6T OSFP 2FR4,LMS3836S-PC+（IHS） / LMS3826S-PC1（RHS）,02 PCB与电连接,待提取：本稿尚未取得该环节专项资料；不能据此断言厂商未披露,未提取/待检索,,网页未标日期；2026-10-03读取,2026-10-03,当前原厂P/N目录登记；表头有LPO/LRO总体量产自述，不能逐P/N套用,产品页/规格书
R47,青岛海信宽带多媒体技术有限公司,1.6T OSFP 2FR4,LMS3836S-PC+（IHS） / LMS3826S-PC1（RHS）,03 电处理,UNKNOWN：所核资料未列电处理架构或芯片,UNKNOWN,https://www.ligent.com/products/products_module/16t/ | Ligent当前1.6T目录表：Data Rate/PMD/P/N/Power,网页未标日期；2026-10-03读取,2026-10-03,当前原厂P/N目录登记；表头有LPO/LRO总体量产自述，不能逐P/N套用,产品页/规格书
R47,青岛海信宽带多媒体技术有限公司,1.6T OSFP 2FR4,LMS3836S-PC+（IHS） / LMS3826S-PC1（RHS）,04 驱动,待提取：本稿尚未取得该环节专项资料；不能据此断言厂商未披露,未提取/待检索,,网页未标日期；2026-10-03读取,2026-10-03,当前原厂P/N目录登记；表头有LPO/LRO总体量产自述，不能逐P/N套用,产品页/规格书
R47,青岛海信宽带多媒体技术有限公司,1.6T OSFP 2FR4,LMS3836S-PC+（IHS） / LMS3826S-PC1（RHS）,05 发光与调制,UNKNOWN：所核资料未列光源和调制平台,UNKNOWN,https://www.ligent.com/products/products_module/16t/ | Ligent当前1.6T目录表：Data Rate/PMD/P/N/Power,网页未标日期；2026-10-03读取,2026-10-03,当前原厂P/N目录登记；表头有LPO/LRO总体量产自述，不能逐P/N套用,产品页/规格书
R47,青岛海信宽带多媒体技术有限公司,1.6T OSFP 2FR4,LMS3836S-PC+（IHS） / LMS3826S-PC1（RHS）,06 载体与芯片互连,待提取：本稿尚未取得该环节专项资料；不能据此断言厂商未披露,未提取/待检索,,网页未标日期；2026-10-03读取,2026-10-03,当前原厂P/N目录登记；表头有LPO/LRO总体量产自述，不能逐P/N套用,产品页/规格书
R47,青岛海信宽带多媒体技术有限公司,1.6T OSFP 2FR4,LMS3836S-PC+（IHS） / LMS3826S-PC1（RHS）,07 发射耦合,待提取：本稿尚未取得该环节专项资料；不能据此断言厂商未披露,未提取/待检索,,网页未标日期；2026-10-03读取,2026-10-03,当前原厂P/N目录登记；表头有LPO/LRO总体量产自述，不能逐P/N套用,产品页/规格书
R47,青岛海信宽带多媒体技术有限公司,1.6T OSFP 2FR4,LMS3836S-PC+（IHS） / LMS3826S-PC1（RHS）,08 合波,2×FR4/LR4波分功能为PMD命名解释；具体合分波器件未列,部分披露/有保留,https://www.ligent.com/products/products_module/16t/ | Ligent当前1.6T目录表：Data Rate/PMD/P/N/Power,网页未标日期；2026-10-03读取,2026-10-03,当前原厂P/N目录登记；表头有LPO/LRO总体量产自述，不能逐P/N套用,产品页/规格书
R47,青岛海信宽带多媒体技术有限公司,1.6T OSFP 2FR4,LMS3836S-PC+（IHS） / LMS3826S-PC1（RHS）,09 外部光接口,1.6T 2FR4 PMD；光通道线速和波长本表未列；距离：2km；光纤接口见封装字段：OSFP IHS/RHS；双LC,部分披露/有保留,https://www.ligent.com/products/products_module/16t/ | Ligent当前1.6T目录表：Data Rate/PMD/P/N/Power,网页未标日期；2026-10-03读取,2026-10-03,当前原厂P/N目录登记；表头有LPO/LRO总体量产自述，不能逐P/N套用,产品页/规格书
R47,青岛海信宽带多媒体技术有限公司,1.6T OSFP 2FR4,LMS3836S-PC+（IHS） / LMS3826S-PC1（RHS）,10 分波,2×FR4/LR4波分功能为PMD命名解释；具体合分波器件未列,部分披露/有保留,https://www.ligent.com/products/products_module/16t/ | Ligent当前1.6T目录表：Data Rate/PMD/P/N/Power,网页未标日期；2026-10-03读取,2026-10-03,当前原厂P/N目录登记；表头有LPO/LRO总体量产自述，不能逐P/N套用,产品页/规格书
R47,青岛海信宽带多媒体技术有限公司,1.6T OSFP 2FR4,LMS3836S-PC+（IHS） / LMS3826S-PC1（RHS）,11 接收耦合,待提取：本稿尚未取得该环节专项资料；不能据此断言厂商未披露,未提取/待检索,,网页未标日期；2026-10-03读取,2026-10-03,当前原厂P/N目录登记；表头有LPO/LRO总体量产自述，不能逐P/N套用,产品页/规格书
R47,青岛海信宽带多媒体技术有限公司,1.6T OSFP 2FR4,LMS3836S-PC+（IHS） / LMS3826S-PC1（RHS）,12 探测器,UNKNOWN：所核资料未列PD/TIA（探测器与接收放大联合披露，未给出部分保持UNKNOWN）,UNKNOWN,https://www.ligent.com/products/products_module/16t/ | Ligent当前1.6T目录表：Data Rate/PMD/P/N/Power,网页未标日期；2026-10-03读取,2026-10-03,当前原厂P/N目录登记；表头有LPO/LRO总体量产自述，不能逐P/N套用,产品页/规格书
R47,青岛海信宽带多媒体技术有限公司,1.6T OSFP 2FR4,LMS3836S-PC+（IHS） / LMS3826S-PC1（RHS）,13 接收放大,UNKNOWN：所核资料未列PD/TIA（探测器与接收放大联合披露，未给出部分保持UNKNOWN）,UNKNOWN,https://www.ligent.com/products/products_module/16t/ | Ligent当前1.6T目录表：Data Rate/PMD/P/N/Power,网页未标日期；2026-10-03读取,2026-10-03,当前原厂P/N目录登记；表头有LPO/LRO总体量产自述，不能逐P/N套用,产品页/规格书
R47,青岛海信宽带多媒体技术有限公司,1.6T OSFP 2FR4,LMS3836S-PC+（IHS） / LMS3826S-PC1（RHS）,14 控制,待提取：本稿尚未取得该环节专项资料；不能据此断言厂商未披露,未提取/待检索,,网页未标日期；2026-10-03读取,2026-10-03,当前原厂P/N目录登记；表头有LPO/LRO总体量产自述，不能逐P/N套用,产品页/规格书
R47,青岛海信宽带多媒体技术有限公司,1.6T OSFP 2FR4,LMS3836S-PC+（IHS） / LMS3826S-PC1（RHS）,15 非易失存储,待提取：本稿尚未取得该环节专项资料；不能据此断言厂商未披露,未提取/待检索,,网页未标日期；2026-10-03读取,2026-10-03,当前原厂P/N目录登记；表头有LPO/LRO总体量产自述，不能逐P/N套用,产品页/规格书
R47,青岛海信宽带多媒体技术有限公司,1.6T OSFP 2FR4,LMS3836S-PC+（IHS） / LMS3826S-PC1（RHS）,16 电源,待提取：本稿尚未取得该环节专项资料；不能据此断言厂商未披露,未提取/待检索,,网页未标日期；2026-10-03读取,2026-10-03,当前原厂P/N目录登记；表头有LPO/LRO总体量产自述，不能逐P/N套用,产品页/规格书
R47,青岛海信宽带多媒体技术有限公司,1.6T OSFP 2FR4,LMS3836S-PC+（IHS） / LMS3826S-PC1（RHS）,17 时钟,待提取：本稿尚未取得该环节专项资料；不能据此断言厂商未披露,未提取/待检索,,网页未标日期；2026-10-03读取,2026-10-03,当前原厂P/N目录登记；表头有LPO/LRO总体量产自述，不能逐P/N套用,产品页/规格书
R47,青岛海信宽带多媒体技术有限公司,1.6T OSFP 2FR4,LMS3836S-PC+（IHS） / LMS3826S-PC1（RHS）,18 无源电子件,待提取：本稿尚未取得该环节专项资料；不能据此断言厂商未披露,未提取/待检索,,网页未标日期；2026-10-03读取,2026-10-03,当前原厂P/N目录登记；表头有LPO/LRO总体量产自述，不能逐P/N套用,产品页/规格书
R47,青岛海信宽带多媒体技术有限公司,1.6T OSFP 2FR4,LMS3836S-PC+（IHS） / LMS3826S-PC1（RHS）,19 热管理,26.5W（表列值，非独立实测）；具体散热器、材料与热设计UNKNOWN,部分披露/有保留,https://www.ligent.com/products/products_module/16t/ | Ligent当前1.6T目录表：Data Rate/PMD/P/N/Power,网页未标日期；2026-10-03读取,2026-10-03,当前原厂P/N目录登记；表头有LPO/LRO总体量产自述，不能逐P/N套用,产品页/规格书
R47,青岛海信宽带多媒体技术有限公司,1.6T OSFP 2FR4,LMS3836S-PC+（IHS） / LMS3826S-PC1（RHS）,20 总体封装,OSFP IHS/RHS；双LC,厂商直接披露,https://www.ligent.com/products/products_module/16t/ | Ligent当前1.6T目录表：Data Rate/PMD/P/N/Power,网页未标日期；2026-10-03读取,2026-10-03,当前原厂P/N目录登记；表头有LPO/LRO总体量产自述，不能逐P/N套用,产品页/规格书
R48,青岛海信宽带多媒体技术有限公司,1.6T OSFP 2DR4 LRO（RTLR）,LMS3831R-PC+（IHS） / LMS3831R-PC2（RHS）,01 主机电接口,UNKNOWN：目录Data Rate列为目录所属1.6T分组，表中未逐字定义比值对象/逐电通道线速,UNKNOWN,https://www.ligent.com/products/products_module/16t/ | Ligent当前1.6T目录表：Data Rate/PMD/P/N/Power,网页未标日期；2026-10-03读取,2026-10-03,当前原厂P/N目录登记；表头有LPO/LRO总体量产自述，不能逐P/N套用,产品页/规格书
R48,青岛海信宽带多媒体技术有限公司,1.6T OSFP 2DR4 LRO（RTLR）,LMS3831R-PC+（IHS） / LMS3831R-PC2（RHS）,02 PCB与电连接,待提取：本稿尚未取得该环节专项资料；不能据此断言厂商未披露,未提取/待检索,,网页未标日期；2026-10-03读取,2026-10-03,当前原厂P/N目录登记；表头有LPO/LRO总体量产自述，不能逐P/N套用,产品页/规格书
R48,青岛海信宽带多媒体技术有限公司,1.6T OSFP 2DR4 LRO（RTLR）,LMS3831R-PC+（IHS） / LMS3831R-PC2（RHS）,03 电处理,LRO（RTLR）为本款产品名直接标签；具体DSP/driver/TIA与Tx/Rx拓扑未列,部分披露/有保留,https://www.ligent.com/products/products_module/16t/ | Ligent当前1.6T目录表：Data Rate/PMD/P/N/Power,网页未标日期；2026-10-03读取,2026-10-03,当前原厂P/N目录登记；表头有LPO/LRO总体量产自述，不能逐P/N套用,产品页/规格书
R48,青岛海信宽带多媒体技术有限公司,1.6T OSFP 2DR4 LRO（RTLR）,LMS3831R-PC+（IHS） / LMS3831R-PC2（RHS）,04 驱动,LRO（RTLR）为本款产品名直接标签；具体DSP/driver/TIA与Tx/Rx拓扑未列（本项仅提取驱动相关披露）,部分披露/有保留,https://www.ligent.com/products/products_module/16t/ | Ligent当前1.6T目录表：Data Rate/PMD/P/N/Power,网页未标日期；2026-10-03读取,2026-10-03,当前原厂P/N目录登记；表头有LPO/LRO总体量产自述，不能逐P/N套用,产品页/规格书
R48,青岛海信宽带多媒体技术有限公司,1.6T OSFP 2DR4 LRO（RTLR）,LMS3831R-PC+（IHS） / LMS3831R-PC2（RHS）,05 发光与调制,UNKNOWN：所核资料未列光源和调制平台,UNKNOWN,https://www.ligent.com/products/products_module/16t/ | Ligent当前1.6T目录表：Data Rate/PMD/P/N/Power,网页未标日期；2026-10-03读取,2026-10-03,当前原厂P/N目录登记；表头有LPO/LRO总体量产自述，不能逐P/N套用,产品页/规格书
R48,青岛海信宽带多媒体技术有限公司,1.6T OSFP 2DR4 LRO（RTLR）,LMS3831R-PC+（IHS） / LMS3831R-PC2（RHS）,06 载体与芯片互连,待提取：本稿尚未取得该环节专项资料；不能据此断言厂商未披露,未提取/待检索,,网页未标日期；2026-10-03读取,2026-10-03,当前原厂P/N目录登记；表头有LPO/LRO总体量产自述，不能逐P/N套用,产品页/规格书
R48,青岛海信宽带多媒体技术有限公司,1.6T OSFP 2DR4 LRO（RTLR）,LMS3831R-PC+（IHS） / LMS3831R-PC2（RHS）,07 发射耦合,待提取：本稿尚未取得该环节专项资料；不能据此断言厂商未披露,未提取/待检索,,网页未标日期；2026-10-03读取,2026-10-03,当前原厂P/N目录登记；表头有LPO/LRO总体量产自述，不能逐P/N套用,产品页/规格书
R48,青岛海信宽带多媒体技术有限公司,1.6T OSFP 2DR4 LRO（RTLR）,LMS3831R-PC+（IHS） / LMS3831R-PC2（RHS）,08 合波,DR4/2DR4并行功能为PMD命名解释；内部光学件未列,部分披露/有保留,https://www.ligent.com/products/products_module/16t/ | Ligent当前1.6T目录表：Data Rate/PMD/P/N/Power,网页未标日期；2026-10-03读取,2026-10-03,当前原厂P/N目录登记；表头有LPO/LRO总体量产自述，不能逐P/N套用,产品页/规格书
R48,青岛海信宽带多媒体技术有限公司,1.6T OSFP 2DR4 LRO（RTLR）,LMS3831R-PC+（IHS） / LMS3831R-PC2（RHS）,09 外部光接口,1.6T 2DR4 LRO（RTLR） PMD；光通道线速和波长本表未列；距离：500m；光纤接口见封装字段：OSFP IHS/RHS；2×MPO12,部分披露/有保留,https://www.ligent.com/products/products_module/16t/ | Ligent当前1.6T目录表：Data Rate/PMD/P/N/Power,网页未标日期；2026-10-03读取,2026-10-03,当前原厂P/N目录登记；表头有LPO/LRO总体量产自述，不能逐P/N套用,产品页/规格书
R48,青岛海信宽带多媒体技术有限公司,1.6T OSFP 2DR4 LRO（RTLR）,LMS3831R-PC+（IHS） / LMS3831R-PC2（RHS）,10 分波,DR4/2DR4并行功能为PMD命名解释；内部光学件未列,部分披露/有保留,https://www.ligent.com/products/products_module/16t/ | Ligent当前1.6T目录表：Data Rate/PMD/P/N/Power,网页未标日期；2026-10-03读取,2026-10-03,当前原厂P/N目录登记；表头有LPO/LRO总体量产自述，不能逐P/N套用,产品页/规格书
R48,青岛海信宽带多媒体技术有限公司,1.6T OSFP 2DR4 LRO（RTLR）,LMS3831R-PC+（IHS） / LMS3831R-PC2（RHS）,11 接收耦合,待提取：本稿尚未取得该环节专项资料；不能据此断言厂商未披露,未提取/待检索,,网页未标日期；2026-10-03读取,2026-10-03,当前原厂P/N目录登记；表头有LPO/LRO总体量产自述，不能逐P/N套用,产品页/规格书
R48,青岛海信宽带多媒体技术有限公司,1.6T OSFP 2DR4 LRO（RTLR）,LMS3831R-PC+（IHS） / LMS3831R-PC2（RHS）,12 探测器,UNKNOWN：所核资料未列PD/TIA（探测器与接收放大联合披露，未给出部分保持UNKNOWN）,UNKNOWN,https://www.ligent.com/products/products_module/16t/ | Ligent当前1.6T目录表：Data Rate/PMD/P/N/Power,网页未标日期；2026-10-03读取,2026-10-03,当前原厂P/N目录登记；表头有LPO/LRO总体量产自述，不能逐P/N套用,产品页/规格书
R48,青岛海信宽带多媒体技术有限公司,1.6T OSFP 2DR4 LRO（RTLR）,LMS3831R-PC+（IHS） / LMS3831R-PC2（RHS）,13 接收放大,UNKNOWN：所核资料未列PD/TIA（探测器与接收放大联合披露，未给出部分保持UNKNOWN）,UNKNOWN,https://www.ligent.com/products/products_module/16t/ | Ligent当前1.6T目录表：Data Rate/PMD/P/N/Power,网页未标日期；2026-10-03读取,2026-10-03,当前原厂P/N目录登记；表头有LPO/LRO总体量产自述，不能逐P/N套用,产品页/规格书
R48,青岛海信宽带多媒体技术有限公司,1.6T OSFP 2DR4 LRO（RTLR）,LMS3831R-PC+（IHS） / LMS3831R-PC2（RHS）,14 控制,待提取：本稿尚未取得该环节专项资料；不能据此断言厂商未披露,未提取/待检索,,网页未标日期；2026-10-03读取,2026-10-03,当前原厂P/N目录登记；表头有LPO/LRO总体量产自述，不能逐P/N套用,产品页/规格书
R48,青岛海信宽带多媒体技术有限公司,1.6T OSFP 2DR4 LRO（RTLR）,LMS3831R-PC+（IHS） / LMS3831R-PC2（RHS）,15 非易失存储,待提取：本稿尚未取得该环节专项资料；不能据此断言厂商未披露,未提取/待检索,,网页未标日期；2026-10-03读取,2026-10-03,当前原厂P/N目录登记；表头有LPO/LRO总体量产自述，不能逐P/N套用,产品页/规格书
R48,青岛海信宽带多媒体技术有限公司,1.6T OSFP 2DR4 LRO（RTLR）,LMS3831R-PC+（IHS） / LMS3831R-PC2（RHS）,16 电源,待提取：本稿尚未取得该环节专项资料；不能据此断言厂商未披露,未提取/待检索,,网页未标日期；2026-10-03读取,2026-10-03,当前原厂P/N目录登记；表头有LPO/LRO总体量产自述，不能逐P/N套用,产品页/规格书
R48,青岛海信宽带多媒体技术有限公司,1.6T OSFP 2DR4 LRO（RTLR）,LMS3831R-PC+（IHS） / LMS3831R-PC2（RHS）,17 时钟,待提取：本稿尚未取得该环节专项资料；不能据此断言厂商未披露,未提取/待检索,,网页未标日期；2026-10-03读取,2026-10-03,当前原厂P/N目录登记；表头有LPO/LRO总体量产自述，不能逐P/N套用,产品页/规格书
R48,青岛海信宽带多媒体技术有限公司,1.6T OSFP 2DR4 LRO（RTLR）,LMS3831R-PC+（IHS） / LMS3831R-PC2（RHS）,18 无源电子件,待提取：本稿尚未取得该环节专项资料；不能据此断言厂商未披露,未提取/待检索,,网页未标日期；2026-10-03读取,2026-10-03,当前原厂P/N目录登记；表头有LPO/LRO总体量产自述，不能逐P/N套用,产品页/规格书
R48,青岛海信宽带多媒体技术有限公司,1.6T OSFP 2DR4 LRO（RTLR）,LMS3831R-PC+（IHS） / LMS3831R-PC2（RHS）,19 热管理,17W（表列值，非独立实测）；具体散热器、材料与热设计UNKNOWN,部分披露/有保留,https://www.ligent.com/products/products_module/16t/ | Ligent当前1.6T目录表：Data Rate/PMD/P/N/Power,网页未标日期；2026-10-03读取,2026-10-03,当前原厂P/N目录登记；表头有LPO/LRO总体量产自述，不能逐P/N套用,产品页/规格书
R48,青岛海信宽带多媒体技术有限公司,1.6T OSFP 2DR4 LRO（RTLR）,LMS3831R-PC+（IHS） / LMS3831R-PC2（RHS）,20 总体封装,OSFP IHS/RHS；2×MPO12,厂商直接披露,https://www.ligent.com/products/products_module/16t/ | Ligent当前1.6T目录表：Data Rate/PMD/P/N/Power,网页未标日期；2026-10-03读取,2026-10-03,当前原厂P/N目录登记；表头有LPO/LRO总体量产自述，不能逐P/N套用,产品页/规格书
R49,青岛海信宽带多媒体技术有限公司,1.6T OSFP 2FR4 LRO（RTLR）,LMS3836R-PC+（IHS） / LMS3836R-PC1（RHS）,01 主机电接口,UNKNOWN：目录Data Rate列为目录所属1.6T分组，表中未逐字定义比值对象/逐电通道线速,UNKNOWN,https://www.ligent.com/products/products_module/16t/ | Ligent当前1.6T目录表：Data Rate/PMD/P/N/Power,网页未标日期；2026-10-03读取,2026-10-03,当前原厂P/N目录登记；表头有LPO/LRO总体量产自述，不能逐P/N套用,产品页/规格书
R49,青岛海信宽带多媒体技术有限公司,1.6T OSFP 2FR4 LRO（RTLR）,LMS3836R-PC+（IHS） / LMS3836R-PC1（RHS）,02 PCB与电连接,待提取：本稿尚未取得该环节专项资料；不能据此断言厂商未披露,未提取/待检索,,网页未标日期；2026-10-03读取,2026-10-03,当前原厂P/N目录登记；表头有LPO/LRO总体量产自述，不能逐P/N套用,产品页/规格书
R49,青岛海信宽带多媒体技术有限公司,1.6T OSFP 2FR4 LRO（RTLR）,LMS3836R-PC+（IHS） / LMS3836R-PC1（RHS）,03 电处理,LRO（RTLR）为本款产品名直接标签；具体DSP/driver/TIA与Tx/Rx拓扑未列,部分披露/有保留,https://www.ligent.com/products/products_module/16t/ | Ligent当前1.6T目录表：Data Rate/PMD/P/N/Power,网页未标日期；2026-10-03读取,2026-10-03,当前原厂P/N目录登记；表头有LPO/LRO总体量产自述，不能逐P/N套用,产品页/规格书
R49,青岛海信宽带多媒体技术有限公司,1.6T OSFP 2FR4 LRO（RTLR）,LMS3836R-PC+（IHS） / LMS3836R-PC1（RHS）,04 驱动,LRO（RTLR）为本款产品名直接标签；具体DSP/driver/TIA与Tx/Rx拓扑未列（本项仅提取驱动相关披露）,部分披露/有保留,https://www.ligent.com/products/products_module/16t/ | Ligent当前1.6T目录表：Data Rate/PMD/P/N/Power,网页未标日期；2026-10-03读取,2026-10-03,当前原厂P/N目录登记；表头有LPO/LRO总体量产自述，不能逐P/N套用,产品页/规格书
R49,青岛海信宽带多媒体技术有限公司,1.6T OSFP 2FR4 LRO（RTLR）,LMS3836R-PC+（IHS） / LMS3836R-PC1（RHS）,05 发光与调制,UNKNOWN：所核资料未列光源和调制平台,UNKNOWN,https://www.ligent.com/products/products_module/16t/ | Ligent当前1.6T目录表：Data Rate/PMD/P/N/Power,网页未标日期；2026-10-03读取,2026-10-03,当前原厂P/N目录登记；表头有LPO/LRO总体量产自述，不能逐P/N套用,产品页/规格书
R49,青岛海信宽带多媒体技术有限公司,1.6T OSFP 2FR4 LRO（RTLR）,LMS3836R-PC+（IHS） / LMS3836R-PC1（RHS）,06 载体与芯片互连,待提取：本稿尚未取得该环节专项资料；不能据此断言厂商未披露,未提取/待检索,,网页未标日期；2026-10-03读取,2026-10-03,当前原厂P/N目录登记；表头有LPO/LRO总体量产自述，不能逐P/N套用,产品页/规格书
R49,青岛海信宽带多媒体技术有限公司,1.6T OSFP 2FR4 LRO（RTLR）,LMS3836R-PC+（IHS） / LMS3836R-PC1（RHS）,07 发射耦合,待提取：本稿尚未取得该环节专项资料；不能据此断言厂商未披露,未提取/待检索,,网页未标日期；2026-10-03读取,2026-10-03,当前原厂P/N目录登记；表头有LPO/LRO总体量产自述，不能逐P/N套用,产品页/规格书
R49,青岛海信宽带多媒体技术有限公司,1.6T OSFP 2FR4 LRO（RTLR）,LMS3836R-PC+（IHS） / LMS3836R-PC1（RHS）,08 合波,2×FR4/LR4波分功能为PMD命名解释；具体合分波器件未列,部分披露/有保留,https://www.ligent.com/products/products_module/16t/ | Ligent当前1.6T目录表：Data Rate/PMD/P/N/Power,网页未标日期；2026-10-03读取,2026-10-03,当前原厂P/N目录登记；表头有LPO/LRO总体量产自述，不能逐P/N套用,产品页/规格书
R49,青岛海信宽带多媒体技术有限公司,1.6T OSFP 2FR4 LRO（RTLR）,LMS3836R-PC+（IHS） / LMS3836R-PC1（RHS）,09 外部光接口,1.6T 2FR4 LRO（RTLR） PMD；光通道线速和波长本表未列；距离：2km；光纤接口见封装字段：OSFP IHS/RHS；双LC,部分披露/有保留,https://www.ligent.com/products/products_module/16t/ | Ligent当前1.6T目录表：Data Rate/PMD/P/N/Power,网页未标日期；2026-10-03读取,2026-10-03,当前原厂P/N目录登记；表头有LPO/LRO总体量产自述，不能逐P/N套用,产品页/规格书
R49,青岛海信宽带多媒体技术有限公司,1.6T OSFP 2FR4 LRO（RTLR）,LMS3836R-PC+（IHS） / LMS3836R-PC1（RHS）,10 分波,2×FR4/LR4波分功能为PMD命名解释；具体合分波器件未列,部分披露/有保留,https://www.ligent.com/products/products_module/16t/ | Ligent当前1.6T目录表：Data Rate/PMD/P/N/Power,网页未标日期；2026-10-03读取,2026-10-03,当前原厂P/N目录登记；表头有LPO/LRO总体量产自述，不能逐P/N套用,产品页/规格书
R49,青岛海信宽带多媒体技术有限公司,1.6T OSFP 2FR4 LRO（RTLR）,LMS3836R-PC+（IHS） / LMS3836R-PC1（RHS）,11 接收耦合,待提取：本稿尚未取得该环节专项资料；不能据此断言厂商未披露,未提取/待检索,,网页未标日期；2026-10-03读取,2026-10-03,当前原厂P/N目录登记；表头有LPO/LRO总体量产自述，不能逐P/N套用,产品页/规格书
R49,青岛海信宽带多媒体技术有限公司,1.6T OSFP 2FR4 LRO（RTLR）,LMS3836R-PC+（IHS） / LMS3836R-PC1（RHS）,12 探测器,UNKNOWN：所核资料未列PD/TIA（探测器与接收放大联合披露，未给出部分保持UNKNOWN）,UNKNOWN,https://www.ligent.com/products/products_module/16t/ | Ligent当前1.6T目录表：Data Rate/PMD/P/N/Power,网页未标日期；2026-10-03读取,2026-10-03,当前原厂P/N目录登记；表头有LPO/LRO总体量产自述，不能逐P/N套用,产品页/规格书
R49,青岛海信宽带多媒体技术有限公司,1.6T OSFP 2FR4 LRO（RTLR）,LMS3836R-PC+（IHS） / LMS3836R-PC1（RHS）,13 接收放大,UNKNOWN：所核资料未列PD/TIA（探测器与接收放大联合披露，未给出部分保持UNKNOWN）,UNKNOWN,https://www.ligent.com/products/products_module/16t/ | Ligent当前1.6T目录表：Data Rate/PMD/P/N/Power,网页未标日期；2026-10-03读取,2026-10-03,当前原厂P/N目录登记；表头有LPO/LRO总体量产自述，不能逐P/N套用,产品页/规格书
R49,青岛海信宽带多媒体技术有限公司,1.6T OSFP 2FR4 LRO（RTLR）,LMS3836R-PC+（IHS） / LMS3836R-PC1（RHS）,14 控制,待提取：本稿尚未取得该环节专项资料；不能据此断言厂商未披露,未提取/待检索,,网页未标日期；2026-10-03读取,2026-10-03,当前原厂P/N目录登记；表头有LPO/LRO总体量产自述，不能逐P/N套用,产品页/规格书
R49,青岛海信宽带多媒体技术有限公司,1.6T OSFP 2FR4 LRO（RTLR）,LMS3836R-PC+（IHS） / LMS3836R-PC1（RHS）,15 非易失存储,待提取：本稿尚未取得该环节专项资料；不能据此断言厂商未披露,未提取/待检索,,网页未标日期；2026-10-03读取,2026-10-03,当前原厂P/N目录登记；表头有LPO/LRO总体量产自述，不能逐P/N套用,产品页/规格书
R49,青岛海信宽带多媒体技术有限公司,1.6T OSFP 2FR4 LRO（RTLR）,LMS3836R-PC+（IHS） / LMS3836R-PC1（RHS）,16 电源,待提取：本稿尚未取得该环节专项资料；不能据此断言厂商未披露,未提取/待检索,,网页未标日期；2026-10-03读取,2026-10-03,当前原厂P/N目录登记；表头有LPO/LRO总体量产自述，不能逐P/N套用,产品页/规格书
R49,青岛海信宽带多媒体技术有限公司,1.6T OSFP 2FR4 LRO（RTLR）,LMS3836R-PC+（IHS） / LMS3836R-PC1（RHS）,17 时钟,待提取：本稿尚未取得该环节专项资料；不能据此断言厂商未披露,未提取/待检索,,网页未标日期；2026-10-03读取,2026-10-03,当前原厂P/N目录登记；表头有LPO/LRO总体量产自述，不能逐P/N套用,产品页/规格书
R49,青岛海信宽带多媒体技术有限公司,1.6T OSFP 2FR4 LRO（RTLR）,LMS3836R-PC+（IHS） / LMS3836R-PC1（RHS）,18 无源电子件,待提取：本稿尚未取得该环节专项资料；不能据此断言厂商未披露,未提取/待检索,,网页未标日期；2026-10-03读取,2026-10-03,当前原厂P/N目录登记；表头有LPO/LRO总体量产自述，不能逐P/N套用,产品页/规格书
R49,青岛海信宽带多媒体技术有限公司,1.6T OSFP 2FR4 LRO（RTLR）,LMS3836R-PC+（IHS） / LMS3836R-PC1（RHS）,19 热管理,17.5W（表列值，非独立实测）；具体散热器、材料与热设计UNKNOWN,部分披露/有保留,https://www.ligent.com/products/products_module/16t/ | Ligent当前1.6T目录表：Data Rate/PMD/P/N/Power,网页未标日期；2026-10-03读取,2026-10-03,当前原厂P/N目录登记；表头有LPO/LRO总体量产自述，不能逐P/N套用,产品页/规格书
R49,青岛海信宽带多媒体技术有限公司,1.6T OSFP 2FR4 LRO（RTLR）,LMS3836R-PC+（IHS） / LMS3836R-PC1（RHS）,20 总体封装,OSFP IHS/RHS；双LC,厂商直接披露,https://www.ligent.com/products/products_module/16t/ | Ligent当前1.6T目录表：Data Rate/PMD/P/N/Power,网页未标日期；2026-10-03读取,2026-10-03,当前原厂P/N目录登记；表头有LPO/LRO总体量产自述，不能逐P/N套用,产品页/规格书
R50,青岛海信宽带多媒体技术有限公司,1.6T OSFP 2LR4,LMS3838-PC1,01 主机电接口,UNKNOWN：目录Data Rate列为8:8，表中未逐字定义比值对象/逐电通道线速,UNKNOWN,https://www.ligent.com/products/products_module/16t/ | Ligent当前1.6T目录表：Data Rate/PMD/P/N/Power,网页未标日期；2026-10-03读取,2026-10-03,当前原厂P/N目录登记；表头有LPO/LRO总体量产自述，不能逐P/N套用,产品页/规格书
R50,青岛海信宽带多媒体技术有限公司,1.6T OSFP 2LR4,LMS3838-PC1,02 PCB与电连接,待提取：本稿尚未取得该环节专项资料；不能据此断言厂商未披露,未提取/待检索,,网页未标日期；2026-10-03读取,2026-10-03,当前原厂P/N目录登记；表头有LPO/LRO总体量产自述，不能逐P/N套用,产品页/规格书
R50,青岛海信宽带多媒体技术有限公司,1.6T OSFP 2LR4,LMS3838-PC1,03 电处理,UNKNOWN：所核资料未列电处理架构或芯片,UNKNOWN,https://www.ligent.com/products/products_module/16t/ | Ligent当前1.6T目录表：Data Rate/PMD/P/N/Power,网页未标日期；2026-10-03读取,2026-10-03,当前原厂P/N目录登记；表头有LPO/LRO总体量产自述，不能逐P/N套用,产品页/规格书
R50,青岛海信宽带多媒体技术有限公司,1.6T OSFP 2LR4,LMS3838-PC1,04 驱动,待提取：本稿尚未取得该环节专项资料；不能据此断言厂商未披露,未提取/待检索,,网页未标日期；2026-10-03读取,2026-10-03,当前原厂P/N目录登记；表头有LPO/LRO总体量产自述，不能逐P/N套用,产品页/规格书
R50,青岛海信宽带多媒体技术有限公司,1.6T OSFP 2LR4,LMS3838-PC1,05 发光与调制,UNKNOWN：所核资料未列光源和调制平台,UNKNOWN,https://www.ligent.com/products/products_module/16t/ | Ligent当前1.6T目录表：Data Rate/PMD/P/N/Power,网页未标日期；2026-10-03读取,2026-10-03,当前原厂P/N目录登记；表头有LPO/LRO总体量产自述，不能逐P/N套用,产品页/规格书
R50,青岛海信宽带多媒体技术有限公司,1.6T OSFP 2LR4,LMS3838-PC1,06 载体与芯片互连,待提取：本稿尚未取得该环节专项资料；不能据此断言厂商未披露,未提取/待检索,,网页未标日期；2026-10-03读取,2026-10-03,当前原厂P/N目录登记；表头有LPO/LRO总体量产自述，不能逐P/N套用,产品页/规格书
R50,青岛海信宽带多媒体技术有限公司,1.6T OSFP 2LR4,LMS3838-PC1,07 发射耦合,待提取：本稿尚未取得该环节专项资料；不能据此断言厂商未披露,未提取/待检索,,网页未标日期；2026-10-03读取,2026-10-03,当前原厂P/N目录登记；表头有LPO/LRO总体量产自述，不能逐P/N套用,产品页/规格书
R50,青岛海信宽带多媒体技术有限公司,1.6T OSFP 2LR4,LMS3838-PC1,08 合波,2×FR4/LR4波分功能为PMD命名解释；具体合分波器件未列,部分披露/有保留,https://www.ligent.com/products/products_module/16t/ | Ligent当前1.6T目录表：Data Rate/PMD/P/N/Power,网页未标日期；2026-10-03读取,2026-10-03,当前原厂P/N目录登记；表头有LPO/LRO总体量产自述，不能逐P/N套用,产品页/规格书
R50,青岛海信宽带多媒体技术有限公司,1.6T OSFP 2LR4,LMS3838-PC1,09 外部光接口,1.6T 2LR4 PMD；光通道线速和波长本表未列；距离：10km；光纤接口见封装字段：OSFP；双LC,部分披露/有保留,https://www.ligent.com/products/products_module/16t/ | Ligent当前1.6T目录表：Data Rate/PMD/P/N/Power,网页未标日期；2026-10-03读取,2026-10-03,当前原厂P/N目录登记；表头有LPO/LRO总体量产自述，不能逐P/N套用,产品页/规格书
R50,青岛海信宽带多媒体技术有限公司,1.6T OSFP 2LR4,LMS3838-PC1,10 分波,2×FR4/LR4波分功能为PMD命名解释；具体合分波器件未列,部分披露/有保留,https://www.ligent.com/products/products_module/16t/ | Ligent当前1.6T目录表：Data Rate/PMD/P/N/Power,网页未标日期；2026-10-03读取,2026-10-03,当前原厂P/N目录登记；表头有LPO/LRO总体量产自述，不能逐P/N套用,产品页/规格书
R50,青岛海信宽带多媒体技术有限公司,1.6T OSFP 2LR4,LMS3838-PC1,11 接收耦合,待提取：本稿尚未取得该环节专项资料；不能据此断言厂商未披露,未提取/待检索,,网页未标日期；2026-10-03读取,2026-10-03,当前原厂P/N目录登记；表头有LPO/LRO总体量产自述，不能逐P/N套用,产品页/规格书
R50,青岛海信宽带多媒体技术有限公司,1.6T OSFP 2LR4,LMS3838-PC1,12 探测器,UNKNOWN：所核资料未列PD/TIA（探测器与接收放大联合披露，未给出部分保持UNKNOWN）,UNKNOWN,https://www.ligent.com/products/products_module/16t/ | Ligent当前1.6T目录表：Data Rate/PMD/P/N/Power,网页未标日期；2026-10-03读取,2026-10-03,当前原厂P/N目录登记；表头有LPO/LRO总体量产自述，不能逐P/N套用,产品页/规格书
R50,青岛海信宽带多媒体技术有限公司,1.6T OSFP 2LR4,LMS3838-PC1,13 接收放大,UNKNOWN：所核资料未列PD/TIA（探测器与接收放大联合披露，未给出部分保持UNKNOWN）,UNKNOWN,https://www.ligent.com/products/products_module/16t/ | Ligent当前1.6T目录表：Data Rate/PMD/P/N/Power,网页未标日期；2026-10-03读取,2026-10-03,当前原厂P/N目录登记；表头有LPO/LRO总体量产自述，不能逐P/N套用,产品页/规格书
R50,青岛海信宽带多媒体技术有限公司,1.6T OSFP 2LR4,LMS3838-PC1,14 控制,待提取：本稿尚未取得该环节专项资料；不能据此断言厂商未披露,未提取/待检索,,网页未标日期；2026-10-03读取,2026-10-03,当前原厂P/N目录登记；表头有LPO/LRO总体量产自述，不能逐P/N套用,产品页/规格书
R50,青岛海信宽带多媒体技术有限公司,1.6T OSFP 2LR4,LMS3838-PC1,15 非易失存储,待提取：本稿尚未取得该环节专项资料；不能据此断言厂商未披露,未提取/待检索,,网页未标日期；2026-10-03读取,2026-10-03,当前原厂P/N目录登记；表头有LPO/LRO总体量产自述，不能逐P/N套用,产品页/规格书
R50,青岛海信宽带多媒体技术有限公司,1.6T OSFP 2LR4,LMS3838-PC1,16 电源,待提取：本稿尚未取得该环节专项资料；不能据此断言厂商未披露,未提取/待检索,,网页未标日期；2026-10-03读取,2026-10-03,当前原厂P/N目录登记；表头有LPO/LRO总体量产自述，不能逐P/N套用,产品页/规格书
R50,青岛海信宽带多媒体技术有限公司,1.6T OSFP 2LR4,LMS3838-PC1,17 时钟,待提取：本稿尚未取得该环节专项资料；不能据此断言厂商未披露,未提取/待检索,,网页未标日期；2026-10-03读取,2026-10-03,当前原厂P/N目录登记；表头有LPO/LRO总体量产自述，不能逐P/N套用,产品页/规格书
R50,青岛海信宽带多媒体技术有限公司,1.6T OSFP 2LR4,LMS3838-PC1,18 无源电子件,待提取：本稿尚未取得该环节专项资料；不能据此断言厂商未披露,未提取/待检索,,网页未标日期；2026-10-03读取,2026-10-03,当前原厂P/N目录登记；表头有LPO/LRO总体量产自述，不能逐P/N套用,产品页/规格书
R50,青岛海信宽带多媒体技术有限公司,1.6T OSFP 2LR4,LMS3838-PC1,19 热管理,29W（表列值，非独立实测）；具体散热器、材料与热设计UNKNOWN,部分披露/有保留,https://www.ligent.com/products/products_module/16t/ | Ligent当前1.6T目录表：Data Rate/PMD/P/N/Power,网页未标日期；2026-10-03读取,2026-10-03,当前原厂P/N目录登记；表头有LPO/LRO总体量产自述，不能逐P/N套用,产品页/规格书
R50,青岛海信宽带多媒体技术有限公司,1.6T OSFP 2LR4,LMS3838-PC1,20 总体封装,OSFP；双LC,厂商直接披露,https://www.ligent.com/products/products_module/16t/ | Ligent当前1.6T目录表：Data Rate/PMD/P/N/Power,网页未标日期；2026-10-03读取,2026-10-03,当前原厂P/N目录登记；表头有LPO/LRO总体量产自述，不能逐P/N套用,产品页/规格书
R51,青岛海信宽带多媒体技术有限公司,1.6T OSFP DR8（2024双光子平台发布）,原稿未列P/N,01 主机电接口,UNKNOWN：所核资料未列逐通道电接口,UNKNOWN,https://hbmt.hisense.com/ | 海信宽带历史官网；P254保留2024-09-11发布稿摘录，当前跳转Ligent,事件2024-09-11；账本核锚2026-07-30；本轮未重新取回历史全文,2026-10-03,2024-09-11宣布推出/双平台开发；不据集团全品类量产能力推定这款已量产,演示/发布配置
R51,青岛海信宽带多媒体技术有限公司,1.6T OSFP DR8（2024双光子平台发布）,原稿未列P/N,02 PCB与电连接,待提取：本稿尚未取得该环节专项资料；不能据此断言厂商未披露,未提取/待检索,,事件2024-09-11；账本核锚2026-07-30；本轮未重新取回历史全文,2026-10-03,2024-09-11宣布推出/双平台开发；不据集团全品类量产能力推定这款已量产,演示/发布配置
R51,青岛海信宽带多媒体技术有限公司,1.6T OSFP DR8（2024双光子平台发布）,原稿未列P/N,03 电处理,UNKNOWN：所核资料未列电处理架构或芯片,UNKNOWN,https://hbmt.hisense.com/ | 海信宽带历史官网；P254保留2024-09-11发布稿摘录，当前跳转Ligent,事件2024-09-11；账本核锚2026-07-30；本轮未重新取回历史全文,2026-10-03,2024-09-11宣布推出/双平台开发；不据集团全品类量产能力推定这款已量产,演示/发布配置
R51,青岛海信宽带多媒体技术有限公司,1.6T OSFP DR8（2024双光子平台发布）,原稿未列P/N,04 驱动,待提取：本稿尚未取得该环节专项资料；不能据此断言厂商未披露,未提取/待检索,,事件2024-09-11；账本核锚2026-07-30；本轮未重新取回历史全文,2026-10-03,2024-09-11宣布推出/双平台开发；不据集团全品类量产能力推定这款已量产,演示/发布配置
R51,青岛海信宽带多媒体技术有限公司,1.6T OSFP DR8（2024双光子平台发布）,原稿未列P/N,05 发光与调制,SiPh与EML两个开发平台，既有P254官方稿摘录直接披露；单一P/N未对齐,厂商直接披露,https://hbmt.hisense.com/ | 海信宽带历史官网；P254保留2024-09-11发布稿摘录，当前跳转Ligent,事件2024-09-11；账本核锚2026-07-30；本轮未重新取回历史全文,2026-10-03,2024-09-11宣布推出/双平台开发；不据集团全品类量产能力推定这款已量产,演示/发布配置
R51,青岛海信宽带多媒体技术有限公司,1.6T OSFP DR8（2024双光子平台发布）,原稿未列P/N,06 载体与芯片互连,待提取：本稿尚未取得该环节专项资料；不能据此断言厂商未披露,未提取/待检索,,事件2024-09-11；账本核锚2026-07-30；本轮未重新取回历史全文,2026-10-03,2024-09-11宣布推出/双平台开发；不据集团全品类量产能力推定这款已量产,演示/发布配置
R51,青岛海信宽带多媒体技术有限公司,1.6T OSFP DR8（2024双光子平台发布）,原稿未列P/N,07 发射耦合,待提取：本稿尚未取得该环节专项资料；不能据此断言厂商未披露,未提取/待检索,,事件2024-09-11；账本核锚2026-07-30；本轮未重新取回历史全文,2026-10-03,2024-09-11宣布推出/双平台开发；不据集团全品类量产能力推定这款已量产,演示/发布配置
R51,青岛海信宽带多媒体技术有限公司,1.6T OSFP DR8（2024双光子平台发布）,原稿未列P/N,08 合波,UNKNOWN：所核资料未列内部合分波器件,UNKNOWN,https://hbmt.hisense.com/ | 海信宽带历史官网；P254保留2024-09-11发布稿摘录，当前跳转Ligent,事件2024-09-11；账本核锚2026-07-30；本轮未重新取回历史全文,2026-10-03,2024-09-11宣布推出/双平台开发；不据集团全品类量产能力推定这款已量产,演示/发布配置
R51,青岛海信宽带多媒体技术有限公司,1.6T OSFP DR8（2024双光子平台发布）,原稿未列P/N,09 外部光接口,DR8族；逐通道速率/波长原摘录未给；距离：UNKNOWN：所核资料未列距离；光纤接口见封装字段：OSFP；连接器未取得,部分披露/有保留,https://hbmt.hisense.com/ | 海信宽带历史官网；P254保留2024-09-11发布稿摘录，当前跳转Ligent,事件2024-09-11；账本核锚2026-07-30；本轮未重新取回历史全文,2026-10-03,2024-09-11宣布推出/双平台开发；不据集团全品类量产能力推定这款已量产,演示/发布配置
R51,青岛海信宽带多媒体技术有限公司,1.6T OSFP DR8（2024双光子平台发布）,原稿未列P/N,10 分波,UNKNOWN：所核资料未列内部合分波器件,UNKNOWN,https://hbmt.hisense.com/ | 海信宽带历史官网；P254保留2024-09-11发布稿摘录，当前跳转Ligent,事件2024-09-11；账本核锚2026-07-30；本轮未重新取回历史全文,2026-10-03,2024-09-11宣布推出/双平台开发；不据集团全品类量产能力推定这款已量产,演示/发布配置
R51,青岛海信宽带多媒体技术有限公司,1.6T OSFP DR8（2024双光子平台发布）,原稿未列P/N,11 接收耦合,待提取：本稿尚未取得该环节专项资料；不能据此断言厂商未披露,未提取/待检索,,事件2024-09-11；账本核锚2026-07-30；本轮未重新取回历史全文,2026-10-03,2024-09-11宣布推出/双平台开发；不据集团全品类量产能力推定这款已量产,演示/发布配置
R51,青岛海信宽带多媒体技术有限公司,1.6T OSFP DR8（2024双光子平台发布）,原稿未列P/N,12 探测器,UNKNOWN：所核资料未列PD/TIA（探测器与接收放大联合披露，未给出部分保持UNKNOWN）,UNKNOWN,https://hbmt.hisense.com/ | 海信宽带历史官网；P254保留2024-09-11发布稿摘录，当前跳转Ligent,事件2024-09-11；账本核锚2026-07-30；本轮未重新取回历史全文,2026-10-03,2024-09-11宣布推出/双平台开发；不据集团全品类量产能力推定这款已量产,演示/发布配置
R51,青岛海信宽带多媒体技术有限公司,1.6T OSFP DR8（2024双光子平台发布）,原稿未列P/N,13 接收放大,UNKNOWN：所核资料未列PD/TIA（探测器与接收放大联合披露，未给出部分保持UNKNOWN）,UNKNOWN,https://hbmt.hisense.com/ | 海信宽带历史官网；P254保留2024-09-11发布稿摘录，当前跳转Ligent,事件2024-09-11；账本核锚2026-07-30；本轮未重新取回历史全文,2026-10-03,2024-09-11宣布推出/双平台开发；不据集团全品类量产能力推定这款已量产,演示/发布配置
R51,青岛海信宽带多媒体技术有限公司,1.6T OSFP DR8（2024双光子平台发布）,原稿未列P/N,14 控制,待提取：本稿尚未取得该环节专项资料；不能据此断言厂商未披露,未提取/待检索,,事件2024-09-11；账本核锚2026-07-30；本轮未重新取回历史全文,2026-10-03,2024-09-11宣布推出/双平台开发；不据集团全品类量产能力推定这款已量产,演示/发布配置
R51,青岛海信宽带多媒体技术有限公司,1.6T OSFP DR8（2024双光子平台发布）,原稿未列P/N,15 非易失存储,待提取：本稿尚未取得该环节专项资料；不能据此断言厂商未披露,未提取/待检索,,事件2024-09-11；账本核锚2026-07-30；本轮未重新取回历史全文,2026-10-03,2024-09-11宣布推出/双平台开发；不据集团全品类量产能力推定这款已量产,演示/发布配置
R51,青岛海信宽带多媒体技术有限公司,1.6T OSFP DR8（2024双光子平台发布）,原稿未列P/N,16 电源,待提取：本稿尚未取得该环节专项资料；不能据此断言厂商未披露,未提取/待检索,,事件2024-09-11；账本核锚2026-07-30；本轮未重新取回历史全文,2026-10-03,2024-09-11宣布推出/双平台开发；不据集团全品类量产能力推定这款已量产,演示/发布配置
R51,青岛海信宽带多媒体技术有限公司,1.6T OSFP DR8（2024双光子平台发布）,原稿未列P/N,17 时钟,待提取：本稿尚未取得该环节专项资料；不能据此断言厂商未披露,未提取/待检索,,事件2024-09-11；账本核锚2026-07-30；本轮未重新取回历史全文,2026-10-03,2024-09-11宣布推出/双平台开发；不据集团全品类量产能力推定这款已量产,演示/发布配置
R51,青岛海信宽带多媒体技术有限公司,1.6T OSFP DR8（2024双光子平台发布）,原稿未列P/N,18 无源电子件,待提取：本稿尚未取得该环节专项资料；不能据此断言厂商未披露,未提取/待检索,,事件2024-09-11；账本核锚2026-07-30；本轮未重新取回历史全文,2026-10-03,2024-09-11宣布推出/双平台开发；不据集团全品类量产能力推定这款已量产,演示/发布配置
R51,青岛海信宽带多媒体技术有限公司,1.6T OSFP DR8（2024双光子平台发布）,原稿未列P/N,19 热管理,UNKNOWN：所核资料未列功耗；具体散热器、材料与热设计UNKNOWN,UNKNOWN,https://hbmt.hisense.com/ | 海信宽带历史官网；P254保留2024-09-11发布稿摘录，当前跳转Ligent,事件2024-09-11；账本核锚2026-07-30；本轮未重新取回历史全文,2026-10-03,2024-09-11宣布推出/双平台开发；不据集团全品类量产能力推定这款已量产,演示/发布配置
R51,青岛海信宽带多媒体技术有限公司,1.6T OSFP DR8（2024双光子平台发布）,原稿未列P/N,20 总体封装,OSFP；连接器未取得,部分披露/有保留,https://hbmt.hisense.com/ | 海信宽带历史官网；P254保留2024-09-11发布稿摘录，当前跳转Ligent,事件2024-09-11；账本核锚2026-07-30；本轮未重新取回历史全文,2026-10-03,2024-09-11宣布推出/双平台开发；不据集团全品类量产能力推定这款已量产,演示/发布配置
R52,剑桥科技,1.6T OSFP-XD 2×DR4 EML,TRX5J00PNFDMF000,01 主机电接口,16×53.125GBd PAM4；2×800GAUI-8,厂商直接披露,https://www.cigtech.us/photonics | CIG USA Photonics原厂配置页；读取下列具体型号段,网页未标日期；2026-10-03读取,2026-10-03,原厂目录/规格登记；逐型号当前量产尚未证明,产品页/规格书
R52,剑桥科技,1.6T OSFP-XD 2×DR4 EML,TRX5J00PNFDMF000,02 PCB与电连接,待提取：本稿尚未取得该环节专项资料；不能据此断言厂商未披露,未提取/待检索,,网页未标日期；2026-10-03读取,2026-10-03,原厂目录/规格登记；逐型号当前量产尚未证明,产品页/规格书
R52,剑桥科技,1.6T OSFP-XD 2×DR4 EML,TRX5J00PNFDMF000,03 电处理,UNKNOWN：所核资料未列电处理架构或芯片,UNKNOWN,https://www.cigtech.us/photonics | CIG USA Photonics原厂配置页；读取下列具体型号段,网页未标日期；2026-10-03读取,2026-10-03,原厂目录/规格登记；逐型号当前量产尚未证明,产品页/规格书
R52,剑桥科技,1.6T OSFP-XD 2×DR4 EML,TRX5J00PNFDMF000,04 驱动,待提取：本稿尚未取得该环节专项资料；不能据此断言厂商未披露,未提取/待检索,,网页未标日期；2026-10-03读取,2026-10-03,原厂目录/规格登记；逐型号当前量产尚未证明,产品页/规格书
R52,剑桥科技,1.6T OSFP-XD 2×DR4 EML,TRX5J00PNFDMF000,05 发光与调制,1310nm EA-DFB（产品名EML）,厂商直接披露,https://www.cigtech.us/photonics | CIG USA Photonics原厂配置页；读取下列具体型号段,网页未标日期；2026-10-03读取,2026-10-03,原厂目录/规格登记；逐型号当前量产尚未证明,产品页/规格书
R52,剑桥科技,1.6T OSFP-XD 2×DR4 EML,TRX5J00PNFDMF000,06 载体与芯片互连,待提取：本稿尚未取得该环节专项资料；不能据此断言厂商未披露,未提取/待检索,,网页未标日期；2026-10-03读取,2026-10-03,原厂目录/规格登记；逐型号当前量产尚未证明,产品页/规格书
R52,剑桥科技,1.6T OSFP-XD 2×DR4 EML,TRX5J00PNFDMF000,07 发射耦合,待提取：本稿尚未取得该环节专项资料；不能据此断言厂商未披露,未提取/待检索,,网页未标日期；2026-10-03读取,2026-10-03,原厂目录/规格登记；逐型号当前量产尚未证明,产品页/规格书
R52,剑桥科技,1.6T OSFP-XD 2×DR4 EML,TRX5J00PNFDMF000,08 合波,UNKNOWN：所核资料未列内部合分波器件,UNKNOWN,https://www.cigtech.us/photonics | CIG USA Photonics原厂配置页；读取下列具体型号段,网页未标日期；2026-10-03读取,2026-10-03,原厂目录/规格登记；逐型号当前量产尚未证明,产品页/规格书
R52,剑桥科技,1.6T OSFP-XD 2×DR4 EML,TRX5J00PNFDMF000,09 外部光接口,8×106.25GBd PAM4；2×800GBASE-DR4；距离：500m SMF；光纤接口见封装字段：OSFP-XD；双MPO12；120-pad电连接器,厂商直接披露,https://www.cigtech.us/photonics | CIG USA Photonics原厂配置页；读取下列具体型号段,网页未标日期；2026-10-03读取,2026-10-03,原厂目录/规格登记；逐型号当前量产尚未证明,产品页/规格书
R52,剑桥科技,1.6T OSFP-XD 2×DR4 EML,TRX5J00PNFDMF000,10 分波,UNKNOWN：所核资料未列内部合分波器件,UNKNOWN,https://www.cigtech.us/photonics | CIG USA Photonics原厂配置页；读取下列具体型号段,网页未标日期；2026-10-03读取,2026-10-03,原厂目录/规格登记；逐型号当前量产尚未证明,产品页/规格书
R52,剑桥科技,1.6T OSFP-XD 2×DR4 EML,TRX5J00PNFDMF000,11 接收耦合,待提取：本稿尚未取得该环节专项资料；不能据此断言厂商未披露,未提取/待检索,,网页未标日期；2026-10-03读取,2026-10-03,原厂目录/规格登记；逐型号当前量产尚未证明,产品页/规格书
R52,剑桥科技,1.6T OSFP-XD 2×DR4 EML,TRX5J00PNFDMF000,12 探测器,PIN；TIA未列（探测器与接收放大联合披露，未给出部分保持UNKNOWN）,部分披露/有保留,https://www.cigtech.us/photonics | CIG USA Photonics原厂配置页；读取下列具体型号段,网页未标日期；2026-10-03读取,2026-10-03,原厂目录/规格登记；逐型号当前量产尚未证明,产品页/规格书
R52,剑桥科技,1.6T OSFP-XD 2×DR4 EML,TRX5J00PNFDMF000,13 接收放大,PIN；TIA未列（探测器与接收放大联合披露，未给出部分保持UNKNOWN）,部分披露/有保留,https://www.cigtech.us/photonics | CIG USA Photonics原厂配置页；读取下列具体型号段,网页未标日期；2026-10-03读取,2026-10-03,原厂目录/规格登记；逐型号当前量产尚未证明,产品页/规格书
R52,剑桥科技,1.6T OSFP-XD 2×DR4 EML,TRX5J00PNFDMF000,14 控制,待提取：本稿尚未取得该环节专项资料；不能据此断言厂商未披露,未提取/待检索,,网页未标日期；2026-10-03读取,2026-10-03,原厂目录/规格登记；逐型号当前量产尚未证明,产品页/规格书
R52,剑桥科技,1.6T OSFP-XD 2×DR4 EML,TRX5J00PNFDMF000,15 非易失存储,待提取：本稿尚未取得该环节专项资料；不能据此断言厂商未披露,未提取/待检索,,网页未标日期；2026-10-03读取,2026-10-03,原厂目录/规格登记；逐型号当前量产尚未证明,产品页/规格书
R52,剑桥科技,1.6T OSFP-XD 2×DR4 EML,TRX5J00PNFDMF000,16 电源,待提取：本稿尚未取得该环节专项资料；不能据此断言厂商未披露,未提取/待检索,,网页未标日期；2026-10-03读取,2026-10-03,原厂目录/规格登记；逐型号当前量产尚未证明,产品页/规格书
R52,剑桥科技,1.6T OSFP-XD 2×DR4 EML,TRX5J00PNFDMF000,17 时钟,待提取：本稿尚未取得该环节专项资料；不能据此断言厂商未披露,未提取/待检索,,网页未标日期；2026-10-03读取,2026-10-03,原厂目录/规格登记；逐型号当前量产尚未证明,产品页/规格书
R52,剑桥科技,1.6T OSFP-XD 2×DR4 EML,TRX5J00PNFDMF000,18 无源电子件,待提取：本稿尚未取得该环节专项资料；不能据此断言厂商未披露,未提取/待检索,,网页未标日期；2026-10-03读取,2026-10-03,原厂目录/规格登记；逐型号当前量产尚未证明,产品页/规格书
R52,剑桥科技,1.6T OSFP-XD 2×DR4 EML,TRX5J00PNFDMF000,19 热管理,TBD（原页明确）；具体散热器、材料与热设计UNKNOWN,部分披露/有保留,https://www.cigtech.us/photonics | CIG USA Photonics原厂配置页；读取下列具体型号段,网页未标日期；2026-10-03读取,2026-10-03,原厂目录/规格登记；逐型号当前量产尚未证明,产品页/规格书
R52,剑桥科技,1.6T OSFP-XD 2×DR4 EML,TRX5J00PNFDMF000,20 总体封装,OSFP-XD；双MPO12；120-pad电连接器,厂商直接披露,https://www.cigtech.us/photonics | CIG USA Photonics原厂配置页；读取下列具体型号段,网页未标日期；2026-10-03读取,2026-10-03,原厂目录/规格登记；逐型号当前量产尚未证明,产品页/规格书
R53,剑桥科技,800G QSFP-DD 2×FR4 EML,TRD5J10ENFDLF000,01 主机电接口,2×4路53.125GBd PAM4；400GAUI-4,厂商直接披露,https://www.cigtech.us/photonics | CIG USA Photonics原厂配置页；读取下列具体型号段,网页未标日期；2026-10-03读取,2026-10-03,原厂目录/规格登记；逐型号当前量产尚未证明,产品页/规格书
R53,剑桥科技,800G QSFP-DD 2×FR4 EML,TRD5J10ENFDLF000,02 PCB与电连接,待提取：本稿尚未取得该环节专项资料；不能据此断言厂商未披露,未提取/待检索,,网页未标日期；2026-10-03读取,2026-10-03,原厂目录/规格登记；逐型号当前量产尚未证明,产品页/规格书
R53,剑桥科技,800G QSFP-DD 2×FR4 EML,TRD5J10ENFDLF000,03 电处理,UNKNOWN：所核资料未列电处理架构或芯片,UNKNOWN,https://www.cigtech.us/photonics | CIG USA Photonics原厂配置页；读取下列具体型号段,网页未标日期；2026-10-03读取,2026-10-03,原厂目录/规格登记；逐型号当前量产尚未证明,产品页/规格书
R53,剑桥科技,800G QSFP-DD 2×FR4 EML,TRD5J10ENFDLF000,04 驱动,待提取：本稿尚未取得该环节专项资料；不能据此断言厂商未披露,未提取/待检索,,网页未标日期；2026-10-03读取,2026-10-03,原厂目录/规格登记；逐型号当前量产尚未证明,产品页/规格书
R53,剑桥科技,800G QSFP-DD 2×FR4 EML,TRD5J10ENFDLF000,05 发光与调制,CWDM EA-DFB（EML）,厂商直接披露,https://www.cigtech.us/photonics | CIG USA Photonics原厂配置页；读取下列具体型号段,网页未标日期；2026-10-03读取,2026-10-03,原厂目录/规格登记；逐型号当前量产尚未证明,产品页/规格书
R53,剑桥科技,800G QSFP-DD 2×FR4 EML,TRD5J10ENFDLF000,06 载体与芯片互连,待提取：本稿尚未取得该环节专项资料；不能据此断言厂商未披露,未提取/待检索,,网页未标日期；2026-10-03读取,2026-10-03,原厂目录/规格登记；逐型号当前量产尚未证明,产品页/规格书
R53,剑桥科技,800G QSFP-DD 2×FR4 EML,TRD5J10ENFDLF000,07 发射耦合,待提取：本稿尚未取得该环节专项资料；不能据此断言厂商未披露,未提取/待检索,,网页未标日期；2026-10-03读取,2026-10-03,原厂目录/规格登记；逐型号当前量产尚未证明,产品页/规格书
R53,剑桥科技,800G QSFP-DD 2×FR4 EML,TRD5J10ENFDLF000,08 合波,双组CWDM波分功能；器件工艺未列,部分披露/有保留,https://www.cigtech.us/photonics | CIG USA Photonics原厂配置页；读取下列具体型号段,网页未标日期；2026-10-03读取,2026-10-03,原厂目录/规格登记；逐型号当前量产尚未证明,产品页/规格书
R53,剑桥科技,800G QSFP-DD 2×FR4 EML,TRD5J10ENFDLF000,09 外部光接口,2×4波长53.125GBd PAM4；400GBASE-FR4；距离：2km SMF；光纤接口见封装字段：QSFP-DD800；双duplex LC；76-pad电连接器,厂商直接披露,https://www.cigtech.us/photonics | CIG USA Photonics原厂配置页；读取下列具体型号段,网页未标日期；2026-10-03读取,2026-10-03,原厂目录/规格登记；逐型号当前量产尚未证明,产品页/规格书
R53,剑桥科技,800G QSFP-DD 2×FR4 EML,TRD5J10ENFDLF000,10 分波,双组CWDM波分功能；器件工艺未列,部分披露/有保留,https://www.cigtech.us/photonics | CIG USA Photonics原厂配置页；读取下列具体型号段,网页未标日期；2026-10-03读取,2026-10-03,原厂目录/规格登记；逐型号当前量产尚未证明,产品页/规格书
R53,剑桥科技,800G QSFP-DD 2×FR4 EML,TRD5J10ENFDLF000,11 接收耦合,待提取：本稿尚未取得该环节专项资料；不能据此断言厂商未披露,未提取/待检索,,网页未标日期；2026-10-03读取,2026-10-03,原厂目录/规格登记；逐型号当前量产尚未证明,产品页/规格书
R53,剑桥科技,800G QSFP-DD 2×FR4 EML,TRD5J10ENFDLF000,12 探测器,PIN；TIA未列（探测器与接收放大联合披露，未给出部分保持UNKNOWN）,部分披露/有保留,https://www.cigtech.us/photonics | CIG USA Photonics原厂配置页；读取下列具体型号段,网页未标日期；2026-10-03读取,2026-10-03,原厂目录/规格登记；逐型号当前量产尚未证明,产品页/规格书
R53,剑桥科技,800G QSFP-DD 2×FR4 EML,TRD5J10ENFDLF000,13 接收放大,PIN；TIA未列（探测器与接收放大联合披露，未给出部分保持UNKNOWN）,部分披露/有保留,https://www.cigtech.us/photonics | CIG USA Photonics原厂配置页；读取下列具体型号段,网页未标日期；2026-10-03读取,2026-10-03,原厂目录/规格登记；逐型号当前量产尚未证明,产品页/规格书
R53,剑桥科技,800G QSFP-DD 2×FR4 EML,TRD5J10ENFDLF000,14 控制,待提取：本稿尚未取得该环节专项资料；不能据此断言厂商未披露,未提取/待检索,,网页未标日期；2026-10-03读取,2026-10-03,原厂目录/规格登记；逐型号当前量产尚未证明,产品页/规格书
R53,剑桥科技,800G QSFP-DD 2×FR4 EML,TRD5J10ENFDLF000,15 非易失存储,待提取：本稿尚未取得该环节专项资料；不能据此断言厂商未披露,未提取/待检索,,网页未标日期；2026-10-03读取,2026-10-03,原厂目录/规格登记；逐型号当前量产尚未证明,产品页/规格书
R53,剑桥科技,800G QSFP-DD 2×FR4 EML,TRD5J10ENFDLF000,16 电源,待提取：本稿尚未取得该环节专项资料；不能据此断言厂商未披露,未提取/待检索,,网页未标日期；2026-10-03读取,2026-10-03,原厂目录/规格登记；逐型号当前量产尚未证明,产品页/规格书
R53,剑桥科技,800G QSFP-DD 2×FR4 EML,TRD5J10ENFDLF000,17 时钟,待提取：本稿尚未取得该环节专项资料；不能据此断言厂商未披露,未提取/待检索,,网页未标日期；2026-10-03读取,2026-10-03,原厂目录/规格登记；逐型号当前量产尚未证明,产品页/规格书
R53,剑桥科技,800G QSFP-DD 2×FR4 EML,TRD5J10ENFDLF000,18 无源电子件,待提取：本稿尚未取得该环节专项资料；不能据此断言厂商未披露,未提取/待检索,,网页未标日期；2026-10-03读取,2026-10-03,原厂目录/规格登记；逐型号当前量产尚未证明,产品页/规格书
R53,剑桥科技,800G QSFP-DD 2×FR4 EML,TRD5J10ENFDLF000,19 热管理,最大16W；具体散热器、材料与热设计UNKNOWN,部分披露/有保留,https://www.cigtech.us/photonics | CIG USA Photonics原厂配置页；读取下列具体型号段,网页未标日期；2026-10-03读取,2026-10-03,原厂目录/规格登记；逐型号当前量产尚未证明,产品页/规格书
R53,剑桥科技,800G QSFP-DD 2×FR4 EML,TRD5J10ENFDLF000,20 总体封装,QSFP-DD800；双duplex LC；76-pad电连接器,厂商直接披露,https://www.cigtech.us/photonics | CIG USA Photonics原厂配置页；读取下列具体型号段,网页未标日期；2026-10-03读取,2026-10-03,原厂目录/规格登记；逐型号当前量产尚未证明,产品页/规格书
R54,剑桥科技,800G QSFP-DD DR8 SiPh LPO,TLD5J0APNFDMF000,01 主机电接口,8路53.125GBd PAM4线性电接口,厂商直接披露,https://www.cigtech.us/photonics | CIG USA Photonics原厂配置页；读取下列具体型号段,网页未标日期；2026-10-03读取,2026-10-03,原厂目录/规格登记；逐型号当前量产尚未证明,产品页/规格书
R54,剑桥科技,800G QSFP-DD DR8 SiPh LPO,TLD5J0APNFDMF000,02 PCB与电连接,待提取：本稿尚未取得该环节专项资料；不能据此断言厂商未披露,未提取/待检索,,网页未标日期；2026-10-03读取,2026-10-03,原厂目录/规格登记；逐型号当前量产尚未证明,产品页/规格书
R54,剑桥科技,800G QSFP-DD DR8 SiPh LPO,TLD5J0APNFDMF000,03 电处理,线性接口，无DSP；原厂逐型号直接披露,厂商直接披露,https://www.cigtech.us/photonics | CIG USA Photonics原厂配置页；读取下列具体型号段,网页未标日期；2026-10-03读取,2026-10-03,原厂目录/规格登记；逐型号当前量产尚未证明,产品页/规格书
R54,剑桥科技,800G QSFP-DD DR8 SiPh LPO,TLD5J0APNFDMF000,04 驱动,待提取：本稿尚未取得该环节专项资料；不能据此断言厂商未披露,未提取/待检索,,网页未标日期；2026-10-03读取,2026-10-03,原厂目录/规格登记；逐型号当前量产尚未证明,产品页/规格书
R54,剑桥科技,800G QSFP-DD DR8 SiPh LPO,TLD5J0APNFDMF000,05 发光与调制,1310nm CW-LD＋SiP调制器,厂商直接披露,https://www.cigtech.us/photonics | CIG USA Photonics原厂配置页；读取下列具体型号段,网页未标日期；2026-10-03读取,2026-10-03,原厂目录/规格登记；逐型号当前量产尚未证明,产品页/规格书
R54,剑桥科技,800G QSFP-DD DR8 SiPh LPO,TLD5J0APNFDMF000,06 载体与芯片互连,待提取：本稿尚未取得该环节专项资料；不能据此断言厂商未披露,未提取/待检索,,网页未标日期；2026-10-03读取,2026-10-03,原厂目录/规格登记；逐型号当前量产尚未证明,产品页/规格书
R54,剑桥科技,800G QSFP-DD DR8 SiPh LPO,TLD5J0APNFDMF000,07 发射耦合,待提取：本稿尚未取得该环节专项资料；不能据此断言厂商未披露,未提取/待检索,,网页未标日期；2026-10-03读取,2026-10-03,原厂目录/规格登记；逐型号当前量产尚未证明,产品页/规格书
R54,剑桥科技,800G QSFP-DD DR8 SiPh LPO,TLD5J0APNFDMF000,08 合波,DR8并行；波长合分波不适用为功能解释,不适用（见适用条件）,https://www.cigtech.us/photonics | CIG USA Photonics原厂配置页；读取下列具体型号段,网页未标日期；2026-10-03读取,2026-10-03,原厂目录/规格登记；逐型号当前量产尚未证明,产品页/规格书
R54,剑桥科技,800G QSFP-DD DR8 SiPh LPO,TLD5J0APNFDMF000,09 外部光接口,8路53.125GBd PAM4；800GBASE-DR；距离：500m SMF；光纤接口见封装字段：QSFP-DD800；双MPO12,厂商直接披露,https://www.cigtech.us/photonics | CIG USA Photonics原厂配置页；读取下列具体型号段,网页未标日期；2026-10-03读取,2026-10-03,原厂目录/规格登记；逐型号当前量产尚未证明,产品页/规格书
R54,剑桥科技,800G QSFP-DD DR8 SiPh LPO,TLD5J0APNFDMF000,10 分波,DR8并行；波长合分波不适用为功能解释,不适用（见适用条件）,https://www.cigtech.us/photonics | CIG USA Photonics原厂配置页；读取下列具体型号段,网页未标日期；2026-10-03读取,2026-10-03,原厂目录/规格登记；逐型号当前量产尚未证明,产品页/规格书
R54,剑桥科技,800G QSFP-DD DR8 SiPh LPO,TLD5J0APNFDMF000,11 接收耦合,待提取：本稿尚未取得该环节专项资料；不能据此断言厂商未披露,未提取/待检索,,网页未标日期；2026-10-03读取,2026-10-03,原厂目录/规格登记；逐型号当前量产尚未证明,产品页/规格书
R54,剑桥科技,800G QSFP-DD DR8 SiPh LPO,TLD5J0APNFDMF000,12 探测器,PIN；TIA型号未列（探测器与接收放大联合披露，未给出部分保持UNKNOWN）,部分披露/有保留,https://www.cigtech.us/photonics | CIG USA Photonics原厂配置页；读取下列具体型号段,网页未标日期；2026-10-03读取,2026-10-03,原厂目录/规格登记；逐型号当前量产尚未证明,产品页/规格书
R54,剑桥科技,800G QSFP-DD DR8 SiPh LPO,TLD5J0APNFDMF000,13 接收放大,PIN；TIA型号未列（探测器与接收放大联合披露，未给出部分保持UNKNOWN）,部分披露/有保留,https://www.cigtech.us/photonics | CIG USA Photonics原厂配置页；读取下列具体型号段,网页未标日期；2026-10-03读取,2026-10-03,原厂目录/规格登记；逐型号当前量产尚未证明,产品页/规格书
R54,剑桥科技,800G QSFP-DD DR8 SiPh LPO,TLD5J0APNFDMF000,14 控制,待提取：本稿尚未取得该环节专项资料；不能据此断言厂商未披露,未提取/待检索,,网页未标日期；2026-10-03读取,2026-10-03,原厂目录/规格登记；逐型号当前量产尚未证明,产品页/规格书
R54,剑桥科技,800G QSFP-DD DR8 SiPh LPO,TLD5J0APNFDMF000,15 非易失存储,待提取：本稿尚未取得该环节专项资料；不能据此断言厂商未披露,未提取/待检索,,网页未标日期；2026-10-03读取,2026-10-03,原厂目录/规格登记；逐型号当前量产尚未证明,产品页/规格书
R54,剑桥科技,800G QSFP-DD DR8 SiPh LPO,TLD5J0APNFDMF000,16 电源,待提取：本稿尚未取得该环节专项资料；不能据此断言厂商未披露,未提取/待检索,,网页未标日期；2026-10-03读取,2026-10-03,原厂目录/规格登记；逐型号当前量产尚未证明,产品页/规格书
R54,剑桥科技,800G QSFP-DD DR8 SiPh LPO,TLD5J0APNFDMF000,17 时钟,待提取：本稿尚未取得该环节专项资料；不能据此断言厂商未披露,未提取/待检索,,网页未标日期；2026-10-03读取,2026-10-03,原厂目录/规格登记；逐型号当前量产尚未证明,产品页/规格书
R54,剑桥科技,800G QSFP-DD DR8 SiPh LPO,TLD5J0APNFDMF000,18 无源电子件,待提取：本稿尚未取得该环节专项资料；不能据此断言厂商未披露,未提取/待检索,,网页未标日期；2026-10-03读取,2026-10-03,原厂目录/规格登记；逐型号当前量产尚未证明,产品页/规格书
R54,剑桥科技,800G QSFP-DD DR8 SiPh LPO,TLD5J0APNFDMF000,19 热管理,最大8W；具体散热器、材料与热设计UNKNOWN,部分披露/有保留,https://www.cigtech.us/photonics | CIG USA Photonics原厂配置页；读取下列具体型号段,网页未标日期；2026-10-03读取,2026-10-03,原厂目录/规格登记；逐型号当前量产尚未证明,产品页/规格书
R54,剑桥科技,800G QSFP-DD DR8 SiPh LPO,TLD5J0APNFDMF000,20 总体封装,QSFP-DD800；双MPO12,厂商直接披露,https://www.cigtech.us/photonics | CIG USA Photonics原厂配置页；读取下列具体型号段,网页未标日期；2026-10-03读取,2026-10-03,原厂目录/规格登记；逐型号当前量产尚未证明,产品页/规格书
R55,剑桥科技,2025 1.6T 2×DR4/DR8及2×FR4（200G/Lambda）,发布稿未列精确P/N,01 主机电接口,UNKNOWN：所核资料未列逐通道电接口,UNKNOWN,https://www.cigtech.com/cn/Press/Info/11894?year=2021 | 剑桥科技OFC2025官方发布：200G/Lambda3nm及100G/Lambda5nm产品族,2025-04-02（正文事件2025-04-01）；2026-10-03读取,2026-10-03,OFC2025发布并现场演示；本稿未取得各后缀当前出货证据,演示/发布配置
R55,剑桥科技,2025 1.6T 2×DR4/DR8及2×FR4（200G/Lambda）,发布稿未列精确P/N,02 PCB与电连接,待提取：本稿尚未取得该环节专项资料；不能据此断言厂商未披露,未提取/待检索,,2025-04-02（正文事件2025-04-01）；2026-10-03读取,2026-10-03,OFC2025发布并现场演示；本稿未取得各后缀当前出货证据,演示/发布配置
R55,剑桥科技,2025 1.6T 2×DR4/DR8及2×FR4（200G/Lambda）,发布稿未列精确P/N,03 电处理,Retimed；3nm DSP，供应商/芯片型号未列,部分披露/有保留,https://www.cigtech.com/cn/Press/Info/11894?year=2021 | 剑桥科技OFC2025官方发布：200G/Lambda3nm及100G/Lambda5nm产品族,2025-04-02（正文事件2025-04-01）；2026-10-03读取,2026-10-03,OFC2025发布并现场演示；本稿未取得各后缀当前出货证据,演示/发布配置
R55,剑桥科技,2025 1.6T 2×DR4/DR8及2×FR4（200G/Lambda）,发布稿未列精确P/N,04 驱动,待提取：本稿尚未取得该环节专项资料；不能据此断言厂商未披露,未提取/待检索,,2025-04-02（正文事件2025-04-01）；2026-10-03读取,2026-10-03,OFC2025发布并现场演示；本稿未取得各后缀当前出货证据,演示/发布配置
R55,剑桥科技,2025 1.6T 2×DR4/DR8及2×FR4（200G/Lambda）,发布稿未列精确P/N,05 发光与调制,SiPh和EML两种设计版本；不是同时装于同一型号,厂商直接披露,https://www.cigtech.com/cn/Press/Info/11894?year=2021 | 剑桥科技OFC2025官方发布：200G/Lambda3nm及100G/Lambda5nm产品族,2025-04-02（正文事件2025-04-01）；2026-10-03读取,2026-10-03,OFC2025发布并现场演示；本稿未取得各后缀当前出货证据,演示/发布配置
R55,剑桥科技,2025 1.6T 2×DR4/DR8及2×FR4（200G/Lambda）,发布稿未列精确P/N,06 载体与芯片互连,待提取：本稿尚未取得该环节专项资料；不能据此断言厂商未披露,未提取/待检索,,2025-04-02（正文事件2025-04-01）；2026-10-03读取,2026-10-03,OFC2025发布并现场演示；本稿未取得各后缀当前出货证据,演示/发布配置
R55,剑桥科技,2025 1.6T 2×DR4/DR8及2×FR4（200G/Lambda）,发布稿未列精确P/N,07 发射耦合,待提取：本稿尚未取得该环节专项资料；不能据此断言厂商未披露,未提取/待检索,,2025-04-02（正文事件2025-04-01）；2026-10-03读取,2026-10-03,OFC2025发布并现场演示；本稿未取得各后缀当前出货证据,演示/发布配置
R55,剑桥科技,2025 1.6T 2×DR4/DR8及2×FR4（200G/Lambda）,发布稿未列精确P/N,08 合波,UNKNOWN：所核资料未列内部合分波器件,UNKNOWN,https://www.cigtech.com/cn/Press/Info/11894?year=2021 | 剑桥科技OFC2025官方发布：200G/Lambda3nm及100G/Lambda5nm产品族,2025-04-02（正文事件2025-04-01）；2026-10-03读取,2026-10-03,OFC2025发布并现场演示；本稿未取得各后缀当前出货证据,演示/发布配置
R55,剑桥科技,2025 1.6T 2×DR4/DR8及2×FR4（200G/Lambda）,发布稿未列精确P/N,09 外部光接口,200G/光通道产品族；PAM4物理线速发布稿未列；距离：UNKNOWN：所核资料未列距离；光纤接口见封装字段：UNKNOWN：所核资料未列封装和连接器,部分披露/有保留,https://www.cigtech.com/cn/Press/Info/11894?year=2021 | 剑桥科技OFC2025官方发布：200G/Lambda3nm及100G/Lambda5nm产品族,2025-04-02（正文事件2025-04-01）；2026-10-03读取,2026-10-03,OFC2025发布并现场演示；本稿未取得各后缀当前出货证据,演示/发布配置
R55,剑桥科技,2025 1.6T 2×DR4/DR8及2×FR4（200G/Lambda）,发布稿未列精确P/N,10 分波,UNKNOWN：所核资料未列内部合分波器件,UNKNOWN,https://www.cigtech.com/cn/Press/Info/11894?year=2021 | 剑桥科技OFC2025官方发布：200G/Lambda3nm及100G/Lambda5nm产品族,2025-04-02（正文事件2025-04-01）；2026-10-03读取,2026-10-03,OFC2025发布并现场演示；本稿未取得各后缀当前出货证据,演示/发布配置
R55,剑桥科技,2025 1.6T 2×DR4/DR8及2×FR4（200G/Lambda）,发布稿未列精确P/N,11 接收耦合,待提取：本稿尚未取得该环节专项资料；不能据此断言厂商未披露,未提取/待检索,,2025-04-02（正文事件2025-04-01）；2026-10-03读取,2026-10-03,OFC2025发布并现场演示；本稿未取得各后缀当前出货证据,演示/发布配置
R55,剑桥科技,2025 1.6T 2×DR4/DR8及2×FR4（200G/Lambda）,发布稿未列精确P/N,12 探测器,UNKNOWN：所核资料未列PD/TIA（探测器与接收放大联合披露，未给出部分保持UNKNOWN）,UNKNOWN,https://www.cigtech.com/cn/Press/Info/11894?year=2021 | 剑桥科技OFC2025官方发布：200G/Lambda3nm及100G/Lambda5nm产品族,2025-04-02（正文事件2025-04-01）；2026-10-03读取,2026-10-03,OFC2025发布并现场演示；本稿未取得各后缀当前出货证据,演示/发布配置
R55,剑桥科技,2025 1.6T 2×DR4/DR8及2×FR4（200G/Lambda）,发布稿未列精确P/N,13 接收放大,UNKNOWN：所核资料未列PD/TIA（探测器与接收放大联合披露，未给出部分保持UNKNOWN）,UNKNOWN,https://www.cigtech.com/cn/Press/Info/11894?year=2021 | 剑桥科技OFC2025官方发布：200G/Lambda3nm及100G/Lambda5nm产品族,2025-04-02（正文事件2025-04-01）；2026-10-03读取,2026-10-03,OFC2025发布并现场演示；本稿未取得各后缀当前出货证据,演示/发布配置
R55,剑桥科技,2025 1.6T 2×DR4/DR8及2×FR4（200G/Lambda）,发布稿未列精确P/N,14 控制,待提取：本稿尚未取得该环节专项资料；不能据此断言厂商未披露,未提取/待检索,,2025-04-02（正文事件2025-04-01）；2026-10-03读取,2026-10-03,OFC2025发布并现场演示；本稿未取得各后缀当前出货证据,演示/发布配置
R55,剑桥科技,2025 1.6T 2×DR4/DR8及2×FR4（200G/Lambda）,发布稿未列精确P/N,15 非易失存储,待提取：本稿尚未取得该环节专项资料；不能据此断言厂商未披露,未提取/待检索,,2025-04-02（正文事件2025-04-01）；2026-10-03读取,2026-10-03,OFC2025发布并现场演示；本稿未取得各后缀当前出货证据,演示/发布配置
R55,剑桥科技,2025 1.6T 2×DR4/DR8及2×FR4（200G/Lambda）,发布稿未列精确P/N,16 电源,待提取：本稿尚未取得该环节专项资料；不能据此断言厂商未披露,未提取/待检索,,2025-04-02（正文事件2025-04-01）；2026-10-03读取,2026-10-03,OFC2025发布并现场演示；本稿未取得各后缀当前出货证据,演示/发布配置
R55,剑桥科技,2025 1.6T 2×DR4/DR8及2×FR4（200G/Lambda）,发布稿未列精确P/N,17 时钟,待提取：本稿尚未取得该环节专项资料；不能据此断言厂商未披露,未提取/待检索,,2025-04-02（正文事件2025-04-01）；2026-10-03读取,2026-10-03,OFC2025发布并现场演示；本稿未取得各后缀当前出货证据,演示/发布配置
R55,剑桥科技,2025 1.6T 2×DR4/DR8及2×FR4（200G/Lambda）,发布稿未列精确P/N,18 无源电子件,待提取：本稿尚未取得该环节专项资料；不能据此断言厂商未披露,未提取/待检索,,2025-04-02（正文事件2025-04-01）；2026-10-03读取,2026-10-03,OFC2025发布并现场演示；本稿未取得各后缀当前出货证据,演示/发布配置
R55,剑桥科技,2025 1.6T 2×DR4/DR8及2×FR4（200G/Lambda）,发布稿未列精确P/N,19 热管理,官方称相比前代最高降低20%；绝对值与基线未列；具体散热器、材料与热设计UNKNOWN,部分披露/有保留,https://www.cigtech.com/cn/Press/Info/11894?year=2021 | 剑桥科技OFC2025官方发布：200G/Lambda3nm及100G/Lambda5nm产品族,2025-04-02（正文事件2025-04-01）；2026-10-03读取,2026-10-03,OFC2025发布并现场演示；本稿未取得各后缀当前出货证据,演示/发布配置
R55,剑桥科技,2025 1.6T 2×DR4/DR8及2×FR4（200G/Lambda）,发布稿未列精确P/N,20 总体封装,UNKNOWN：所核资料未列封装和连接器,UNKNOWN,https://www.cigtech.com/cn/Press/Info/11894?year=2021 | 剑桥科技OFC2025官方发布：200G/Lambda3nm及100G/Lambda5nm产品族,2025-04-02（正文事件2025-04-01）；2026-10-03读取,2026-10-03,OFC2025发布并现场演示；本稿未取得各后缀当前出货证据,演示/发布配置
R56,德科立,400G相干光模块,UNKNOWN：现有引语未列具体料号,01 主机电接口,UNKNOWN：当前所用资料未给出该项型号实现,既有摘录；原文未重核 / UNKNOWN,http://static.cninfo.com.cn/finalpage/2026-03-31/1225064041.PDF | P087｜现有points命中引语；本轮未回读原PDF/回答,原账本检索2026-07-25；资料发布日期未核,2026-10-03,引语称完成小批量试产；不等于型号已规模量产,既有摘录/产品族
R56,德科立,400G相干光模块,UNKNOWN：现有引语未列具体料号,02 PCB与电连接,待提取：本稿尚未取得该环节专项资料；不能据此断言厂商未披露,未提取/待检索,,原账本检索2026-07-25；资料发布日期未核,2026-10-03,引语称完成小批量试产；不等于型号已规模量产,既有摘录/产品族
R56,德科立,400G相干光模块,UNKNOWN：现有引语未列具体料号,03 电处理,相干处理路线；DSP型号与工艺未列,既有摘录；原文未重核 / 部分披露/有保留,http://static.cninfo.com.cn/finalpage/2026-03-31/1225064041.PDF | P087｜现有points命中引语；本轮未回读原PDF/回答,原账本检索2026-07-25；资料发布日期未核,2026-10-03,引语称完成小批量试产；不等于型号已规模量产,既有摘录/产品族
R56,德科立,400G相干光模块,UNKNOWN：现有引语未列具体料号,04 驱动,待提取：本稿尚未取得该环节专项资料；不能据此断言厂商未披露,未提取/待检索,,原账本检索2026-07-25；资料发布日期未核,2026-10-03,引语称完成小批量试产；不等于型号已规模量产,既有摘录/产品族
R56,德科立,400G相干光模块,UNKNOWN：现有引语未列具体料号,05 发光与调制,UNKNOWN：当前所用资料未给出该项型号实现,既有摘录；原文未重核 / UNKNOWN,http://static.cninfo.com.cn/finalpage/2026-03-31/1225064041.PDF | P087｜现有points命中引语；本轮未回读原PDF/回答,原账本检索2026-07-25；资料发布日期未核,2026-10-03,引语称完成小批量试产；不等于型号已规模量产,既有摘录/产品族
R56,德科立,400G相干光模块,UNKNOWN：现有引语未列具体料号,06 载体与芯片互连,待提取：本稿尚未取得该环节专项资料；不能据此断言厂商未披露,未提取/待检索,,原账本检索2026-07-25；资料发布日期未核,2026-10-03,引语称完成小批量试产；不等于型号已规模量产,既有摘录/产品族
R56,德科立,400G相干光模块,UNKNOWN：现有引语未列具体料号,07 发射耦合,待提取：本稿尚未取得该环节专项资料；不能据此断言厂商未披露,未提取/待检索,,原账本检索2026-07-25；资料发布日期未核,2026-10-03,引语称完成小批量试产；不等于型号已规模量产,既有摘录/产品族
R56,德科立,400G相干光模块,UNKNOWN：现有引语未列具体料号,08 合波,UNKNOWN：当前所用资料未给出该项型号实现,既有摘录；原文未重核 / UNKNOWN,http://static.cninfo.com.cn/finalpage/2026-03-31/1225064041.PDF | P087｜现有points命中引语；本轮未回读原PDF/回答,原账本检索2026-07-25；资料发布日期未核,2026-10-03,引语称完成小批量试产；不等于型号已规模量产,既有摘录/产品族
R56,德科立,400G相干光模块,UNKNOWN：现有引语未列具体料号,09 外部光接口,400G相干传输；光调制器/偏振结构未列；距离：UNKNOWN：当前所用资料未给出该项型号实现；光纤接口见封装字段：UNKNOWN：当前所用资料未给出该项型号实现,既有摘录；原文未重核 / 部分披露/有保留,http://static.cninfo.com.cn/finalpage/2026-03-31/1225064041.PDF | P087｜现有points命中引语；本轮未回读原PDF/回答,原账本检索2026-07-25；资料发布日期未核,2026-10-03,引语称完成小批量试产；不等于型号已规模量产,既有摘录/产品族
R56,德科立,400G相干光模块,UNKNOWN：现有引语未列具体料号,10 分波,UNKNOWN：当前所用资料未给出该项型号实现,既有摘录；原文未重核 / UNKNOWN,http://static.cninfo.com.cn/finalpage/2026-03-31/1225064041.PDF | P087｜现有points命中引语；本轮未回读原PDF/回答,原账本检索2026-07-25；资料发布日期未核,2026-10-03,引语称完成小批量试产；不等于型号已规模量产,既有摘录/产品族
R56,德科立,400G相干光模块,UNKNOWN：现有引语未列具体料号,11 接收耦合,待提取：本稿尚未取得该环节专项资料；不能据此断言厂商未披露,未提取/待检索,,原账本检索2026-07-25；资料发布日期未核,2026-10-03,引语称完成小批量试产；不等于型号已规模量产,既有摘录/产品族
R56,德科立,400G相干光模块,UNKNOWN：现有引语未列具体料号,12 探测器,UNKNOWN：当前所用资料未给出该项型号实现（探测器与接收放大联合披露，未给出部分保持UNKNOWN）,既有摘录；原文未重核 / UNKNOWN,http://static.cninfo.com.cn/finalpage/2026-03-31/1225064041.PDF | P087｜现有points命中引语；本轮未回读原PDF/回答,原账本检索2026-07-25；资料发布日期未核,2026-10-03,引语称完成小批量试产；不等于型号已规模量产,既有摘录/产品族
R56,德科立,400G相干光模块,UNKNOWN：现有引语未列具体料号,13 接收放大,UNKNOWN：当前所用资料未给出该项型号实现（探测器与接收放大联合披露，未给出部分保持UNKNOWN）,既有摘录；原文未重核 / UNKNOWN,http://static.cninfo.com.cn/finalpage/2026-03-31/1225064041.PDF | P087｜现有points命中引语；本轮未回读原PDF/回答,原账本检索2026-07-25；资料发布日期未核,2026-10-03,引语称完成小批量试产；不等于型号已规模量产,既有摘录/产品族
R56,德科立,400G相干光模块,UNKNOWN：现有引语未列具体料号,14 控制,待提取：本稿尚未取得该环节专项资料；不能据此断言厂商未披露,未提取/待检索,,原账本检索2026-07-25；资料发布日期未核,2026-10-03,引语称完成小批量试产；不等于型号已规模量产,既有摘录/产品族
R56,德科立,400G相干光模块,UNKNOWN：现有引语未列具体料号,15 非易失存储,待提取：本稿尚未取得该环节专项资料；不能据此断言厂商未披露,未提取/待检索,,原账本检索2026-07-25；资料发布日期未核,2026-10-03,引语称完成小批量试产；不等于型号已规模量产,既有摘录/产品族
R56,德科立,400G相干光模块,UNKNOWN：现有引语未列具体料号,16 电源,待提取：本稿尚未取得该环节专项资料；不能据此断言厂商未披露,未提取/待检索,,原账本检索2026-07-25；资料发布日期未核,2026-10-03,引语称完成小批量试产；不等于型号已规模量产,既有摘录/产品族
R56,德科立,400G相干光模块,UNKNOWN：现有引语未列具体料号,17 时钟,待提取：本稿尚未取得该环节专项资料；不能据此断言厂商未披露,未提取/待检索,,原账本检索2026-07-25；资料发布日期未核,2026-10-03,引语称完成小批量试产；不等于型号已规模量产,既有摘录/产品族
R56,德科立,400G相干光模块,UNKNOWN：现有引语未列具体料号,18 无源电子件,待提取：本稿尚未取得该环节专项资料；不能据此断言厂商未披露,未提取/待检索,,原账本检索2026-07-25；资料发布日期未核,2026-10-03,引语称完成小批量试产；不等于型号已规模量产,既有摘录/产品族
R56,德科立,400G相干光模块,UNKNOWN：现有引语未列具体料号,19 热管理,UNKNOWN：当前所用资料未给出该项型号实现；具体散热器、材料与热设计UNKNOWN,既有摘录；原文未重核 / UNKNOWN,http://static.cninfo.com.cn/finalpage/2026-03-31/1225064041.PDF | P087｜现有points命中引语；本轮未回读原PDF/回答,原账本检索2026-07-25；资料发布日期未核,2026-10-03,引语称完成小批量试产；不等于型号已规模量产,既有摘录/产品族
R56,德科立,400G相干光模块,UNKNOWN：现有引语未列具体料号,20 总体封装,UNKNOWN：当前所用资料未给出该项型号实现,既有摘录；原文未重核 / UNKNOWN,http://static.cninfo.com.cn/finalpage/2026-03-31/1225064041.PDF | P087｜现有points命中引语；本轮未回读原PDF/回答,原账本检索2026-07-25；资料发布日期未核,2026-10-03,引语称完成小批量试产；不等于型号已规模量产,既有摘录/产品族
R57,德科立,800G硅光光收发模块,UNKNOWN：现有引语未列具体料号,01 主机电接口,UNKNOWN：当前所用资料未给出该项型号实现,既有摘录；原文未重核 / UNKNOWN,http://static.cninfo.com.cn/finalpage/2026-03-31/1225064041.PDF | P109｜现有points命中引语；本轮未回读原PDF/回答,原账本检索2026-07-25；资料发布日期未核,2026-10-03,硅光平台初建、模块开发完成，正在推向量产（原引语）；不写为已量产,既有摘录/产品族
R57,德科立,800G硅光光收发模块,UNKNOWN：现有引语未列具体料号,02 PCB与电连接,待提取：本稿尚未取得该环节专项资料；不能据此断言厂商未披露,未提取/待检索,,原账本检索2026-07-25；资料发布日期未核,2026-10-03,硅光平台初建、模块开发完成，正在推向量产（原引语）；不写为已量产,既有摘录/产品族
R57,德科立,800G硅光光收发模块,UNKNOWN：现有引语未列具体料号,03 电处理,UNKNOWN：当前所用资料未给出该项型号实现,既有摘录；原文未重核 / UNKNOWN,http://static.cninfo.com.cn/finalpage/2026-03-31/1225064041.PDF | P109｜现有points命中引语；本轮未回读原PDF/回答,原账本检索2026-07-25；资料发布日期未核,2026-10-03,硅光平台初建、模块开发完成，正在推向量产（原引语）；不写为已量产,既有摘录/产品族
R57,德科立,800G硅光光收发模块,UNKNOWN：现有引语未列具体料号,04 驱动,待提取：本稿尚未取得该环节专项资料；不能据此断言厂商未披露,未提取/待检索,,原账本检索2026-07-25；资料发布日期未核,2026-10-03,硅光平台初建、模块开发完成，正在推向量产（原引语）；不写为已量产,既有摘录/产品族
R57,德科立,800G硅光光收发模块,UNKNOWN：现有引语未列具体料号,05 发光与调制,基于硅光芯片；激光器与调制器结构未列,既有摘录；原文未重核 / 部分披露/有保留,http://static.cninfo.com.cn/finalpage/2026-03-31/1225064041.PDF | P109｜现有points命中引语；本轮未回读原PDF/回答,原账本检索2026-07-25；资料发布日期未核,2026-10-03,硅光平台初建、模块开发完成，正在推向量产（原引语）；不写为已量产,既有摘录/产品族
R57,德科立,800G硅光光收发模块,UNKNOWN：现有引语未列具体料号,06 载体与芯片互连,待提取：本稿尚未取得该环节专项资料；不能据此断言厂商未披露,未提取/待检索,,原账本检索2026-07-25；资料发布日期未核,2026-10-03,硅光平台初建、模块开发完成，正在推向量产（原引语）；不写为已量产,既有摘录/产品族
R57,德科立,800G硅光光收发模块,UNKNOWN：现有引语未列具体料号,07 发射耦合,待提取：本稿尚未取得该环节专项资料；不能据此断言厂商未披露,未提取/待检索,,原账本检索2026-07-25；资料发布日期未核,2026-10-03,硅光平台初建、模块开发完成，正在推向量产（原引语）；不写为已量产,既有摘录/产品族
R57,德科立,800G硅光光收发模块,UNKNOWN：现有引语未列具体料号,08 合波,UNKNOWN：当前所用资料未给出该项型号实现,既有摘录；原文未重核 / UNKNOWN,http://static.cninfo.com.cn/finalpage/2026-03-31/1225064041.PDF | P109｜现有points命中引语；本轮未回读原PDF/回答,原账本检索2026-07-25；资料发布日期未核,2026-10-03,硅光平台初建、模块开发完成，正在推向量产（原引语）；不写为已量产,既有摘录/产品族
R57,德科立,800G硅光光收发模块,UNKNOWN：现有引语未列具体料号,09 外部光接口,800G光收发模块；通道数/PMD未列；距离：UNKNOWN：当前所用资料未给出该项型号实现；光纤接口见封装字段：UNKNOWN：当前所用资料未给出该项型号实现,既有摘录；原文未重核 / 部分披露/有保留,http://static.cninfo.com.cn/finalpage/2026-03-31/1225064041.PDF | P109｜现有points命中引语；本轮未回读原PDF/回答,原账本检索2026-07-25；资料发布日期未核,2026-10-03,硅光平台初建、模块开发完成，正在推向量产（原引语）；不写为已量产,既有摘录/产品族
R57,德科立,800G硅光光收发模块,UNKNOWN：现有引语未列具体料号,10 分波,UNKNOWN：当前所用资料未给出该项型号实现,既有摘录；原文未重核 / UNKNOWN,http://static.cninfo.com.cn/finalpage/2026-03-31/1225064041.PDF | P109｜现有points命中引语；本轮未回读原PDF/回答,原账本检索2026-07-25；资料发布日期未核,2026-10-03,硅光平台初建、模块开发完成，正在推向量产（原引语）；不写为已量产,既有摘录/产品族
R57,德科立,800G硅光光收发模块,UNKNOWN：现有引语未列具体料号,11 接收耦合,待提取：本稿尚未取得该环节专项资料；不能据此断言厂商未披露,未提取/待检索,,原账本检索2026-07-25；资料发布日期未核,2026-10-03,硅光平台初建、模块开发完成，正在推向量产（原引语）；不写为已量产,既有摘录/产品族
R57,德科立,800G硅光光收发模块,UNKNOWN：现有引语未列具体料号,12 探测器,UNKNOWN：当前所用资料未给出该项型号实现（探测器与接收放大联合披露，未给出部分保持UNKNOWN）,既有摘录；原文未重核 / UNKNOWN,http://static.cninfo.com.cn/finalpage/2026-03-31/1225064041.PDF | P109｜现有points命中引语；本轮未回读原PDF/回答,原账本检索2026-07-25；资料发布日期未核,2026-10-03,硅光平台初建、模块开发完成，正在推向量产（原引语）；不写为已量产,既有摘录/产品族
R57,德科立,800G硅光光收发模块,UNKNOWN：现有引语未列具体料号,13 接收放大,UNKNOWN：当前所用资料未给出该项型号实现（探测器与接收放大联合披露，未给出部分保持UNKNOWN）,既有摘录；原文未重核 / UNKNOWN,http://static.cninfo.com.cn/finalpage/2026-03-31/1225064041.PDF | P109｜现有points命中引语；本轮未回读原PDF/回答,原账本检索2026-07-25；资料发布日期未核,2026-10-03,硅光平台初建、模块开发完成，正在推向量产（原引语）；不写为已量产,既有摘录/产品族
R57,德科立,800G硅光光收发模块,UNKNOWN：现有引语未列具体料号,14 控制,待提取：本稿尚未取得该环节专项资料；不能据此断言厂商未披露,未提取/待检索,,原账本检索2026-07-25；资料发布日期未核,2026-10-03,硅光平台初建、模块开发完成，正在推向量产（原引语）；不写为已量产,既有摘录/产品族
R57,德科立,800G硅光光收发模块,UNKNOWN：现有引语未列具体料号,15 非易失存储,待提取：本稿尚未取得该环节专项资料；不能据此断言厂商未披露,未提取/待检索,,原账本检索2026-07-25；资料发布日期未核,2026-10-03,硅光平台初建、模块开发完成，正在推向量产（原引语）；不写为已量产,既有摘录/产品族
R57,德科立,800G硅光光收发模块,UNKNOWN：现有引语未列具体料号,16 电源,待提取：本稿尚未取得该环节专项资料；不能据此断言厂商未披露,未提取/待检索,,原账本检索2026-07-25；资料发布日期未核,2026-10-03,硅光平台初建、模块开发完成，正在推向量产（原引语）；不写为已量产,既有摘录/产品族
R57,德科立,800G硅光光收发模块,UNKNOWN：现有引语未列具体料号,17 时钟,待提取：本稿尚未取得该环节专项资料；不能据此断言厂商未披露,未提取/待检索,,原账本检索2026-07-25；资料发布日期未核,2026-10-03,硅光平台初建、模块开发完成，正在推向量产（原引语）；不写为已量产,既有摘录/产品族
R57,德科立,800G硅光光收发模块,UNKNOWN：现有引语未列具体料号,18 无源电子件,待提取：本稿尚未取得该环节专项资料；不能据此断言厂商未披露,未提取/待检索,,原账本检索2026-07-25；资料发布日期未核,2026-10-03,硅光平台初建、模块开发完成，正在推向量产（原引语）；不写为已量产,既有摘录/产品族
R57,德科立,800G硅光光收发模块,UNKNOWN：现有引语未列具体料号,19 热管理,UNKNOWN：当前所用资料未给出该项型号实现；具体散热器、材料与热设计UNKNOWN,既有摘录；原文未重核 / UNKNOWN,http://static.cninfo.com.cn/finalpage/2026-03-31/1225064041.PDF | P109｜现有points命中引语；本轮未回读原PDF/回答,原账本检索2026-07-25；资料发布日期未核,2026-10-03,硅光平台初建、模块开发完成，正在推向量产（原引语）；不写为已量产,既有摘录/产品族
R57,德科立,800G硅光光收发模块,UNKNOWN：现有引语未列具体料号,20 总体封装,UNKNOWN：当前所用资料未给出该项型号实现,既有摘录；原文未重核 / UNKNOWN,http://static.cninfo.com.cn/finalpage/2026-03-31/1225064041.PDF | P109｜现有points命中引语；本轮未回读原PDF/回答,原账本检索2026-07-25；资料发布日期未核,2026-10-03,硅光平台初建、模块开发完成，正在推向量产（原引语）；不写为已量产,既有摘录/产品族
R58,德科立,1.6T硅光光收发模块,UNKNOWN：现有引语未列具体料号,01 主机电接口,UNKNOWN：当前所用资料未给出该项型号实现,既有摘录；原文未重核 / UNKNOWN,http://static.cninfo.com.cn/finalpage/2026-03-31/1225064041.PDF | P109｜现有points命中引语；本轮未回读原PDF/回答,原账本检索2026-07-25；资料发布日期未核,2026-10-03,硅光平台初建、模块开发完成，正在推向量产（原引语）；不写为已量产,既有摘录/产品族
R58,德科立,1.6T硅光光收发模块,UNKNOWN：现有引语未列具体料号,02 PCB与电连接,待提取：本稿尚未取得该环节专项资料；不能据此断言厂商未披露,未提取/待检索,,原账本检索2026-07-25；资料发布日期未核,2026-10-03,硅光平台初建、模块开发完成，正在推向量产（原引语）；不写为已量产,既有摘录/产品族
R58,德科立,1.6T硅光光收发模块,UNKNOWN：现有引语未列具体料号,03 电处理,UNKNOWN：当前所用资料未给出该项型号实现,既有摘录；原文未重核 / UNKNOWN,http://static.cninfo.com.cn/finalpage/2026-03-31/1225064041.PDF | P109｜现有points命中引语；本轮未回读原PDF/回答,原账本检索2026-07-25；资料发布日期未核,2026-10-03,硅光平台初建、模块开发完成，正在推向量产（原引语）；不写为已量产,既有摘录/产品族
R58,德科立,1.6T硅光光收发模块,UNKNOWN：现有引语未列具体料号,04 驱动,待提取：本稿尚未取得该环节专项资料；不能据此断言厂商未披露,未提取/待检索,,原账本检索2026-07-25；资料发布日期未核,2026-10-03,硅光平台初建、模块开发完成，正在推向量产（原引语）；不写为已量产,既有摘录/产品族
R58,德科立,1.6T硅光光收发模块,UNKNOWN：现有引语未列具体料号,05 发光与调制,基于硅光芯片；激光器与调制器结构未列,既有摘录；原文未重核 / 部分披露/有保留,http://static.cninfo.com.cn/finalpage/2026-03-31/1225064041.PDF | P109｜现有points命中引语；本轮未回读原PDF/回答,原账本检索2026-07-25；资料发布日期未核,2026-10-03,硅光平台初建、模块开发完成，正在推向量产（原引语）；不写为已量产,既有摘录/产品族
R58,德科立,1.6T硅光光收发模块,UNKNOWN：现有引语未列具体料号,06 载体与芯片互连,待提取：本稿尚未取得该环节专项资料；不能据此断言厂商未披露,未提取/待检索,,原账本检索2026-07-25；资料发布日期未核,2026-10-03,硅光平台初建、模块开发完成，正在推向量产（原引语）；不写为已量产,既有摘录/产品族
R58,德科立,1.6T硅光光收发模块,UNKNOWN：现有引语未列具体料号,07 发射耦合,待提取：本稿尚未取得该环节专项资料；不能据此断言厂商未披露,未提取/待检索,,原账本检索2026-07-25；资料发布日期未核,2026-10-03,硅光平台初建、模块开发完成，正在推向量产（原引语）；不写为已量产,既有摘录/产品族
R58,德科立,1.6T硅光光收发模块,UNKNOWN：现有引语未列具体料号,08 合波,UNKNOWN：当前所用资料未给出该项型号实现,既有摘录；原文未重核 / UNKNOWN,http://static.cninfo.com.cn/finalpage/2026-03-31/1225064041.PDF | P109｜现有points命中引语；本轮未回读原PDF/回答,原账本检索2026-07-25；资料发布日期未核,2026-10-03,硅光平台初建、模块开发完成，正在推向量产（原引语）；不写为已量产,既有摘录/产品族
R58,德科立,1.6T硅光光收发模块,UNKNOWN：现有引语未列具体料号,09 外部光接口,1.6T光收发模块；通道数/PMD未列；距离：UNKNOWN：当前所用资料未给出该项型号实现；光纤接口见封装字段：UNKNOWN：当前所用资料未给出该项型号实现,既有摘录；原文未重核 / 部分披露/有保留,http://static.cninfo.com.cn/finalpage/2026-03-31/1225064041.PDF | P109｜现有points命中引语；本轮未回读原PDF/回答,原账本检索2026-07-25；资料发布日期未核,2026-10-03,硅光平台初建、模块开发完成，正在推向量产（原引语）；不写为已量产,既有摘录/产品族
R58,德科立,1.6T硅光光收发模块,UNKNOWN：现有引语未列具体料号,10 分波,UNKNOWN：当前所用资料未给出该项型号实现,既有摘录；原文未重核 / UNKNOWN,http://static.cninfo.com.cn/finalpage/2026-03-31/1225064041.PDF | P109｜现有points命中引语；本轮未回读原PDF/回答,原账本检索2026-07-25；资料发布日期未核,2026-10-03,硅光平台初建、模块开发完成，正在推向量产（原引语）；不写为已量产,既有摘录/产品族
R58,德科立,1.6T硅光光收发模块,UNKNOWN：现有引语未列具体料号,11 接收耦合,待提取：本稿尚未取得该环节专项资料；不能据此断言厂商未披露,未提取/待检索,,原账本检索2026-07-25；资料发布日期未核,2026-10-03,硅光平台初建、模块开发完成，正在推向量产（原引语）；不写为已量产,既有摘录/产品族
R58,德科立,1.6T硅光光收发模块,UNKNOWN：现有引语未列具体料号,12 探测器,UNKNOWN：当前所用资料未给出该项型号实现（探测器与接收放大联合披露，未给出部分保持UNKNOWN）,既有摘录；原文未重核 / UNKNOWN,http://static.cninfo.com.cn/finalpage/2026-03-31/1225064041.PDF | P109｜现有points命中引语；本轮未回读原PDF/回答,原账本检索2026-07-25；资料发布日期未核,2026-10-03,硅光平台初建、模块开发完成，正在推向量产（原引语）；不写为已量产,既有摘录/产品族
R58,德科立,1.6T硅光光收发模块,UNKNOWN：现有引语未列具体料号,13 接收放大,UNKNOWN：当前所用资料未给出该项型号实现（探测器与接收放大联合披露，未给出部分保持UNKNOWN）,既有摘录；原文未重核 / UNKNOWN,http://static.cninfo.com.cn/finalpage/2026-03-31/1225064041.PDF | P109｜现有points命中引语；本轮未回读原PDF/回答,原账本检索2026-07-25；资料发布日期未核,2026-10-03,硅光平台初建、模块开发完成，正在推向量产（原引语）；不写为已量产,既有摘录/产品族
R58,德科立,1.6T硅光光收发模块,UNKNOWN：现有引语未列具体料号,14 控制,待提取：本稿尚未取得该环节专项资料；不能据此断言厂商未披露,未提取/待检索,,原账本检索2026-07-25；资料发布日期未核,2026-10-03,硅光平台初建、模块开发完成，正在推向量产（原引语）；不写为已量产,既有摘录/产品族
R58,德科立,1.6T硅光光收发模块,UNKNOWN：现有引语未列具体料号,15 非易失存储,待提取：本稿尚未取得该环节专项资料；不能据此断言厂商未披露,未提取/待检索,,原账本检索2026-07-25；资料发布日期未核,2026-10-03,硅光平台初建、模块开发完成，正在推向量产（原引语）；不写为已量产,既有摘录/产品族
R58,德科立,1.6T硅光光收发模块,UNKNOWN：现有引语未列具体料号,16 电源,待提取：本稿尚未取得该环节专项资料；不能据此断言厂商未披露,未提取/待检索,,原账本检索2026-07-25；资料发布日期未核,2026-10-03,硅光平台初建、模块开发完成，正在推向量产（原引语）；不写为已量产,既有摘录/产品族
R58,德科立,1.6T硅光光收发模块,UNKNOWN：现有引语未列具体料号,17 时钟,待提取：本稿尚未取得该环节专项资料；不能据此断言厂商未披露,未提取/待检索,,原账本检索2026-07-25；资料发布日期未核,2026-10-03,硅光平台初建、模块开发完成，正在推向量产（原引语）；不写为已量产,既有摘录/产品族
R58,德科立,1.6T硅光光收发模块,UNKNOWN：现有引语未列具体料号,18 无源电子件,待提取：本稿尚未取得该环节专项资料；不能据此断言厂商未披露,未提取/待检索,,原账本检索2026-07-25；资料发布日期未核,2026-10-03,硅光平台初建、模块开发完成，正在推向量产（原引语）；不写为已量产,既有摘录/产品族
R58,德科立,1.6T硅光光收发模块,UNKNOWN：现有引语未列具体料号,19 热管理,UNKNOWN：当前所用资料未给出该项型号实现；具体散热器、材料与热设计UNKNOWN,既有摘录；原文未重核 / UNKNOWN,http://static.cninfo.com.cn/finalpage/2026-03-31/1225064041.PDF | P109｜现有points命中引语；本轮未回读原PDF/回答,原账本检索2026-07-25；资料发布日期未核,2026-10-03,硅光平台初建、模块开发完成，正在推向量产（原引语）；不写为已量产,既有摘录/产品族
R58,德科立,1.6T硅光光收发模块,UNKNOWN：现有引语未列具体料号,20 总体封装,UNKNOWN：当前所用资料未给出该项型号实现,既有摘录；原文未重核 / UNKNOWN,http://static.cninfo.com.cn/finalpage/2026-03-31/1225064041.PDF | P109｜现有points命中引语；本轮未回读原PDF/回答,原账本检索2026-07-25；资料发布日期未核,2026-10-03,硅光平台初建、模块开发完成，正在推向量产（原引语）；不写为已量产,既有摘录/产品族
R59,德科立,电信传输相干与非相干光收发模块族,UNKNOWN：现有引语未列具体料号,01 主机电接口,UNKNOWN：当前所用资料未给出该项型号实现,UNKNOWN, | P159｜现有points命中引语｜本地扫描(),原账本检索2026-07-26；资料发布日期未核,2026-10-03,现有资料中的公司自述；本轮未重新验证当前阶段,既有摘录/产品族
R59,德科立,电信传输相干与非相干光收发模块族,UNKNOWN：现有引语未列具体料号,02 PCB与电连接,待提取：本稿尚未取得该环节专项资料；不能据此断言厂商未披露,未提取/待检索,,原账本检索2026-07-26；资料发布日期未核,2026-10-03,现有资料中的公司自述；本轮未重新验证当前阶段,既有摘录/产品族
R59,德科立,电信传输相干与非相干光收发模块族,UNKNOWN：现有引语未列具体料号,03 电处理,UNKNOWN：当前所用资料未给出该项型号实现,UNKNOWN, | P159｜现有points命中引语｜本地扫描(),原账本检索2026-07-26；资料发布日期未核,2026-10-03,现有资料中的公司自述；本轮未重新验证当前阶段,既有摘录/产品族
R59,德科立,电信传输相干与非相干光收发模块族,UNKNOWN：现有引语未列具体料号,04 驱动,待提取：本稿尚未取得该环节专项资料；不能据此断言厂商未披露,未提取/待检索,,原账本检索2026-07-26；资料发布日期未核,2026-10-03,现有资料中的公司自述；本轮未重新验证当前阶段,既有摘录/产品族
R59,德科立,电信传输相干与非相干光收发模块族,UNKNOWN：现有引语未列具体料号,05 发光与调制,UNKNOWN：当前所用资料未给出该项型号实现,UNKNOWN, | P159｜现有points命中引语｜本地扫描(),原账本检索2026-07-26；资料发布日期未核,2026-10-03,现有资料中的公司自述；本轮未重新验证当前阶段,既有摘录/产品族
R59,德科立,电信传输相干与非相干光收发模块族,UNKNOWN：现有引语未列具体料号,06 载体与芯片互连,待提取：本稿尚未取得该环节专项资料；不能据此断言厂商未披露,未提取/待检索,,原账本检索2026-07-26；资料发布日期未核,2026-10-03,现有资料中的公司自述；本轮未重新验证当前阶段,既有摘录/产品族
R59,德科立,电信传输相干与非相干光收发模块族,UNKNOWN：现有引语未列具体料号,07 发射耦合,待提取：本稿尚未取得该环节专项资料；不能据此断言厂商未披露,未提取/待检索,,原账本检索2026-07-26；资料发布日期未核,2026-10-03,现有资料中的公司自述；本轮未重新验证当前阶段,既有摘录/产品族
R59,德科立,电信传输相干与非相干光收发模块族,UNKNOWN：现有引语未列具体料号,08 合波,UNKNOWN：当前所用资料未给出该项型号实现,UNKNOWN, | P159｜现有points命中引语｜本地扫描(),原账本检索2026-07-26；资料发布日期未核,2026-10-03,现有资料中的公司自述；本轮未重新验证当前阶段,既有摘录/产品族
R59,德科立,电信传输相干与非相干光收发模块族,UNKNOWN：现有引语未列具体料号,09 外部光接口,155M、1.25G、10G、100G、400G及以上；相干/非相干并列，未逐速率配对；距离：族级列10/40/80km及以上；未配对型号或调制路线；光纤接口见封装字段：UNKNOWN：当前所用资料未给出该项型号实现,部分披露/有保留, | P159｜现有points命中引语｜本地扫描(),原账本检索2026-07-26；资料发布日期未核,2026-10-03,现有资料中的公司自述；本轮未重新验证当前阶段,既有摘录/产品族
R59,德科立,电信传输相干与非相干光收发模块族,UNKNOWN：现有引语未列具体料号,10 分波,UNKNOWN：当前所用资料未给出该项型号实现,UNKNOWN, | P159｜现有points命中引语｜本地扫描(),原账本检索2026-07-26；资料发布日期未核,2026-10-03,现有资料中的公司自述；本轮未重新验证当前阶段,既有摘录/产品族
R59,德科立,电信传输相干与非相干光收发模块族,UNKNOWN：现有引语未列具体料号,11 接收耦合,待提取：本稿尚未取得该环节专项资料；不能据此断言厂商未披露,未提取/待检索,,原账本检索2026-07-26；资料发布日期未核,2026-10-03,现有资料中的公司自述；本轮未重新验证当前阶段,既有摘录/产品族
R59,德科立,电信传输相干与非相干光收发模块族,UNKNOWN：现有引语未列具体料号,12 探测器,UNKNOWN：当前所用资料未给出该项型号实现（探测器与接收放大联合披露，未给出部分保持UNKNOWN）,UNKNOWN, | P159｜现有points命中引语｜本地扫描(),原账本检索2026-07-26；资料发布日期未核,2026-10-03,现有资料中的公司自述；本轮未重新验证当前阶段,既有摘录/产品族
R59,德科立,电信传输相干与非相干光收发模块族,UNKNOWN：现有引语未列具体料号,13 接收放大,UNKNOWN：当前所用资料未给出该项型号实现（探测器与接收放大联合披露，未给出部分保持UNKNOWN）,UNKNOWN, | P159｜现有points命中引语｜本地扫描(),原账本检索2026-07-26；资料发布日期未核,2026-10-03,现有资料中的公司自述；本轮未重新验证当前阶段,既有摘录/产品族
R59,德科立,电信传输相干与非相干光收发模块族,UNKNOWN：现有引语未列具体料号,14 控制,待提取：本稿尚未取得该环节专项资料；不能据此断言厂商未披露,未提取/待检索,,原账本检索2026-07-26；资料发布日期未核,2026-10-03,现有资料中的公司自述；本轮未重新验证当前阶段,既有摘录/产品族
R59,德科立,电信传输相干与非相干光收发模块族,UNKNOWN：现有引语未列具体料号,15 非易失存储,待提取：本稿尚未取得该环节专项资料；不能据此断言厂商未披露,未提取/待检索,,原账本检索2026-07-26；资料发布日期未核,2026-10-03,现有资料中的公司自述；本轮未重新验证当前阶段,既有摘录/产品族
R59,德科立,电信传输相干与非相干光收发模块族,UNKNOWN：现有引语未列具体料号,16 电源,待提取：本稿尚未取得该环节专项资料；不能据此断言厂商未披露,未提取/待检索,,原账本检索2026-07-26；资料发布日期未核,2026-10-03,现有资料中的公司自述；本轮未重新验证当前阶段,既有摘录/产品族
R59,德科立,电信传输相干与非相干光收发模块族,UNKNOWN：现有引语未列具体料号,17 时钟,待提取：本稿尚未取得该环节专项资料；不能据此断言厂商未披露,未提取/待检索,,原账本检索2026-07-26；资料发布日期未核,2026-10-03,现有资料中的公司自述；本轮未重新验证当前阶段,既有摘录/产品族
R59,德科立,电信传输相干与非相干光收发模块族,UNKNOWN：现有引语未列具体料号,18 无源电子件,待提取：本稿尚未取得该环节专项资料；不能据此断言厂商未披露,未提取/待检索,,原账本检索2026-07-26；资料发布日期未核,2026-10-03,现有资料中的公司自述；本轮未重新验证当前阶段,既有摘录/产品族
R59,德科立,电信传输相干与非相干光收发模块族,UNKNOWN：现有引语未列具体料号,19 热管理,UNKNOWN：当前所用资料未给出该项型号实现；具体散热器、材料与热设计UNKNOWN,UNKNOWN, | P159｜现有points命中引语｜本地扫描(),原账本检索2026-07-26；资料发布日期未核,2026-10-03,现有资料中的公司自述；本轮未重新验证当前阶段,既有摘录/产品族
R59,德科立,电信传输相干与非相干光收发模块族,UNKNOWN：现有引语未列具体料号,20 总体封装,UNKNOWN：当前所用资料未给出该项型号实现,UNKNOWN, | P159｜现有points命中引语｜本地扫描(),原账本检索2026-07-26；资料发布日期未核,2026-10-03,现有资料中的公司自述；本轮未重新验证当前阶段,既有摘录/产品族
R60,德科立,GPON OLT与COMBO PON接入模块族,UNKNOWN：现有引语未列具体料号,01 主机电接口,UNKNOWN：当前所用资料未给出该项型号实现,UNKNOWN, | P160｜现有points命中引语｜本地扫描(),原账本检索2026-07-26；资料发布日期未核,2026-10-03,现有资料中的公司自述；本轮未重新验证当前阶段,既有摘录/产品族
R60,德科立,GPON OLT与COMBO PON接入模块族,UNKNOWN：现有引语未列具体料号,02 PCB与电连接,待提取：本稿尚未取得该环节专项资料；不能据此断言厂商未披露,未提取/待检索,,原账本检索2026-07-26；资料发布日期未核,2026-10-03,现有资料中的公司自述；本轮未重新验证当前阶段,既有摘录/产品族
R60,德科立,GPON OLT与COMBO PON接入模块族,UNKNOWN：现有引语未列具体料号,03 电处理,UNKNOWN：当前所用资料未给出该项型号实现,UNKNOWN, | P160｜现有points命中引语｜本地扫描(),原账本检索2026-07-26；资料发布日期未核,2026-10-03,现有资料中的公司自述；本轮未重新验证当前阶段,既有摘录/产品族
R60,德科立,GPON OLT与COMBO PON接入模块族,UNKNOWN：现有引语未列具体料号,04 驱动,待提取：本稿尚未取得该环节专项资料；不能据此断言厂商未披露,未提取/待检索,,原账本检索2026-07-26；资料发布日期未核,2026-10-03,现有资料中的公司自述；本轮未重新验证当前阶段,既有摘录/产品族
R60,德科立,GPON OLT与COMBO PON接入模块族,UNKNOWN：现有引语未列具体料号,05 发光与调制,UNKNOWN：当前所用资料未给出该项型号实现,UNKNOWN, | P160｜现有points命中引语｜本地扫描(),原账本检索2026-07-26；资料发布日期未核,2026-10-03,现有资料中的公司自述；本轮未重新验证当前阶段,既有摘录/产品族
R60,德科立,GPON OLT与COMBO PON接入模块族,UNKNOWN：现有引语未列具体料号,06 载体与芯片互连,待提取：本稿尚未取得该环节专项资料；不能据此断言厂商未披露,未提取/待检索,,原账本检索2026-07-26；资料发布日期未核,2026-10-03,现有资料中的公司自述；本轮未重新验证当前阶段,既有摘录/产品族
R60,德科立,GPON OLT与COMBO PON接入模块族,UNKNOWN：现有引语未列具体料号,07 发射耦合,待提取：本稿尚未取得该环节专项资料；不能据此断言厂商未披露,未提取/待检索,,原账本检索2026-07-26；资料发布日期未核,2026-10-03,现有资料中的公司自述；本轮未重新验证当前阶段,既有摘录/产品族
R60,德科立,GPON OLT与COMBO PON接入模块族,UNKNOWN：现有引语未列具体料号,08 合波,UNKNOWN：当前所用资料未给出该项型号实现,UNKNOWN, | P160｜现有points命中引语｜本地扫描(),原账本检索2026-07-26；资料发布日期未核,2026-10-03,现有资料中的公司自述；本轮未重新验证当前阶段,既有摘录/产品族
R60,德科立,GPON OLT与COMBO PON接入模块族,UNKNOWN：现有引语未列具体料号,09 外部光接口,GPON OLT、COMBO PON接入用途；波长与上下行配比未列；距离：UNKNOWN：当前所用资料未给出该项型号实现；光纤接口见封装字段：UNKNOWN：当前所用资料未给出该项型号实现,部分披露/有保留, | P160｜现有points命中引语｜本地扫描(),原账本检索2026-07-26；资料发布日期未核,2026-10-03,现有资料中的公司自述；本轮未重新验证当前阶段,既有摘录/产品族
R60,德科立,GPON OLT与COMBO PON接入模块族,UNKNOWN：现有引语未列具体料号,10 分波,UNKNOWN：当前所用资料未给出该项型号实现,UNKNOWN, | P160｜现有points命中引语｜本地扫描(),原账本检索2026-07-26；资料发布日期未核,2026-10-03,现有资料中的公司自述；本轮未重新验证当前阶段,既有摘录/产品族
R60,德科立,GPON OLT与COMBO PON接入模块族,UNKNOWN：现有引语未列具体料号,11 接收耦合,待提取：本稿尚未取得该环节专项资料；不能据此断言厂商未披露,未提取/待检索,,原账本检索2026-07-26；资料发布日期未核,2026-10-03,现有资料中的公司自述；本轮未重新验证当前阶段,既有摘录/产品族
R60,德科立,GPON OLT与COMBO PON接入模块族,UNKNOWN：现有引语未列具体料号,12 探测器,UNKNOWN：当前所用资料未给出该项型号实现（探测器与接收放大联合披露，未给出部分保持UNKNOWN）,UNKNOWN, | P160｜现有points命中引语｜本地扫描(),原账本检索2026-07-26；资料发布日期未核,2026-10-03,现有资料中的公司自述；本轮未重新验证当前阶段,既有摘录/产品族
R60,德科立,GPON OLT与COMBO PON接入模块族,UNKNOWN：现有引语未列具体料号,13 接收放大,UNKNOWN：当前所用资料未给出该项型号实现（探测器与接收放大联合披露，未给出部分保持UNKNOWN）,UNKNOWN, | P160｜现有points命中引语｜本地扫描(),原账本检索2026-07-26；资料发布日期未核,2026-10-03,现有资料中的公司自述；本轮未重新验证当前阶段,既有摘录/产品族
R60,德科立,GPON OLT与COMBO PON接入模块族,UNKNOWN：现有引语未列具体料号,14 控制,待提取：本稿尚未取得该环节专项资料；不能据此断言厂商未披露,未提取/待检索,,原账本检索2026-07-26；资料发布日期未核,2026-10-03,现有资料中的公司自述；本轮未重新验证当前阶段,既有摘录/产品族
R60,德科立,GPON OLT与COMBO PON接入模块族,UNKNOWN：现有引语未列具体料号,15 非易失存储,待提取：本稿尚未取得该环节专项资料；不能据此断言厂商未披露,未提取/待检索,,原账本检索2026-07-26；资料发布日期未核,2026-10-03,现有资料中的公司自述；本轮未重新验证当前阶段,既有摘录/产品族
R60,德科立,GPON OLT与COMBO PON接入模块族,UNKNOWN：现有引语未列具体料号,16 电源,待提取：本稿尚未取得该环节专项资料；不能据此断言厂商未披露,未提取/待检索,,原账本检索2026-07-26；资料发布日期未核,2026-10-03,现有资料中的公司自述；本轮未重新验证当前阶段,既有摘录/产品族
R60,德科立,GPON OLT与COMBO PON接入模块族,UNKNOWN：现有引语未列具体料号,17 时钟,待提取：本稿尚未取得该环节专项资料；不能据此断言厂商未披露,未提取/待检索,,原账本检索2026-07-26；资料发布日期未核,2026-10-03,现有资料中的公司自述；本轮未重新验证当前阶段,既有摘录/产品族
R60,德科立,GPON OLT与COMBO PON接入模块族,UNKNOWN：现有引语未列具体料号,18 无源电子件,待提取：本稿尚未取得该环节专项资料；不能据此断言厂商未披露,未提取/待检索,,原账本检索2026-07-26；资料发布日期未核,2026-10-03,现有资料中的公司自述；本轮未重新验证当前阶段,既有摘录/产品族
R60,德科立,GPON OLT与COMBO PON接入模块族,UNKNOWN：现有引语未列具体料号,19 热管理,UNKNOWN：当前所用资料未给出该项型号实现；具体散热器、材料与热设计UNKNOWN,UNKNOWN, | P160｜现有points命中引语｜本地扫描(),原账本检索2026-07-26；资料发布日期未核,2026-10-03,现有资料中的公司自述；本轮未重新验证当前阶段,既有摘录/产品族
R60,德科立,GPON OLT与COMBO PON接入模块族,UNKNOWN：现有引语未列具体料号,20 总体封装,UNKNOWN：当前所用资料未给出该项型号实现,UNKNOWN, | P160｜现有points命中引语｜本地扫描(),原账本检索2026-07-26；资料发布日期未核,2026-10-03,现有资料中的公司自述；本轮未重新验证当前阶段,既有摘录/产品族
R61,德科立,10G灰光/彩光无线接入光模块族,UNKNOWN：现有引语未列具体料号,01 主机电接口,UNKNOWN：当前所用资料未给出该项型号实现,UNKNOWN, | P160｜现有points命中引语｜本地扫描(),原账本检索2026-07-26；资料发布日期未核,2026-10-03,现有资料中的公司自述；本轮未重新验证当前阶段,既有摘录/产品族
R61,德科立,10G灰光/彩光无线接入光模块族,UNKNOWN：现有引语未列具体料号,02 PCB与电连接,待提取：本稿尚未取得该环节专项资料；不能据此断言厂商未披露,未提取/待检索,,原账本检索2026-07-26；资料发布日期未核,2026-10-03,现有资料中的公司自述；本轮未重新验证当前阶段,既有摘录/产品族
R61,德科立,10G灰光/彩光无线接入光模块族,UNKNOWN：现有引语未列具体料号,03 电处理,UNKNOWN：当前所用资料未给出该项型号实现,UNKNOWN, | P160｜现有points命中引语｜本地扫描(),原账本检索2026-07-26；资料发布日期未核,2026-10-03,现有资料中的公司自述；本轮未重新验证当前阶段,既有摘录/产品族
R61,德科立,10G灰光/彩光无线接入光模块族,UNKNOWN：现有引语未列具体料号,04 驱动,待提取：本稿尚未取得该环节专项资料；不能据此断言厂商未披露,未提取/待检索,,原账本检索2026-07-26；资料发布日期未核,2026-10-03,现有资料中的公司自述；本轮未重新验证当前阶段,既有摘录/产品族
R61,德科立,10G灰光/彩光无线接入光模块族,UNKNOWN：现有引语未列具体料号,05 发光与调制,UNKNOWN：当前所用资料未给出该项型号实现,UNKNOWN, | P160｜现有points命中引语｜本地扫描(),原账本检索2026-07-26；资料发布日期未核,2026-10-03,现有资料中的公司自述；本轮未重新验证当前阶段,既有摘录/产品族
R61,德科立,10G灰光/彩光无线接入光模块族,UNKNOWN：现有引语未列具体料号,06 载体与芯片互连,待提取：本稿尚未取得该环节专项资料；不能据此断言厂商未披露,未提取/待检索,,原账本检索2026-07-26；资料发布日期未核,2026-10-03,现有资料中的公司自述；本轮未重新验证当前阶段,既有摘录/产品族
R61,德科立,10G灰光/彩光无线接入光模块族,UNKNOWN：现有引语未列具体料号,07 发射耦合,待提取：本稿尚未取得该环节专项资料；不能据此断言厂商未披露,未提取/待检索,,原账本检索2026-07-26；资料发布日期未核,2026-10-03,现有资料中的公司自述；本轮未重新验证当前阶段,既有摘录/产品族
R61,德科立,10G灰光/彩光无线接入光模块族,UNKNOWN：现有引语未列具体料号,08 合波,UNKNOWN：当前所用资料未给出该项型号实现,UNKNOWN, | P160｜现有points命中引语｜本地扫描(),原账本检索2026-07-26；资料发布日期未核,2026-10-03,现有资料中的公司自述；本轮未重新验证当前阶段,既有摘录/产品族
R61,德科立,10G灰光/彩光无线接入光模块族,UNKNOWN：现有引语未列具体料号,09 外部光接口,10G灰光与彩光并列；具体波长/激光器未列；距离：UNKNOWN：当前所用资料未给出该项型号实现；光纤接口见封装字段：UNKNOWN：当前所用资料未给出该项型号实现,部分披露/有保留, | P160｜现有points命中引语｜本地扫描(),原账本检索2026-07-26；资料发布日期未核,2026-10-03,现有资料中的公司自述；本轮未重新验证当前阶段,既有摘录/产品族
R61,德科立,10G灰光/彩光无线接入光模块族,UNKNOWN：现有引语未列具体料号,10 分波,UNKNOWN：当前所用资料未给出该项型号实现,UNKNOWN, | P160｜现有points命中引语｜本地扫描(),原账本检索2026-07-26；资料发布日期未核,2026-10-03,现有资料中的公司自述；本轮未重新验证当前阶段,既有摘录/产品族
R61,德科立,10G灰光/彩光无线接入光模块族,UNKNOWN：现有引语未列具体料号,11 接收耦合,待提取：本稿尚未取得该环节专项资料；不能据此断言厂商未披露,未提取/待检索,,原账本检索2026-07-26；资料发布日期未核,2026-10-03,现有资料中的公司自述；本轮未重新验证当前阶段,既有摘录/产品族
R61,德科立,10G灰光/彩光无线接入光模块族,UNKNOWN：现有引语未列具体料号,12 探测器,UNKNOWN：当前所用资料未给出该项型号实现（探测器与接收放大联合披露，未给出部分保持UNKNOWN）,UNKNOWN, | P160｜现有points命中引语｜本地扫描(),原账本检索2026-07-26；资料发布日期未核,2026-10-03,现有资料中的公司自述；本轮未重新验证当前阶段,既有摘录/产品族
R61,德科立,10G灰光/彩光无线接入光模块族,UNKNOWN：现有引语未列具体料号,13 接收放大,UNKNOWN：当前所用资料未给出该项型号实现（探测器与接收放大联合披露，未给出部分保持UNKNOWN）,UNKNOWN, | P160｜现有points命中引语｜本地扫描(),原账本检索2026-07-26；资料发布日期未核,2026-10-03,现有资料中的公司自述；本轮未重新验证当前阶段,既有摘录/产品族
R61,德科立,10G灰光/彩光无线接入光模块族,UNKNOWN：现有引语未列具体料号,14 控制,待提取：本稿尚未取得该环节专项资料；不能据此断言厂商未披露,未提取/待检索,,原账本检索2026-07-26；资料发布日期未核,2026-10-03,现有资料中的公司自述；本轮未重新验证当前阶段,既有摘录/产品族
R61,德科立,10G灰光/彩光无线接入光模块族,UNKNOWN：现有引语未列具体料号,15 非易失存储,待提取：本稿尚未取得该环节专项资料；不能据此断言厂商未披露,未提取/待检索,,原账本检索2026-07-26；资料发布日期未核,2026-10-03,现有资料中的公司自述；本轮未重新验证当前阶段,既有摘录/产品族
R61,德科立,10G灰光/彩光无线接入光模块族,UNKNOWN：现有引语未列具体料号,16 电源,待提取：本稿尚未取得该环节专项资料；不能据此断言厂商未披露,未提取/待检索,,原账本检索2026-07-26；资料发布日期未核,2026-10-03,现有资料中的公司自述；本轮未重新验证当前阶段,既有摘录/产品族
R61,德科立,10G灰光/彩光无线接入光模块族,UNKNOWN：现有引语未列具体料号,17 时钟,待提取：本稿尚未取得该环节专项资料；不能据此断言厂商未披露,未提取/待检索,,原账本检索2026-07-26；资料发布日期未核,2026-10-03,现有资料中的公司自述；本轮未重新验证当前阶段,既有摘录/产品族
R61,德科立,10G灰光/彩光无线接入光模块族,UNKNOWN：现有引语未列具体料号,18 无源电子件,待提取：本稿尚未取得该环节专项资料；不能据此断言厂商未披露,未提取/待检索,,原账本检索2026-07-26；资料发布日期未核,2026-10-03,现有资料中的公司自述；本轮未重新验证当前阶段,既有摘录/产品族
R61,德科立,10G灰光/彩光无线接入光模块族,UNKNOWN：现有引语未列具体料号,19 热管理,UNKNOWN：当前所用资料未给出该项型号实现；具体散热器、材料与热设计UNKNOWN,UNKNOWN, | P160｜现有points命中引语｜本地扫描(),原账本检索2026-07-26；资料发布日期未核,2026-10-03,现有资料中的公司自述；本轮未重新验证当前阶段,既有摘录/产品族
R61,德科立,10G灰光/彩光无线接入光模块族,UNKNOWN：现有引语未列具体料号,20 总体封装,UNKNOWN：当前所用资料未给出该项型号实现,UNKNOWN, | P160｜现有points命中引语｜本地扫描(),原账本检索2026-07-26；资料发布日期未核,2026-10-03,现有资料中的公司自述；本轮未重新验证当前阶段,既有摘录/产品族
R62,德科立,25G灰光/彩光无线接入光模块族,UNKNOWN：现有引语未列具体料号,01 主机电接口,UNKNOWN：当前所用资料未给出该项型号实现,UNKNOWN, | P160｜现有points命中引语｜本地扫描(),原账本检索2026-07-26；资料发布日期未核,2026-10-03,现有资料中的公司自述；本轮未重新验证当前阶段,既有摘录/产品族
R62,德科立,25G灰光/彩光无线接入光模块族,UNKNOWN：现有引语未列具体料号,02 PCB与电连接,待提取：本稿尚未取得该环节专项资料；不能据此断言厂商未披露,未提取/待检索,,原账本检索2026-07-26；资料发布日期未核,2026-10-03,现有资料中的公司自述；本轮未重新验证当前阶段,既有摘录/产品族
R62,德科立,25G灰光/彩光无线接入光模块族,UNKNOWN：现有引语未列具体料号,03 电处理,UNKNOWN：当前所用资料未给出该项型号实现,UNKNOWN, | P160｜现有points命中引语｜本地扫描(),原账本检索2026-07-26；资料发布日期未核,2026-10-03,现有资料中的公司自述；本轮未重新验证当前阶段,既有摘录/产品族
R62,德科立,25G灰光/彩光无线接入光模块族,UNKNOWN：现有引语未列具体料号,04 驱动,待提取：本稿尚未取得该环节专项资料；不能据此断言厂商未披露,未提取/待检索,,原账本检索2026-07-26；资料发布日期未核,2026-10-03,现有资料中的公司自述；本轮未重新验证当前阶段,既有摘录/产品族
R62,德科立,25G灰光/彩光无线接入光模块族,UNKNOWN：现有引语未列具体料号,05 发光与调制,UNKNOWN：当前所用资料未给出该项型号实现,UNKNOWN, | P160｜现有points命中引语｜本地扫描(),原账本检索2026-07-26；资料发布日期未核,2026-10-03,现有资料中的公司自述；本轮未重新验证当前阶段,既有摘录/产品族
R62,德科立,25G灰光/彩光无线接入光模块族,UNKNOWN：现有引语未列具体料号,06 载体与芯片互连,待提取：本稿尚未取得该环节专项资料；不能据此断言厂商未披露,未提取/待检索,,原账本检索2026-07-26；资料发布日期未核,2026-10-03,现有资料中的公司自述；本轮未重新验证当前阶段,既有摘录/产品族
R62,德科立,25G灰光/彩光无线接入光模块族,UNKNOWN：现有引语未列具体料号,07 发射耦合,待提取：本稿尚未取得该环节专项资料；不能据此断言厂商未披露,未提取/待检索,,原账本检索2026-07-26；资料发布日期未核,2026-10-03,现有资料中的公司自述；本轮未重新验证当前阶段,既有摘录/产品族
R62,德科立,25G灰光/彩光无线接入光模块族,UNKNOWN：现有引语未列具体料号,08 合波,UNKNOWN：当前所用资料未给出该项型号实现,UNKNOWN, | P160｜现有points命中引语｜本地扫描(),原账本检索2026-07-26；资料发布日期未核,2026-10-03,现有资料中的公司自述；本轮未重新验证当前阶段,既有摘录/产品族
R62,德科立,25G灰光/彩光无线接入光模块族,UNKNOWN：现有引语未列具体料号,09 外部光接口,25G灰光与彩光并列；具体波长/激光器未列；距离：UNKNOWN：当前所用资料未给出该项型号实现；光纤接口见封装字段：UNKNOWN：当前所用资料未给出该项型号实现,部分披露/有保留, | P160｜现有points命中引语｜本地扫描(),原账本检索2026-07-26；资料发布日期未核,2026-10-03,现有资料中的公司自述；本轮未重新验证当前阶段,既有摘录/产品族
R62,德科立,25G灰光/彩光无线接入光模块族,UNKNOWN：现有引语未列具体料号,10 分波,UNKNOWN：当前所用资料未给出该项型号实现,UNKNOWN, | P160｜现有points命中引语｜本地扫描(),原账本检索2026-07-26；资料发布日期未核,2026-10-03,现有资料中的公司自述；本轮未重新验证当前阶段,既有摘录/产品族
R62,德科立,25G灰光/彩光无线接入光模块族,UNKNOWN：现有引语未列具体料号,11 接收耦合,待提取：本稿尚未取得该环节专项资料；不能据此断言厂商未披露,未提取/待检索,,原账本检索2026-07-26；资料发布日期未核,2026-10-03,现有资料中的公司自述；本轮未重新验证当前阶段,既有摘录/产品族
R62,德科立,25G灰光/彩光无线接入光模块族,UNKNOWN：现有引语未列具体料号,12 探测器,UNKNOWN：当前所用资料未给出该项型号实现（探测器与接收放大联合披露，未给出部分保持UNKNOWN）,UNKNOWN, | P160｜现有points命中引语｜本地扫描(),原账本检索2026-07-26；资料发布日期未核,2026-10-03,现有资料中的公司自述；本轮未重新验证当前阶段,既有摘录/产品族
R62,德科立,25G灰光/彩光无线接入光模块族,UNKNOWN：现有引语未列具体料号,13 接收放大,UNKNOWN：当前所用资料未给出该项型号实现（探测器与接收放大联合披露，未给出部分保持UNKNOWN）,UNKNOWN, | P160｜现有points命中引语｜本地扫描(),原账本检索2026-07-26；资料发布日期未核,2026-10-03,现有资料中的公司自述；本轮未重新验证当前阶段,既有摘录/产品族
R62,德科立,25G灰光/彩光无线接入光模块族,UNKNOWN：现有引语未列具体料号,14 控制,待提取：本稿尚未取得该环节专项资料；不能据此断言厂商未披露,未提取/待检索,,原账本检索2026-07-26；资料发布日期未核,2026-10-03,现有资料中的公司自述；本轮未重新验证当前阶段,既有摘录/产品族
R62,德科立,25G灰光/彩光无线接入光模块族,UNKNOWN：现有引语未列具体料号,15 非易失存储,待提取：本稿尚未取得该环节专项资料；不能据此断言厂商未披露,未提取/待检索,,原账本检索2026-07-26；资料发布日期未核,2026-10-03,现有资料中的公司自述；本轮未重新验证当前阶段,既有摘录/产品族
R62,德科立,25G灰光/彩光无线接入光模块族,UNKNOWN：现有引语未列具体料号,16 电源,待提取：本稿尚未取得该环节专项资料；不能据此断言厂商未披露,未提取/待检索,,原账本检索2026-07-26；资料发布日期未核,2026-10-03,现有资料中的公司自述；本轮未重新验证当前阶段,既有摘录/产品族
R62,德科立,25G灰光/彩光无线接入光模块族,UNKNOWN：现有引语未列具体料号,17 时钟,待提取：本稿尚未取得该环节专项资料；不能据此断言厂商未披露,未提取/待检索,,原账本检索2026-07-26；资料发布日期未核,2026-10-03,现有资料中的公司自述；本轮未重新验证当前阶段,既有摘录/产品族
R62,德科立,25G灰光/彩光无线接入光模块族,UNKNOWN：现有引语未列具体料号,18 无源电子件,待提取：本稿尚未取得该环节专项资料；不能据此断言厂商未披露,未提取/待检索,,原账本检索2026-07-26；资料发布日期未核,2026-10-03,现有资料中的公司自述；本轮未重新验证当前阶段,既有摘录/产品族
R62,德科立,25G灰光/彩光无线接入光模块族,UNKNOWN：现有引语未列具体料号,19 热管理,UNKNOWN：当前所用资料未给出该项型号实现；具体散热器、材料与热设计UNKNOWN,UNKNOWN, | P160｜现有points命中引语｜本地扫描(),原账本检索2026-07-26；资料发布日期未核,2026-10-03,现有资料中的公司自述；本轮未重新验证当前阶段,既有摘录/产品族
R62,德科立,25G灰光/彩光无线接入光模块族,UNKNOWN：现有引语未列具体料号,20 总体封装,UNKNOWN：当前所用资料未给出该项型号实现,UNKNOWN, | P160｜现有points命中引语｜本地扫描(),原账本检索2026-07-26；资料发布日期未核,2026-10-03,现有资料中的公司自述；本轮未重新验证当前阶段,既有摘录/产品族
R63,长芯博创,400G SR4多模光模块,UNKNOWN：现有引语未列具体料号,01 主机电接口,UNKNOWN：当前所用资料未给出该项型号实现,既有摘录；原文未重核 / UNKNOWN,https://static.cninfo.com.cn/finalpage/2026-03-28/1225045047.PDF | P119｜现有points命中引语；本轮未回读原PDF/回答,原账本检索2026-07-26；资料发布日期未核,2026-10-03,引语称具备批量供货能力；逐型号出货状态未列,既有摘录/产品族
R63,长芯博创,400G SR4多模光模块,UNKNOWN：现有引语未列具体料号,02 PCB与电连接,待提取：本稿尚未取得该环节专项资料；不能据此断言厂商未披露,未提取/待检索,,原账本检索2026-07-26；资料发布日期未核,2026-10-03,引语称具备批量供货能力；逐型号出货状态未列,既有摘录/产品族
R63,长芯博创,400G SR4多模光模块,UNKNOWN：现有引语未列具体料号,03 电处理,UNKNOWN：当前所用资料未给出该项型号实现,既有摘录；原文未重核 / UNKNOWN,https://static.cninfo.com.cn/finalpage/2026-03-28/1225045047.PDF | P119｜现有points命中引语；本轮未回读原PDF/回答,原账本检索2026-07-26；资料发布日期未核,2026-10-03,引语称具备批量供货能力；逐型号出货状态未列,既有摘录/产品族
R63,长芯博创,400G SR4多模光模块,UNKNOWN：现有引语未列具体料号,04 驱动,待提取：本稿尚未取得该环节专项资料；不能据此断言厂商未披露,未提取/待检索,,原账本检索2026-07-26；资料发布日期未核,2026-10-03,引语称具备批量供货能力；逐型号出货状态未列,既有摘录/产品族
R63,长芯博创,400G SR4多模光模块,UNKNOWN：现有引语未列具体料号,05 发光与调制,UNKNOWN：原引语仅称多模，未直接列VCSEL,既有摘录；原文未重核 / UNKNOWN,https://static.cninfo.com.cn/finalpage/2026-03-28/1225045047.PDF | P119｜现有points命中引语；本轮未回读原PDF/回答,原账本检索2026-07-26；资料发布日期未核,2026-10-03,引语称具备批量供货能力；逐型号出货状态未列,既有摘录/产品族
R63,长芯博创,400G SR4多模光模块,UNKNOWN：现有引语未列具体料号,06 载体与芯片互连,待提取：本稿尚未取得该环节专项资料；不能据此断言厂商未披露,未提取/待检索,,原账本检索2026-07-26；资料发布日期未核,2026-10-03,引语称具备批量供货能力；逐型号出货状态未列,既有摘录/产品族
R63,长芯博创,400G SR4多模光模块,UNKNOWN：现有引语未列具体料号,07 发射耦合,待提取：本稿尚未取得该环节专项资料；不能据此断言厂商未披露,未提取/待检索,,原账本检索2026-07-26；资料发布日期未核,2026-10-03,引语称具备批量供货能力；逐型号出货状态未列,既有摘录/产品族
R63,长芯博创,400G SR4多模光模块,UNKNOWN：现有引语未列具体料号,08 合波,UNKNOWN：当前所用资料未给出该项型号实现,既有摘录；原文未重核 / UNKNOWN,https://static.cninfo.com.cn/finalpage/2026-03-28/1225045047.PDF | P119｜现有points命中引语；本轮未回读原PDF/回答,原账本检索2026-07-26；资料发布日期未核,2026-10-03,引语称具备批量供货能力；逐型号出货状态未列,既有摘录/产品族
R63,长芯博创,400G SR4多模光模块,UNKNOWN：现有引语未列具体料号,09 外部光接口,400G多模SR4族；具体光lane速率、波长未列；距离：UNKNOWN：当前所用资料未给出该项型号实现；光纤接口见封装字段：UNKNOWN：当前所用资料未给出该项型号实现,既有摘录；原文未重核 / 部分披露/有保留,https://static.cninfo.com.cn/finalpage/2026-03-28/1225045047.PDF | P119｜现有points命中引语；本轮未回读原PDF/回答,原账本检索2026-07-26；资料发布日期未核,2026-10-03,引语称具备批量供货能力；逐型号出货状态未列,既有摘录/产品族
R63,长芯博创,400G SR4多模光模块,UNKNOWN：现有引语未列具体料号,10 分波,UNKNOWN：当前所用资料未给出该项型号实现,既有摘录；原文未重核 / UNKNOWN,https://static.cninfo.com.cn/finalpage/2026-03-28/1225045047.PDF | P119｜现有points命中引语；本轮未回读原PDF/回答,原账本检索2026-07-26；资料发布日期未核,2026-10-03,引语称具备批量供货能力；逐型号出货状态未列,既有摘录/产品族
R63,长芯博创,400G SR4多模光模块,UNKNOWN：现有引语未列具体料号,11 接收耦合,待提取：本稿尚未取得该环节专项资料；不能据此断言厂商未披露,未提取/待检索,,原账本检索2026-07-26；资料发布日期未核,2026-10-03,引语称具备批量供货能力；逐型号出货状态未列,既有摘录/产品族
R63,长芯博创,400G SR4多模光模块,UNKNOWN：现有引语未列具体料号,12 探测器,UNKNOWN：当前所用资料未给出该项型号实现（探测器与接收放大联合披露，未给出部分保持UNKNOWN）,既有摘录；原文未重核 / UNKNOWN,https://static.cninfo.com.cn/finalpage/2026-03-28/1225045047.PDF | P119｜现有points命中引语；本轮未回读原PDF/回答,原账本检索2026-07-26；资料发布日期未核,2026-10-03,引语称具备批量供货能力；逐型号出货状态未列,既有摘录/产品族
R63,长芯博创,400G SR4多模光模块,UNKNOWN：现有引语未列具体料号,13 接收放大,UNKNOWN：当前所用资料未给出该项型号实现（探测器与接收放大联合披露，未给出部分保持UNKNOWN）,既有摘录；原文未重核 / UNKNOWN,https://static.cninfo.com.cn/finalpage/2026-03-28/1225045047.PDF | P119｜现有points命中引语；本轮未回读原PDF/回答,原账本检索2026-07-26；资料发布日期未核,2026-10-03,引语称具备批量供货能力；逐型号出货状态未列,既有摘录/产品族
R63,长芯博创,400G SR4多模光模块,UNKNOWN：现有引语未列具体料号,14 控制,待提取：本稿尚未取得该环节专项资料；不能据此断言厂商未披露,未提取/待检索,,原账本检索2026-07-26；资料发布日期未核,2026-10-03,引语称具备批量供货能力；逐型号出货状态未列,既有摘录/产品族
R63,长芯博创,400G SR4多模光模块,UNKNOWN：现有引语未列具体料号,15 非易失存储,待提取：本稿尚未取得该环节专项资料；不能据此断言厂商未披露,未提取/待检索,,原账本检索2026-07-26；资料发布日期未核,2026-10-03,引语称具备批量供货能力；逐型号出货状态未列,既有摘录/产品族
R63,长芯博创,400G SR4多模光模块,UNKNOWN：现有引语未列具体料号,16 电源,待提取：本稿尚未取得该环节专项资料；不能据此断言厂商未披露,未提取/待检索,,原账本检索2026-07-26；资料发布日期未核,2026-10-03,引语称具备批量供货能力；逐型号出货状态未列,既有摘录/产品族
R63,长芯博创,400G SR4多模光模块,UNKNOWN：现有引语未列具体料号,17 时钟,待提取：本稿尚未取得该环节专项资料；不能据此断言厂商未披露,未提取/待检索,,原账本检索2026-07-26；资料发布日期未核,2026-10-03,引语称具备批量供货能力；逐型号出货状态未列,既有摘录/产品族
R63,长芯博创,400G SR4多模光模块,UNKNOWN：现有引语未列具体料号,18 无源电子件,待提取：本稿尚未取得该环节专项资料；不能据此断言厂商未披露,未提取/待检索,,原账本检索2026-07-26；资料发布日期未核,2026-10-03,引语称具备批量供货能力；逐型号出货状态未列,既有摘录/产品族
R63,长芯博创,400G SR4多模光模块,UNKNOWN：现有引语未列具体料号,19 热管理,UNKNOWN：当前所用资料未给出该项型号实现；具体散热器、材料与热设计UNKNOWN,既有摘录；原文未重核 / UNKNOWN,https://static.cninfo.com.cn/finalpage/2026-03-28/1225045047.PDF | P119｜现有points命中引语；本轮未回读原PDF/回答,原账本检索2026-07-26；资料发布日期未核,2026-10-03,引语称具备批量供货能力；逐型号出货状态未列,既有摘录/产品族
R63,长芯博创,400G SR4多模光模块,UNKNOWN：现有引语未列具体料号,20 总体封装,UNKNOWN：当前所用资料未给出该项型号实现,既有摘录；原文未重核 / UNKNOWN,https://static.cninfo.com.cn/finalpage/2026-03-28/1225045047.PDF | P119｜现有points命中引语；本轮未回读原PDF/回答,原账本检索2026-07-26；资料发布日期未核,2026-10-03,引语称具备批量供货能力；逐型号出货状态未列,既有摘录/产品族
R64,长芯博创,800G SR8多模光模块,UNKNOWN：现有引语未列具体料号,01 主机电接口,UNKNOWN：当前所用资料未给出该项型号实现,既有摘录；原文未重核 / UNKNOWN,https://static.cninfo.com.cn/finalpage/2026-03-28/1225045047.PDF | P119｜现有points命中引语；本轮未回读原PDF/回答,原账本检索2026-07-26；资料发布日期未核,2026-10-03,引语称具备批量供货能力；逐型号出货状态未列,既有摘录/产品族
R64,长芯博创,800G SR8多模光模块,UNKNOWN：现有引语未列具体料号,02 PCB与电连接,待提取：本稿尚未取得该环节专项资料；不能据此断言厂商未披露,未提取/待检索,,原账本检索2026-07-26；资料发布日期未核,2026-10-03,引语称具备批量供货能力；逐型号出货状态未列,既有摘录/产品族
R64,长芯博创,800G SR8多模光模块,UNKNOWN：现有引语未列具体料号,03 电处理,UNKNOWN：当前所用资料未给出该项型号实现,既有摘录；原文未重核 / UNKNOWN,https://static.cninfo.com.cn/finalpage/2026-03-28/1225045047.PDF | P119｜现有points命中引语；本轮未回读原PDF/回答,原账本检索2026-07-26；资料发布日期未核,2026-10-03,引语称具备批量供货能力；逐型号出货状态未列,既有摘录/产品族
R64,长芯博创,800G SR8多模光模块,UNKNOWN：现有引语未列具体料号,04 驱动,待提取：本稿尚未取得该环节专项资料；不能据此断言厂商未披露,未提取/待检索,,原账本检索2026-07-26；资料发布日期未核,2026-10-03,引语称具备批量供货能力；逐型号出货状态未列,既有摘录/产品族
R64,长芯博创,800G SR8多模光模块,UNKNOWN：现有引语未列具体料号,05 发光与调制,UNKNOWN：原引语仅称多模，未直接列VCSEL,既有摘录；原文未重核 / UNKNOWN,https://static.cninfo.com.cn/finalpage/2026-03-28/1225045047.PDF | P119｜现有points命中引语；本轮未回读原PDF/回答,原账本检索2026-07-26；资料发布日期未核,2026-10-03,引语称具备批量供货能力；逐型号出货状态未列,既有摘录/产品族
R64,长芯博创,800G SR8多模光模块,UNKNOWN：现有引语未列具体料号,06 载体与芯片互连,待提取：本稿尚未取得该环节专项资料；不能据此断言厂商未披露,未提取/待检索,,原账本检索2026-07-26；资料发布日期未核,2026-10-03,引语称具备批量供货能力；逐型号出货状态未列,既有摘录/产品族
R64,长芯博创,800G SR8多模光模块,UNKNOWN：现有引语未列具体料号,07 发射耦合,待提取：本稿尚未取得该环节专项资料；不能据此断言厂商未披露,未提取/待检索,,原账本检索2026-07-26；资料发布日期未核,2026-10-03,引语称具备批量供货能力；逐型号出货状态未列,既有摘录/产品族
R64,长芯博创,800G SR8多模光模块,UNKNOWN：现有引语未列具体料号,08 合波,UNKNOWN：当前所用资料未给出该项型号实现,既有摘录；原文未重核 / UNKNOWN,https://static.cninfo.com.cn/finalpage/2026-03-28/1225045047.PDF | P119｜现有points命中引语；本轮未回读原PDF/回答,原账本检索2026-07-26；资料发布日期未核,2026-10-03,引语称具备批量供货能力；逐型号出货状态未列,既有摘录/产品族
R64,长芯博创,800G SR8多模光模块,UNKNOWN：现有引语未列具体料号,09 外部光接口,800G多模SR8族；具体光lane速率、波长未列；距离：UNKNOWN：当前所用资料未给出该项型号实现；光纤接口见封装字段：UNKNOWN：当前所用资料未给出该项型号实现,既有摘录；原文未重核 / 部分披露/有保留,https://static.cninfo.com.cn/finalpage/2026-03-28/1225045047.PDF | P119｜现有points命中引语；本轮未回读原PDF/回答,原账本检索2026-07-26；资料发布日期未核,2026-10-03,引语称具备批量供货能力；逐型号出货状态未列,既有摘录/产品族
R64,长芯博创,800G SR8多模光模块,UNKNOWN：现有引语未列具体料号,10 分波,UNKNOWN：当前所用资料未给出该项型号实现,既有摘录；原文未重核 / UNKNOWN,https://static.cninfo.com.cn/finalpage/2026-03-28/1225045047.PDF | P119｜现有points命中引语；本轮未回读原PDF/回答,原账本检索2026-07-26；资料发布日期未核,2026-10-03,引语称具备批量供货能力；逐型号出货状态未列,既有摘录/产品族
R64,长芯博创,800G SR8多模光模块,UNKNOWN：现有引语未列具体料号,11 接收耦合,待提取：本稿尚未取得该环节专项资料；不能据此断言厂商未披露,未提取/待检索,,原账本检索2026-07-26；资料发布日期未核,2026-10-03,引语称具备批量供货能力；逐型号出货状态未列,既有摘录/产品族
R64,长芯博创,800G SR8多模光模块,UNKNOWN：现有引语未列具体料号,12 探测器,UNKNOWN：当前所用资料未给出该项型号实现（探测器与接收放大联合披露，未给出部分保持UNKNOWN）,既有摘录；原文未重核 / UNKNOWN,https://static.cninfo.com.cn/finalpage/2026-03-28/1225045047.PDF | P119｜现有points命中引语；本轮未回读原PDF/回答,原账本检索2026-07-26；资料发布日期未核,2026-10-03,引语称具备批量供货能力；逐型号出货状态未列,既有摘录/产品族
R64,长芯博创,800G SR8多模光模块,UNKNOWN：现有引语未列具体料号,13 接收放大,UNKNOWN：当前所用资料未给出该项型号实现（探测器与接收放大联合披露，未给出部分保持UNKNOWN）,既有摘录；原文未重核 / UNKNOWN,https://static.cninfo.com.cn/finalpage/2026-03-28/1225045047.PDF | P119｜现有points命中引语；本轮未回读原PDF/回答,原账本检索2026-07-26；资料发布日期未核,2026-10-03,引语称具备批量供货能力；逐型号出货状态未列,既有摘录/产品族
R64,长芯博创,800G SR8多模光模块,UNKNOWN：现有引语未列具体料号,14 控制,待提取：本稿尚未取得该环节专项资料；不能据此断言厂商未披露,未提取/待检索,,原账本检索2026-07-26；资料发布日期未核,2026-10-03,引语称具备批量供货能力；逐型号出货状态未列,既有摘录/产品族
R64,长芯博创,800G SR8多模光模块,UNKNOWN：现有引语未列具体料号,15 非易失存储,待提取：本稿尚未取得该环节专项资料；不能据此断言厂商未披露,未提取/待检索,,原账本检索2026-07-26；资料发布日期未核,2026-10-03,引语称具备批量供货能力；逐型号出货状态未列,既有摘录/产品族
R64,长芯博创,800G SR8多模光模块,UNKNOWN：现有引语未列具体料号,16 电源,待提取：本稿尚未取得该环节专项资料；不能据此断言厂商未披露,未提取/待检索,,原账本检索2026-07-26；资料发布日期未核,2026-10-03,引语称具备批量供货能力；逐型号出货状态未列,既有摘录/产品族
R64,长芯博创,800G SR8多模光模块,UNKNOWN：现有引语未列具体料号,17 时钟,待提取：本稿尚未取得该环节专项资料；不能据此断言厂商未披露,未提取/待检索,,原账本检索2026-07-26；资料发布日期未核,2026-10-03,引语称具备批量供货能力；逐型号出货状态未列,既有摘录/产品族
R64,长芯博创,800G SR8多模光模块,UNKNOWN：现有引语未列具体料号,18 无源电子件,待提取：本稿尚未取得该环节专项资料；不能据此断言厂商未披露,未提取/待检索,,原账本检索2026-07-26；资料发布日期未核,2026-10-03,引语称具备批量供货能力；逐型号出货状态未列,既有摘录/产品族
R64,长芯博创,800G SR8多模光模块,UNKNOWN：现有引语未列具体料号,19 热管理,UNKNOWN：当前所用资料未给出该项型号实现；具体散热器、材料与热设计UNKNOWN,既有摘录；原文未重核 / UNKNOWN,https://static.cninfo.com.cn/finalpage/2026-03-28/1225045047.PDF | P119｜现有points命中引语；本轮未回读原PDF/回答,原账本检索2026-07-26；资料发布日期未核,2026-10-03,引语称具备批量供货能力；逐型号出货状态未列,既有摘录/产品族
R64,长芯博创,800G SR8多模光模块,UNKNOWN：现有引语未列具体料号,20 总体封装,UNKNOWN：当前所用资料未给出该项型号实现,既有摘录；原文未重核 / UNKNOWN,https://static.cninfo.com.cn/finalpage/2026-03-28/1225045047.PDF | P119｜现有points命中引语；本轮未回读原PDF/回答,原账本检索2026-07-26；资料发布日期未核,2026-10-03,引语称具备批量供货能力；逐型号出货状态未列,既有摘录/产品族
R65,长芯博创,PON光纤接入光收发模块族,UNKNOWN：现有引语未列具体料号,01 主机电接口,UNKNOWN：当前所用资料未给出该项型号实现,既有摘录；原文未重核 / UNKNOWN,"https://static.cninfo.com.cn/finalpage/2026-03-28/1225045047.PDF | P184｜现有points命中引语；本轮未回读原PDF/回答
https://static.cninfo.com.cn/finalpage/2026-03-28/1225045047.PDF | P184｜现有points命中引语；本轮未回读原PDF/回答",原账本检索2026-07-26；资料发布日期未核,2026-10-03,现有资料中的公司自述；本轮未重新验证当前阶段,既有摘录/产品族
R65,长芯博创,PON光纤接入光收发模块族,UNKNOWN：现有引语未列具体料号,02 PCB与电连接,待提取：本稿尚未取得该环节专项资料；不能据此断言厂商未披露,未提取/待检索,,原账本检索2026-07-26；资料发布日期未核,2026-10-03,现有资料中的公司自述；本轮未重新验证当前阶段,既有摘录/产品族
R65,长芯博创,PON光纤接入光收发模块族,UNKNOWN：现有引语未列具体料号,03 电处理,UNKNOWN：当前所用资料未给出该项型号实现,既有摘录；原文未重核 / UNKNOWN,"https://static.cninfo.com.cn/finalpage/2026-03-28/1225045047.PDF | P184｜现有points命中引语；本轮未回读原PDF/回答
https://static.cninfo.com.cn/finalpage/2026-03-28/1225045047.PDF | P184｜现有points命中引语；本轮未回读原PDF/回答",原账本检索2026-07-26；资料发布日期未核,2026-10-03,现有资料中的公司自述；本轮未重新验证当前阶段,既有摘录/产品族
R65,长芯博创,PON光纤接入光收发模块族,UNKNOWN：现有引语未列具体料号,04 驱动,待提取：本稿尚未取得该环节专项资料；不能据此断言厂商未披露,未提取/待检索,,原账本检索2026-07-26；资料发布日期未核,2026-10-03,现有资料中的公司自述；本轮未重新验证当前阶段,既有摘录/产品族
R65,长芯博创,PON光纤接入光收发模块族,UNKNOWN：现有引语未列具体料号,05 发光与调制,UNKNOWN：当前所用资料未给出该项型号实现,既有摘录；原文未重核 / UNKNOWN,"https://static.cninfo.com.cn/finalpage/2026-03-28/1225045047.PDF | P184｜现有points命中引语；本轮未回读原PDF/回答
https://static.cninfo.com.cn/finalpage/2026-03-28/1225045047.PDF | P184｜现有points命中引语；本轮未回读原PDF/回答",原账本检索2026-07-26；资料发布日期未核,2026-10-03,现有资料中的公司自述；本轮未重新验证当前阶段,既有摘录/产品族
R65,长芯博创,PON光纤接入光收发模块族,UNKNOWN：现有引语未列具体料号,06 载体与芯片互连,待提取：本稿尚未取得该环节专项资料；不能据此断言厂商未披露,未提取/待检索,,原账本检索2026-07-26；资料发布日期未核,2026-10-03,现有资料中的公司自述；本轮未重新验证当前阶段,既有摘录/产品族
R65,长芯博创,PON光纤接入光收发模块族,UNKNOWN：现有引语未列具体料号,07 发射耦合,待提取：本稿尚未取得该环节专项资料；不能据此断言厂商未披露,未提取/待检索,,原账本检索2026-07-26；资料发布日期未核,2026-10-03,现有资料中的公司自述；本轮未重新验证当前阶段,既有摘录/产品族
R65,长芯博创,PON光纤接入光收发模块族,UNKNOWN：现有引语未列具体料号,08 合波,UNKNOWN：当前所用资料未给出该项型号实现,既有摘录；原文未重核 / UNKNOWN,"https://static.cninfo.com.cn/finalpage/2026-03-28/1225045047.PDF | P184｜现有points命中引语；本轮未回读原PDF/回答
https://static.cninfo.com.cn/finalpage/2026-03-28/1225045047.PDF | P184｜现有points命中引语；本轮未回读原PDF/回答",原账本检索2026-07-26；资料发布日期未核,2026-10-03,现有资料中的公司自述；本轮未重新验证当前阶段,既有摘录/产品族
R65,长芯博创,PON光纤接入光收发模块族,UNKNOWN：现有引语未列具体料号,09 外部光接口,用于PON光纤接入网；PON代际、速率/波长未列；距离：UNKNOWN：当前所用资料未给出该项型号实现；光纤接口见封装字段：UNKNOWN：当前所用资料未给出该项型号实现,既有摘录；原文未重核 / 部分披露/有保留,https://static.cninfo.com.cn/finalpage/2026-03-28/1225045047.PDF | P184｜现有points命中引语；本轮未回读原PDF/回答,原账本检索2026-07-26；资料发布日期未核,2026-10-03,现有资料中的公司自述；本轮未重新验证当前阶段,既有摘录/产品族
R65,长芯博创,PON光纤接入光收发模块族,UNKNOWN：现有引语未列具体料号,10 分波,UNKNOWN：当前所用资料未给出该项型号实现,既有摘录；原文未重核 / UNKNOWN,"https://static.cninfo.com.cn/finalpage/2026-03-28/1225045047.PDF | P184｜现有points命中引语；本轮未回读原PDF/回答
https://static.cninfo.com.cn/finalpage/2026-03-28/1225045047.PDF | P184｜现有points命中引语；本轮未回读原PDF/回答",原账本检索2026-07-26；资料发布日期未核,2026-10-03,现有资料中的公司自述；本轮未重新验证当前阶段,既有摘录/产品族
R65,长芯博创,PON光纤接入光收发模块族,UNKNOWN：现有引语未列具体料号,11 接收耦合,待提取：本稿尚未取得该环节专项资料；不能据此断言厂商未披露,未提取/待检索,,原账本检索2026-07-26；资料发布日期未核,2026-10-03,现有资料中的公司自述；本轮未重新验证当前阶段,既有摘录/产品族
R65,长芯博创,PON光纤接入光收发模块族,UNKNOWN：现有引语未列具体料号,12 探测器,UNKNOWN：当前所用资料未给出该项型号实现（探测器与接收放大联合披露，未给出部分保持UNKNOWN）,既有摘录；原文未重核 / UNKNOWN,"https://static.cninfo.com.cn/finalpage/2026-03-28/1225045047.PDF | P184｜现有points命中引语；本轮未回读原PDF/回答
https://static.cninfo.com.cn/finalpage/2026-03-28/1225045047.PDF | P184｜现有points命中引语；本轮未回读原PDF/回答",原账本检索2026-07-26；资料发布日期未核,2026-10-03,现有资料中的公司自述；本轮未重新验证当前阶段,既有摘录/产品族
R65,长芯博创,PON光纤接入光收发模块族,UNKNOWN：现有引语未列具体料号,13 接收放大,UNKNOWN：当前所用资料未给出该项型号实现（探测器与接收放大联合披露，未给出部分保持UNKNOWN）,既有摘录；原文未重核 / UNKNOWN,"https://static.cninfo.com.cn/finalpage/2026-03-28/1225045047.PDF | P184｜现有points命中引语；本轮未回读原PDF/回答
https://static.cninfo.com.cn/finalpage/2026-03-28/1225045047.PDF | P184｜现有points命中引语；本轮未回读原PDF/回答",原账本检索2026-07-26；资料发布日期未核,2026-10-03,现有资料中的公司自述；本轮未重新验证当前阶段,既有摘录/产品族
R65,长芯博创,PON光纤接入光收发模块族,UNKNOWN：现有引语未列具体料号,14 控制,待提取：本稿尚未取得该环节专项资料；不能据此断言厂商未披露,未提取/待检索,,原账本检索2026-07-26；资料发布日期未核,2026-10-03,现有资料中的公司自述；本轮未重新验证当前阶段,既有摘录/产品族
R65,长芯博创,PON光纤接入光收发模块族,UNKNOWN：现有引语未列具体料号,15 非易失存储,待提取：本稿尚未取得该环节专项资料；不能据此断言厂商未披露,未提取/待检索,,原账本检索2026-07-26；资料发布日期未核,2026-10-03,现有资料中的公司自述；本轮未重新验证当前阶段,既有摘录/产品族
R65,长芯博创,PON光纤接入光收发模块族,UNKNOWN：现有引语未列具体料号,16 电源,待提取：本稿尚未取得该环节专项资料；不能据此断言厂商未披露,未提取/待检索,,原账本检索2026-07-26；资料发布日期未核,2026-10-03,现有资料中的公司自述；本轮未重新验证当前阶段,既有摘录/产品族
R65,长芯博创,PON光纤接入光收发模块族,UNKNOWN：现有引语未列具体料号,17 时钟,待提取：本稿尚未取得该环节专项资料；不能据此断言厂商未披露,未提取/待检索,,原账本检索2026-07-26；资料发布日期未核,2026-10-03,现有资料中的公司自述；本轮未重新验证当前阶段,既有摘录/产品族
R65,长芯博创,PON光纤接入光收发模块族,UNKNOWN：现有引语未列具体料号,18 无源电子件,待提取：本稿尚未取得该环节专项资料；不能据此断言厂商未披露,未提取/待检索,,原账本检索2026-07-26；资料发布日期未核,2026-10-03,现有资料中的公司自述；本轮未重新验证当前阶段,既有摘录/产品族
R65,长芯博创,PON光纤接入光收发模块族,UNKNOWN：现有引语未列具体料号,19 热管理,UNKNOWN：当前所用资料未给出该项型号实现；具体散热器、材料与热设计UNKNOWN,既有摘录；原文未重核 / UNKNOWN,"https://static.cninfo.com.cn/finalpage/2026-03-28/1225045047.PDF | P184｜现有points命中引语；本轮未回读原PDF/回答
https://static.cninfo.com.cn/finalpage/2026-03-28/1225045047.PDF | P184｜现有points命中引语；本轮未回读原PDF/回答",原账本检索2026-07-26；资料发布日期未核,2026-10-03,现有资料中的公司自述；本轮未重新验证当前阶段,既有摘录/产品族
R65,长芯博创,PON光纤接入光收发模块族,UNKNOWN：现有引语未列具体料号,20 总体封装,UNKNOWN：当前所用资料未给出该项型号实现,既有摘录；原文未重核 / UNKNOWN,"https://static.cninfo.com.cn/finalpage/2026-03-28/1225045047.PDF | P184｜现有points命中引语；本轮未回读原PDF/回答
https://static.cninfo.com.cn/finalpage/2026-03-28/1225045047.PDF | P184｜现有points命中引语；本轮未回读原PDF/回答",原账本检索2026-07-26；资料发布日期未核,2026-10-03,现有资料中的公司自述；本轮未重新验证当前阶段,既有摘录/产品族
R66,长芯博创,无线前传/中回传光收发模块族,UNKNOWN：现有引语未列具体料号,01 主机电接口,UNKNOWN：当前所用资料未给出该项型号实现,既有摘录；原文未重核 / UNKNOWN,https://static.cninfo.com.cn/finalpage/2026-03-28/1225045047.PDF | P184｜现有points命中引语；本轮未回读原PDF/回答,原账本检索2026-07-26；资料发布日期未核,2026-10-03,现有资料中的公司自述；本轮未重新验证当前阶段,既有摘录/产品族
R66,长芯博创,无线前传/中回传光收发模块族,UNKNOWN：现有引语未列具体料号,02 PCB与电连接,待提取：本稿尚未取得该环节专项资料；不能据此断言厂商未披露,未提取/待检索,,原账本检索2026-07-26；资料发布日期未核,2026-10-03,现有资料中的公司自述；本轮未重新验证当前阶段,既有摘录/产品族
R66,长芯博创,无线前传/中回传光收发模块族,UNKNOWN：现有引语未列具体料号,03 电处理,UNKNOWN：当前所用资料未给出该项型号实现,既有摘录；原文未重核 / UNKNOWN,https://static.cninfo.com.cn/finalpage/2026-03-28/1225045047.PDF | P184｜现有points命中引语；本轮未回读原PDF/回答,原账本检索2026-07-26；资料发布日期未核,2026-10-03,现有资料中的公司自述；本轮未重新验证当前阶段,既有摘录/产品族
R66,长芯博创,无线前传/中回传光收发模块族,UNKNOWN：现有引语未列具体料号,04 驱动,待提取：本稿尚未取得该环节专项资料；不能据此断言厂商未披露,未提取/待检索,,原账本检索2026-07-26；资料发布日期未核,2026-10-03,现有资料中的公司自述；本轮未重新验证当前阶段,既有摘录/产品族
R66,长芯博创,无线前传/中回传光收发模块族,UNKNOWN：现有引语未列具体料号,05 发光与调制,UNKNOWN：当前所用资料未给出该项型号实现,既有摘录；原文未重核 / UNKNOWN,https://static.cninfo.com.cn/finalpage/2026-03-28/1225045047.PDF | P184｜现有points命中引语；本轮未回读原PDF/回答,原账本检索2026-07-26；资料发布日期未核,2026-10-03,现有资料中的公司自述；本轮未重新验证当前阶段,既有摘录/产品族
R66,长芯博创,无线前传/中回传光收发模块族,UNKNOWN：现有引语未列具体料号,06 载体与芯片互连,待提取：本稿尚未取得该环节专项资料；不能据此断言厂商未披露,未提取/待检索,,原账本检索2026-07-26；资料发布日期未核,2026-10-03,现有资料中的公司自述；本轮未重新验证当前阶段,既有摘录/产品族
R66,长芯博创,无线前传/中回传光收发模块族,UNKNOWN：现有引语未列具体料号,07 发射耦合,待提取：本稿尚未取得该环节专项资料；不能据此断言厂商未披露,未提取/待检索,,原账本检索2026-07-26；资料发布日期未核,2026-10-03,现有资料中的公司自述；本轮未重新验证当前阶段,既有摘录/产品族
R66,长芯博创,无线前传/中回传光收发模块族,UNKNOWN：现有引语未列具体料号,08 合波,UNKNOWN：当前所用资料未给出该项型号实现,既有摘录；原文未重核 / UNKNOWN,https://static.cninfo.com.cn/finalpage/2026-03-28/1225045047.PDF | P184｜现有points命中引语；本轮未回读原PDF/回答,原账本检索2026-07-26；资料发布日期未核,2026-10-03,现有资料中的公司自述；本轮未重新验证当前阶段,既有摘录/产品族
R66,长芯博创,无线前传/中回传光收发模块族,UNKNOWN：现有引语未列具体料号,09 外部光接口,用于无线承载前传、中回传；速率/波长未列；距离：UNKNOWN：当前所用资料未给出该项型号实现；光纤接口见封装字段：UNKNOWN：当前所用资料未给出该项型号实现,既有摘录；原文未重核 / 部分披露/有保留,https://static.cninfo.com.cn/finalpage/2026-03-28/1225045047.PDF | P184｜现有points命中引语；本轮未回读原PDF/回答,原账本检索2026-07-26；资料发布日期未核,2026-10-03,现有资料中的公司自述；本轮未重新验证当前阶段,既有摘录/产品族
R66,长芯博创,无线前传/中回传光收发模块族,UNKNOWN：现有引语未列具体料号,10 分波,UNKNOWN：当前所用资料未给出该项型号实现,既有摘录；原文未重核 / UNKNOWN,https://static.cninfo.com.cn/finalpage/2026-03-28/1225045047.PDF | P184｜现有points命中引语；本轮未回读原PDF/回答,原账本检索2026-07-26；资料发布日期未核,2026-10-03,现有资料中的公司自述；本轮未重新验证当前阶段,既有摘录/产品族
R66,长芯博创,无线前传/中回传光收发模块族,UNKNOWN：现有引语未列具体料号,11 接收耦合,待提取：本稿尚未取得该环节专项资料；不能据此断言厂商未披露,未提取/待检索,,原账本检索2026-07-26；资料发布日期未核,2026-10-03,现有资料中的公司自述；本轮未重新验证当前阶段,既有摘录/产品族
R66,长芯博创,无线前传/中回传光收发模块族,UNKNOWN：现有引语未列具体料号,12 探测器,UNKNOWN：当前所用资料未给出该项型号实现（探测器与接收放大联合披露，未给出部分保持UNKNOWN）,既有摘录；原文未重核 / UNKNOWN,https://static.cninfo.com.cn/finalpage/2026-03-28/1225045047.PDF | P184｜现有points命中引语；本轮未回读原PDF/回答,原账本检索2026-07-26；资料发布日期未核,2026-10-03,现有资料中的公司自述；本轮未重新验证当前阶段,既有摘录/产品族
R66,长芯博创,无线前传/中回传光收发模块族,UNKNOWN：现有引语未列具体料号,13 接收放大,UNKNOWN：当前所用资料未给出该项型号实现（探测器与接收放大联合披露，未给出部分保持UNKNOWN）,既有摘录；原文未重核 / UNKNOWN,https://static.cninfo.com.cn/finalpage/2026-03-28/1225045047.PDF | P184｜现有points命中引语；本轮未回读原PDF/回答,原账本检索2026-07-26；资料发布日期未核,2026-10-03,现有资料中的公司自述；本轮未重新验证当前阶段,既有摘录/产品族
R66,长芯博创,无线前传/中回传光收发模块族,UNKNOWN：现有引语未列具体料号,14 控制,待提取：本稿尚未取得该环节专项资料；不能据此断言厂商未披露,未提取/待检索,,原账本检索2026-07-26；资料发布日期未核,2026-10-03,现有资料中的公司自述；本轮未重新验证当前阶段,既有摘录/产品族
R66,长芯博创,无线前传/中回传光收发模块族,UNKNOWN：现有引语未列具体料号,15 非易失存储,待提取：本稿尚未取得该环节专项资料；不能据此断言厂商未披露,未提取/待检索,,原账本检索2026-07-26；资料发布日期未核,2026-10-03,现有资料中的公司自述；本轮未重新验证当前阶段,既有摘录/产品族
R66,长芯博创,无线前传/中回传光收发模块族,UNKNOWN：现有引语未列具体料号,16 电源,待提取：本稿尚未取得该环节专项资料；不能据此断言厂商未披露,未提取/待检索,,原账本检索2026-07-26；资料发布日期未核,2026-10-03,现有资料中的公司自述；本轮未重新验证当前阶段,既有摘录/产品族
R66,长芯博创,无线前传/中回传光收发模块族,UNKNOWN：现有引语未列具体料号,17 时钟,待提取：本稿尚未取得该环节专项资料；不能据此断言厂商未披露,未提取/待检索,,原账本检索2026-07-26；资料发布日期未核,2026-10-03,现有资料中的公司自述；本轮未重新验证当前阶段,既有摘录/产品族
R66,长芯博创,无线前传/中回传光收发模块族,UNKNOWN：现有引语未列具体料号,18 无源电子件,待提取：本稿尚未取得该环节专项资料；不能据此断言厂商未披露,未提取/待检索,,原账本检索2026-07-26；资料发布日期未核,2026-10-03,现有资料中的公司自述；本轮未重新验证当前阶段,既有摘录/产品族
R66,长芯博创,无线前传/中回传光收发模块族,UNKNOWN：现有引语未列具体料号,19 热管理,UNKNOWN：当前所用资料未给出该项型号实现；具体散热器、材料与热设计UNKNOWN,既有摘录；原文未重核 / UNKNOWN,https://static.cninfo.com.cn/finalpage/2026-03-28/1225045047.PDF | P184｜现有points命中引语；本轮未回读原PDF/回答,原账本检索2026-07-26；资料发布日期未核,2026-10-03,现有资料中的公司自述；本轮未重新验证当前阶段,既有摘录/产品族
R66,长芯博创,无线前传/中回传光收发模块族,UNKNOWN：现有引语未列具体料号,20 总体封装,UNKNOWN：当前所用资料未给出该项型号实现,既有摘录；原文未重核 / UNKNOWN,https://static.cninfo.com.cn/finalpage/2026-03-28/1225045047.PDF | P184｜现有points命中引语；本轮未回读原PDF/回答,原账本检索2026-07-26；资料发布日期未核,2026-10-03,现有资料中的公司自述；本轮未重新验证当前阶段,既有摘录/产品族
R67,铭普光磁,10G至800G数通光模块族,UNKNOWN：现有引语未列具体料号,01 主机电接口,UNKNOWN：当前所用资料未给出该项型号实现,既有摘录；原文未重核 / UNKNOWN,"https://static.cninfo.com.cn/finalpage/2026-04-25/1225190103.PDF | P183｜现有points命中引语；本轮未回读原PDF/回答
https://static.cninfo.com.cn/finalpage/2026-04-25/1225190103.PDF | P183｜现有points命中引语；本轮未回读原PDF/回答",原账本检索2026-07-25；资料发布日期未核；原账本检索2026-07-26；资料发布日期未核,2026-10-03,现有资料中的公司自述；本轮未重新验证当前阶段,既有摘录/产品族
R67,铭普光磁,10G至800G数通光模块族,UNKNOWN：现有引语未列具体料号,02 PCB与电连接,待提取：本稿尚未取得该环节专项资料；不能据此断言厂商未披露,未提取/待检索,,原账本检索2026-07-25；资料发布日期未核；原账本检索2026-07-26；资料发布日期未核,2026-10-03,现有资料中的公司自述；本轮未重新验证当前阶段,既有摘录/产品族
R67,铭普光磁,10G至800G数通光模块族,UNKNOWN：现有引语未列具体料号,03 电处理,UNKNOWN：当前所用资料未给出该项型号实现,既有摘录；原文未重核 / UNKNOWN,"https://static.cninfo.com.cn/finalpage/2026-04-25/1225190103.PDF | P183｜现有points命中引语；本轮未回读原PDF/回答
https://static.cninfo.com.cn/finalpage/2026-04-25/1225190103.PDF | P183｜现有points命中引语；本轮未回读原PDF/回答",原账本检索2026-07-25；资料发布日期未核；原账本检索2026-07-26；资料发布日期未核,2026-10-03,现有资料中的公司自述；本轮未重新验证当前阶段,既有摘录/产品族
R67,铭普光磁,10G至800G数通光模块族,UNKNOWN：现有引语未列具体料号,04 驱动,待提取：本稿尚未取得该环节专项资料；不能据此断言厂商未披露,未提取/待检索,,原账本检索2026-07-25；资料发布日期未核；原账本检索2026-07-26；资料发布日期未核,2026-10-03,现有资料中的公司自述；本轮未重新验证当前阶段,既有摘录/产品族
R67,铭普光磁,10G至800G数通光模块族,UNKNOWN：现有引语未列具体料号,05 发光与调制,UNKNOWN：当前所用资料未给出该项型号实现,既有摘录；原文未重核 / UNKNOWN,"https://static.cninfo.com.cn/finalpage/2026-04-25/1225190103.PDF | P183｜现有points命中引语；本轮未回读原PDF/回答
https://static.cninfo.com.cn/finalpage/2026-04-25/1225190103.PDF | P183｜现有points命中引语；本轮未回读原PDF/回答",原账本检索2026-07-25；资料发布日期未核；原账本检索2026-07-26；资料发布日期未核,2026-10-03,现有资料中的公司自述；本轮未重新验证当前阶段,既有摘录/产品族
R67,铭普光磁,10G至800G数通光模块族,UNKNOWN：现有引语未列具体料号,06 载体与芯片互连,待提取：本稿尚未取得该环节专项资料；不能据此断言厂商未披露,未提取/待检索,,原账本检索2026-07-25；资料发布日期未核；原账本检索2026-07-26；资料发布日期未核,2026-10-03,现有资料中的公司自述；本轮未重新验证当前阶段,既有摘录/产品族
R67,铭普光磁,10G至800G数通光模块族,UNKNOWN：现有引语未列具体料号,07 发射耦合,待提取：本稿尚未取得该环节专项资料；不能据此断言厂商未披露,未提取/待检索,,原账本检索2026-07-25；资料发布日期未核；原账本检索2026-07-26；资料发布日期未核,2026-10-03,现有资料中的公司自述；本轮未重新验证当前阶段,既有摘录/产品族
R67,铭普光磁,10G至800G数通光模块族,UNKNOWN：现有引语未列具体料号,08 合波,UNKNOWN：当前所用资料未给出该项型号实现,既有摘录；原文未重核 / UNKNOWN,"https://static.cninfo.com.cn/finalpage/2026-04-25/1225190103.PDF | P183｜现有points命中引语；本轮未回读原PDF/回答
https://static.cninfo.com.cn/finalpage/2026-04-25/1225190103.PDF | P183｜现有points命中引语；本轮未回读原PDF/回答",原账本检索2026-07-25；资料发布日期未核；原账本检索2026-07-26；资料发布日期未核,2026-10-03,现有资料中的公司自述；本轮未重新验证当前阶段,既有摘录/产品族
R67,铭普光磁,10G至800G数通光模块族,UNKNOWN：现有引语未列具体料号,09 外部光接口,10G至800G数通产品范围；未给各档PMD或光lane实现；距离：UNKNOWN：当前所用资料未给出该项型号实现；光纤接口见封装字段：UNKNOWN：当前所用资料未给出该项型号实现,既有摘录；原文未重核 / 部分披露/有保留,https://static.cninfo.com.cn/finalpage/2026-04-25/1225190103.PDF | P183｜现有points命中引语；本轮未回读原PDF/回答,原账本检索2026-07-25；资料发布日期未核；原账本检索2026-07-26；资料发布日期未核,2026-10-03,现有资料中的公司自述；本轮未重新验证当前阶段,既有摘录/产品族
R67,铭普光磁,10G至800G数通光模块族,UNKNOWN：现有引语未列具体料号,10 分波,UNKNOWN：当前所用资料未给出该项型号实现,既有摘录；原文未重核 / UNKNOWN,"https://static.cninfo.com.cn/finalpage/2026-04-25/1225190103.PDF | P183｜现有points命中引语；本轮未回读原PDF/回答
https://static.cninfo.com.cn/finalpage/2026-04-25/1225190103.PDF | P183｜现有points命中引语；本轮未回读原PDF/回答",原账本检索2026-07-25；资料发布日期未核；原账本检索2026-07-26；资料发布日期未核,2026-10-03,现有资料中的公司自述；本轮未重新验证当前阶段,既有摘录/产品族
R67,铭普光磁,10G至800G数通光模块族,UNKNOWN：现有引语未列具体料号,11 接收耦合,待提取：本稿尚未取得该环节专项资料；不能据此断言厂商未披露,未提取/待检索,,原账本检索2026-07-25；资料发布日期未核；原账本检索2026-07-26；资料发布日期未核,2026-10-03,现有资料中的公司自述；本轮未重新验证当前阶段,既有摘录/产品族
R67,铭普光磁,10G至800G数通光模块族,UNKNOWN：现有引语未列具体料号,12 探测器,UNKNOWN：当前所用资料未给出该项型号实现（探测器与接收放大联合披露，未给出部分保持UNKNOWN）,既有摘录；原文未重核 / UNKNOWN,"https://static.cninfo.com.cn/finalpage/2026-04-25/1225190103.PDF | P183｜现有points命中引语；本轮未回读原PDF/回答
https://static.cninfo.com.cn/finalpage/2026-04-25/1225190103.PDF | P183｜现有points命中引语；本轮未回读原PDF/回答",原账本检索2026-07-25；资料发布日期未核；原账本检索2026-07-26；资料发布日期未核,2026-10-03,现有资料中的公司自述；本轮未重新验证当前阶段,既有摘录/产品族
R67,铭普光磁,10G至800G数通光模块族,UNKNOWN：现有引语未列具体料号,13 接收放大,UNKNOWN：当前所用资料未给出该项型号实现（探测器与接收放大联合披露，未给出部分保持UNKNOWN）,既有摘录；原文未重核 / UNKNOWN,"https://static.cninfo.com.cn/finalpage/2026-04-25/1225190103.PDF | P183｜现有points命中引语；本轮未回读原PDF/回答
https://static.cninfo.com.cn/finalpage/2026-04-25/1225190103.PDF | P183｜现有points命中引语；本轮未回读原PDF/回答",原账本检索2026-07-25；资料发布日期未核；原账本检索2026-07-26；资料发布日期未核,2026-10-03,现有资料中的公司自述；本轮未重新验证当前阶段,既有摘录/产品族
R67,铭普光磁,10G至800G数通光模块族,UNKNOWN：现有引语未列具体料号,14 控制,待提取：本稿尚未取得该环节专项资料；不能据此断言厂商未披露,未提取/待检索,,原账本检索2026-07-25；资料发布日期未核；原账本检索2026-07-26；资料发布日期未核,2026-10-03,现有资料中的公司自述；本轮未重新验证当前阶段,既有摘录/产品族
R67,铭普光磁,10G至800G数通光模块族,UNKNOWN：现有引语未列具体料号,15 非易失存储,待提取：本稿尚未取得该环节专项资料；不能据此断言厂商未披露,未提取/待检索,,原账本检索2026-07-25；资料发布日期未核；原账本检索2026-07-26；资料发布日期未核,2026-10-03,现有资料中的公司自述；本轮未重新验证当前阶段,既有摘录/产品族
R67,铭普光磁,10G至800G数通光模块族,UNKNOWN：现有引语未列具体料号,16 电源,待提取：本稿尚未取得该环节专项资料；不能据此断言厂商未披露,未提取/待检索,,原账本检索2026-07-25；资料发布日期未核；原账本检索2026-07-26；资料发布日期未核,2026-10-03,现有资料中的公司自述；本轮未重新验证当前阶段,既有摘录/产品族
R67,铭普光磁,10G至800G数通光模块族,UNKNOWN：现有引语未列具体料号,17 时钟,待提取：本稿尚未取得该环节专项资料；不能据此断言厂商未披露,未提取/待检索,,原账本检索2026-07-25；资料发布日期未核；原账本检索2026-07-26；资料发布日期未核,2026-10-03,现有资料中的公司自述；本轮未重新验证当前阶段,既有摘录/产品族
R67,铭普光磁,10G至800G数通光模块族,UNKNOWN：现有引语未列具体料号,18 无源电子件,待提取：本稿尚未取得该环节专项资料；不能据此断言厂商未披露,未提取/待检索,,原账本检索2026-07-25；资料发布日期未核；原账本检索2026-07-26；资料发布日期未核,2026-10-03,现有资料中的公司自述；本轮未重新验证当前阶段,既有摘录/产品族
R67,铭普光磁,10G至800G数通光模块族,UNKNOWN：现有引语未列具体料号,19 热管理,UNKNOWN：当前所用资料未给出该项型号实现；具体散热器、材料与热设计UNKNOWN,既有摘录；原文未重核 / UNKNOWN,"https://static.cninfo.com.cn/finalpage/2026-04-25/1225190103.PDF | P183｜现有points命中引语；本轮未回读原PDF/回答
https://static.cninfo.com.cn/finalpage/2026-04-25/1225190103.PDF | P183｜现有points命中引语；本轮未回读原PDF/回答",原账本检索2026-07-25；资料发布日期未核；原账本检索2026-07-26；资料发布日期未核,2026-10-03,现有资料中的公司自述；本轮未重新验证当前阶段,既有摘录/产品族
R67,铭普光磁,10G至800G数通光模块族,UNKNOWN：现有引语未列具体料号,20 总体封装,UNKNOWN：当前所用资料未给出该项型号实现,既有摘录；原文未重核 / UNKNOWN,"https://static.cninfo.com.cn/finalpage/2026-04-25/1225190103.PDF | P183｜现有points命中引语；本轮未回读原PDF/回答
https://static.cninfo.com.cn/finalpage/2026-04-25/1225190103.PDF | P183｜现有points命中引语；本轮未回读原PDF/回答",原账本检索2026-07-25；资料发布日期未核；原账本检索2026-07-26；资料发布日期未核,2026-10-03,现有资料中的公司自述；本轮未重新验证当前阶段,既有摘录/产品族
R68,铭普光磁,4G/5G承载传输光模块族,UNKNOWN：现有引语未列具体料号,01 主机电接口,UNKNOWN：当前所用资料未给出该项型号实现,既有摘录；原文未重核 / UNKNOWN,"https://static.cninfo.com.cn/finalpage/2026-04-25/1225190103.PDF | P183｜现有points命中引语；本轮未回读原PDF/回答
https://static.cninfo.com.cn/finalpage/2026-04-25/1225190103.PDF | P183｜现有points命中引语；本轮未回读原PDF/回答",原账本检索2026-07-25；资料发布日期未核；原账本检索2026-07-26；资料发布日期未核,2026-10-03,现有资料中的公司自述；本轮未重新验证当前阶段,既有摘录/产品族
R68,铭普光磁,4G/5G承载传输光模块族,UNKNOWN：现有引语未列具体料号,02 PCB与电连接,待提取：本稿尚未取得该环节专项资料；不能据此断言厂商未披露,未提取/待检索,,原账本检索2026-07-25；资料发布日期未核；原账本检索2026-07-26；资料发布日期未核,2026-10-03,现有资料中的公司自述；本轮未重新验证当前阶段,既有摘录/产品族
R68,铭普光磁,4G/5G承载传输光模块族,UNKNOWN：现有引语未列具体料号,03 电处理,UNKNOWN：当前所用资料未给出该项型号实现,既有摘录；原文未重核 / UNKNOWN,"https://static.cninfo.com.cn/finalpage/2026-04-25/1225190103.PDF | P183｜现有points命中引语；本轮未回读原PDF/回答
https://static.cninfo.com.cn/finalpage/2026-04-25/1225190103.PDF | P183｜现有points命中引语；本轮未回读原PDF/回答",原账本检索2026-07-25；资料发布日期未核；原账本检索2026-07-26；资料发布日期未核,2026-10-03,现有资料中的公司自述；本轮未重新验证当前阶段,既有摘录/产品族
R68,铭普光磁,4G/5G承载传输光模块族,UNKNOWN：现有引语未列具体料号,04 驱动,待提取：本稿尚未取得该环节专项资料；不能据此断言厂商未披露,未提取/待检索,,原账本检索2026-07-25；资料发布日期未核；原账本检索2026-07-26；资料发布日期未核,2026-10-03,现有资料中的公司自述；本轮未重新验证当前阶段,既有摘录/产品族
R68,铭普光磁,4G/5G承载传输光模块族,UNKNOWN：现有引语未列具体料号,05 发光与调制,UNKNOWN：当前所用资料未给出该项型号实现,既有摘录；原文未重核 / UNKNOWN,"https://static.cninfo.com.cn/finalpage/2026-04-25/1225190103.PDF | P183｜现有points命中引语；本轮未回读原PDF/回答
https://static.cninfo.com.cn/finalpage/2026-04-25/1225190103.PDF | P183｜现有points命中引语；本轮未回读原PDF/回答",原账本检索2026-07-25；资料发布日期未核；原账本检索2026-07-26；资料发布日期未核,2026-10-03,现有资料中的公司自述；本轮未重新验证当前阶段,既有摘录/产品族
R68,铭普光磁,4G/5G承载传输光模块族,UNKNOWN：现有引语未列具体料号,06 载体与芯片互连,待提取：本稿尚未取得该环节专项资料；不能据此断言厂商未披露,未提取/待检索,,原账本检索2026-07-25；资料发布日期未核；原账本检索2026-07-26；资料发布日期未核,2026-10-03,现有资料中的公司自述；本轮未重新验证当前阶段,既有摘录/产品族
R68,铭普光磁,4G/5G承载传输光模块族,UNKNOWN：现有引语未列具体料号,07 发射耦合,待提取：本稿尚未取得该环节专项资料；不能据此断言厂商未披露,未提取/待检索,,原账本检索2026-07-25；资料发布日期未核；原账本检索2026-07-26；资料发布日期未核,2026-10-03,现有资料中的公司自述；本轮未重新验证当前阶段,既有摘录/产品族
R68,铭普光磁,4G/5G承载传输光模块族,UNKNOWN：现有引语未列具体料号,08 合波,UNKNOWN：当前所用资料未给出该项型号实现,既有摘录；原文未重核 / UNKNOWN,"https://static.cninfo.com.cn/finalpage/2026-04-25/1225190103.PDF | P183｜现有points命中引语；本轮未回读原PDF/回答
https://static.cninfo.com.cn/finalpage/2026-04-25/1225190103.PDF | P183｜现有points命中引语；本轮未回读原PDF/回答",原账本检索2026-07-25；资料发布日期未核；原账本检索2026-07-26；资料发布日期未核,2026-10-03,现有资料中的公司自述；本轮未重新验证当前阶段,既有摘录/产品族
R68,铭普光磁,4G/5G承载传输光模块族,UNKNOWN：现有引语未列具体料号,09 外部光接口,服务4G/5G无线承载传输；具体速率/波长未列；距离：UNKNOWN：当前所用资料未给出该项型号实现；光纤接口见封装字段：UNKNOWN：当前所用资料未给出该项型号实现,既有摘录；原文未重核 / 部分披露/有保留,https://static.cninfo.com.cn/finalpage/2026-04-25/1225190103.PDF | P183｜现有points命中引语；本轮未回读原PDF/回答,原账本检索2026-07-25；资料发布日期未核；原账本检索2026-07-26；资料发布日期未核,2026-10-03,现有资料中的公司自述；本轮未重新验证当前阶段,既有摘录/产品族
R68,铭普光磁,4G/5G承载传输光模块族,UNKNOWN：现有引语未列具体料号,10 分波,UNKNOWN：当前所用资料未给出该项型号实现,既有摘录；原文未重核 / UNKNOWN,"https://static.cninfo.com.cn/finalpage/2026-04-25/1225190103.PDF | P183｜现有points命中引语；本轮未回读原PDF/回答
https://static.cninfo.com.cn/finalpage/2026-04-25/1225190103.PDF | P183｜现有points命中引语；本轮未回读原PDF/回答",原账本检索2026-07-25；资料发布日期未核；原账本检索2026-07-26；资料发布日期未核,2026-10-03,现有资料中的公司自述；本轮未重新验证当前阶段,既有摘录/产品族
R68,铭普光磁,4G/5G承载传输光模块族,UNKNOWN：现有引语未列具体料号,11 接收耦合,待提取：本稿尚未取得该环节专项资料；不能据此断言厂商未披露,未提取/待检索,,原账本检索2026-07-25；资料发布日期未核；原账本检索2026-07-26；资料发布日期未核,2026-10-03,现有资料中的公司自述；本轮未重新验证当前阶段,既有摘录/产品族
R68,铭普光磁,4G/5G承载传输光模块族,UNKNOWN：现有引语未列具体料号,12 探测器,UNKNOWN：当前所用资料未给出该项型号实现（探测器与接收放大联合披露，未给出部分保持UNKNOWN）,既有摘录；原文未重核 / UNKNOWN,"https://static.cninfo.com.cn/finalpage/2026-04-25/1225190103.PDF | P183｜现有points命中引语；本轮未回读原PDF/回答
https://static.cninfo.com.cn/finalpage/2026-04-25/1225190103.PDF | P183｜现有points命中引语；本轮未回读原PDF/回答",原账本检索2026-07-25；资料发布日期未核；原账本检索2026-07-26；资料发布日期未核,2026-10-03,现有资料中的公司自述；本轮未重新验证当前阶段,既有摘录/产品族
R68,铭普光磁,4G/5G承载传输光模块族,UNKNOWN：现有引语未列具体料号,13 接收放大,UNKNOWN：当前所用资料未给出该项型号实现（探测器与接收放大联合披露，未给出部分保持UNKNOWN）,既有摘录；原文未重核 / UNKNOWN,"https://static.cninfo.com.cn/finalpage/2026-04-25/1225190103.PDF | P183｜现有points命中引语；本轮未回读原PDF/回答
https://static.cninfo.com.cn/finalpage/2026-04-25/1225190103.PDF | P183｜现有points命中引语；本轮未回读原PDF/回答",原账本检索2026-07-25；资料发布日期未核；原账本检索2026-07-26；资料发布日期未核,2026-10-03,现有资料中的公司自述；本轮未重新验证当前阶段,既有摘录/产品族
R68,铭普光磁,4G/5G承载传输光模块族,UNKNOWN：现有引语未列具体料号,14 控制,待提取：本稿尚未取得该环节专项资料；不能据此断言厂商未披露,未提取/待检索,,原账本检索2026-07-25；资料发布日期未核；原账本检索2026-07-26；资料发布日期未核,2026-10-03,现有资料中的公司自述；本轮未重新验证当前阶段,既有摘录/产品族
R68,铭普光磁,4G/5G承载传输光模块族,UNKNOWN：现有引语未列具体料号,15 非易失存储,待提取：本稿尚未取得该环节专项资料；不能据此断言厂商未披露,未提取/待检索,,原账本检索2026-07-25；资料发布日期未核；原账本检索2026-07-26；资料发布日期未核,2026-10-03,现有资料中的公司自述；本轮未重新验证当前阶段,既有摘录/产品族
R68,铭普光磁,4G/5G承载传输光模块族,UNKNOWN：现有引语未列具体料号,16 电源,待提取：本稿尚未取得该环节专项资料；不能据此断言厂商未披露,未提取/待检索,,原账本检索2026-07-25；资料发布日期未核；原账本检索2026-07-26；资料发布日期未核,2026-10-03,现有资料中的公司自述；本轮未重新验证当前阶段,既有摘录/产品族
R68,铭普光磁,4G/5G承载传输光模块族,UNKNOWN：现有引语未列具体料号,17 时钟,待提取：本稿尚未取得该环节专项资料；不能据此断言厂商未披露,未提取/待检索,,原账本检索2026-07-25；资料发布日期未核；原账本检索2026-07-26；资料发布日期未核,2026-10-03,现有资料中的公司自述；本轮未重新验证当前阶段,既有摘录/产品族
R68,铭普光磁,4G/5G承载传输光模块族,UNKNOWN：现有引语未列具体料号,18 无源电子件,待提取：本稿尚未取得该环节专项资料；不能据此断言厂商未披露,未提取/待检索,,原账本检索2026-07-25；资料发布日期未核；原账本检索2026-07-26；资料发布日期未核,2026-10-03,现有资料中的公司自述；本轮未重新验证当前阶段,既有摘录/产品族
R68,铭普光磁,4G/5G承载传输光模块族,UNKNOWN：现有引语未列具体料号,19 热管理,UNKNOWN：当前所用资料未给出该项型号实现；具体散热器、材料与热设计UNKNOWN,既有摘录；原文未重核 / UNKNOWN,"https://static.cninfo.com.cn/finalpage/2026-04-25/1225190103.PDF | P183｜现有points命中引语；本轮未回读原PDF/回答
https://static.cninfo.com.cn/finalpage/2026-04-25/1225190103.PDF | P183｜现有points命中引语；本轮未回读原PDF/回答",原账本检索2026-07-25；资料发布日期未核；原账本检索2026-07-26；资料发布日期未核,2026-10-03,现有资料中的公司自述；本轮未重新验证当前阶段,既有摘录/产品族
R68,铭普光磁,4G/5G承载传输光模块族,UNKNOWN：现有引语未列具体料号,20 总体封装,UNKNOWN：当前所用资料未给出该项型号实现,既有摘录；原文未重核 / UNKNOWN,"https://static.cninfo.com.cn/finalpage/2026-04-25/1225190103.PDF | P183｜现有points命中引语；本轮未回读原PDF/回答
https://static.cninfo.com.cn/finalpage/2026-04-25/1225190103.PDF | P183｜现有points命中引语；本轮未回读原PDF/回答",原账本检索2026-07-25；资料发布日期未核；原账本检索2026-07-26；资料发布日期未核,2026-10-03,现有资料中的公司自述；本轮未重新验证当前阶段,既有摘录/产品族
R69,铭普光磁,FTTx固网接入光模块族,UNKNOWN：现有引语未列具体料号,01 主机电接口,UNKNOWN：当前所用资料未给出该项型号实现,既有摘录；原文未重核 / UNKNOWN,"https://static.cninfo.com.cn/finalpage/2026-04-25/1225190103.PDF | P183｜现有points命中引语；本轮未回读原PDF/回答
https://static.cninfo.com.cn/finalpage/2026-04-25/1225190103.PDF | P183｜现有points命中引语；本轮未回读原PDF/回答",原账本检索2026-07-25；资料发布日期未核；原账本检索2026-07-26；资料发布日期未核,2026-10-03,现有资料中的公司自述；本轮未重新验证当前阶段,既有摘录/产品族
R69,铭普光磁,FTTx固网接入光模块族,UNKNOWN：现有引语未列具体料号,02 PCB与电连接,待提取：本稿尚未取得该环节专项资料；不能据此断言厂商未披露,未提取/待检索,,原账本检索2026-07-25；资料发布日期未核；原账本检索2026-07-26；资料发布日期未核,2026-10-03,现有资料中的公司自述；本轮未重新验证当前阶段,既有摘录/产品族
R69,铭普光磁,FTTx固网接入光模块族,UNKNOWN：现有引语未列具体料号,03 电处理,UNKNOWN：当前所用资料未给出该项型号实现,既有摘录；原文未重核 / UNKNOWN,"https://static.cninfo.com.cn/finalpage/2026-04-25/1225190103.PDF | P183｜现有points命中引语；本轮未回读原PDF/回答
https://static.cninfo.com.cn/finalpage/2026-04-25/1225190103.PDF | P183｜现有points命中引语；本轮未回读原PDF/回答",原账本检索2026-07-25；资料发布日期未核；原账本检索2026-07-26；资料发布日期未核,2026-10-03,现有资料中的公司自述；本轮未重新验证当前阶段,既有摘录/产品族
R69,铭普光磁,FTTx固网接入光模块族,UNKNOWN：现有引语未列具体料号,04 驱动,待提取：本稿尚未取得该环节专项资料；不能据此断言厂商未披露,未提取/待检索,,原账本检索2026-07-25；资料发布日期未核；原账本检索2026-07-26；资料发布日期未核,2026-10-03,现有资料中的公司自述；本轮未重新验证当前阶段,既有摘录/产品族
R69,铭普光磁,FTTx固网接入光模块族,UNKNOWN：现有引语未列具体料号,05 发光与调制,UNKNOWN：当前所用资料未给出该项型号实现,既有摘录；原文未重核 / UNKNOWN,"https://static.cninfo.com.cn/finalpage/2026-04-25/1225190103.PDF | P183｜现有points命中引语；本轮未回读原PDF/回答
https://static.cninfo.com.cn/finalpage/2026-04-25/1225190103.PDF | P183｜现有points命中引语；本轮未回读原PDF/回答",原账本检索2026-07-25；资料发布日期未核；原账本检索2026-07-26；资料发布日期未核,2026-10-03,现有资料中的公司自述；本轮未重新验证当前阶段,既有摘录/产品族
R69,铭普光磁,FTTx固网接入光模块族,UNKNOWN：现有引语未列具体料号,06 载体与芯片互连,待提取：本稿尚未取得该环节专项资料；不能据此断言厂商未披露,未提取/待检索,,原账本检索2026-07-25；资料发布日期未核；原账本检索2026-07-26；资料发布日期未核,2026-10-03,现有资料中的公司自述；本轮未重新验证当前阶段,既有摘录/产品族
R69,铭普光磁,FTTx固网接入光模块族,UNKNOWN：现有引语未列具体料号,07 发射耦合,待提取：本稿尚未取得该环节专项资料；不能据此断言厂商未披露,未提取/待检索,,原账本检索2026-07-25；资料发布日期未核；原账本检索2026-07-26；资料发布日期未核,2026-10-03,现有资料中的公司自述；本轮未重新验证当前阶段,既有摘录/产品族
R69,铭普光磁,FTTx固网接入光模块族,UNKNOWN：现有引语未列具体料号,08 合波,UNKNOWN：当前所用资料未给出该项型号实现,既有摘录；原文未重核 / UNKNOWN,"https://static.cninfo.com.cn/finalpage/2026-04-25/1225190103.PDF | P183｜现有points命中引语；本轮未回读原PDF/回答
https://static.cninfo.com.cn/finalpage/2026-04-25/1225190103.PDF | P183｜现有points命中引语；本轮未回读原PDF/回答",原账本检索2026-07-25；资料发布日期未核；原账本检索2026-07-26；资料发布日期未核,2026-10-03,现有资料中的公司自述；本轮未重新验证当前阶段,既有摘录/产品族
R69,铭普光磁,FTTx固网接入光模块族,UNKNOWN：现有引语未列具体料号,09 外部光接口,固网FTTx接入用途；具体PON代际与上下行配比未列；距离：UNKNOWN：当前所用资料未给出该项型号实现；光纤接口见封装字段：UNKNOWN：当前所用资料未给出该项型号实现,既有摘录；原文未重核 / 部分披露/有保留,https://static.cninfo.com.cn/finalpage/2026-04-25/1225190103.PDF | P183｜现有points命中引语；本轮未回读原PDF/回答,原账本检索2026-07-25；资料发布日期未核；原账本检索2026-07-26；资料发布日期未核,2026-10-03,现有资料中的公司自述；本轮未重新验证当前阶段,既有摘录/产品族
R69,铭普光磁,FTTx固网接入光模块族,UNKNOWN：现有引语未列具体料号,10 分波,UNKNOWN：当前所用资料未给出该项型号实现,既有摘录；原文未重核 / UNKNOWN,"https://static.cninfo.com.cn/finalpage/2026-04-25/1225190103.PDF | P183｜现有points命中引语；本轮未回读原PDF/回答
https://static.cninfo.com.cn/finalpage/2026-04-25/1225190103.PDF | P183｜现有points命中引语；本轮未回读原PDF/回答",原账本检索2026-07-25；资料发布日期未核；原账本检索2026-07-26；资料发布日期未核,2026-10-03,现有资料中的公司自述；本轮未重新验证当前阶段,既有摘录/产品族
R69,铭普光磁,FTTx固网接入光模块族,UNKNOWN：现有引语未列具体料号,11 接收耦合,待提取：本稿尚未取得该环节专项资料；不能据此断言厂商未披露,未提取/待检索,,原账本检索2026-07-25；资料发布日期未核；原账本检索2026-07-26；资料发布日期未核,2026-10-03,现有资料中的公司自述；本轮未重新验证当前阶段,既有摘录/产品族
R69,铭普光磁,FTTx固网接入光模块族,UNKNOWN：现有引语未列具体料号,12 探测器,UNKNOWN：当前所用资料未给出该项型号实现（探测器与接收放大联合披露，未给出部分保持UNKNOWN）,既有摘录；原文未重核 / UNKNOWN,"https://static.cninfo.com.cn/finalpage/2026-04-25/1225190103.PDF | P183｜现有points命中引语；本轮未回读原PDF/回答
https://static.cninfo.com.cn/finalpage/2026-04-25/1225190103.PDF | P183｜现有points命中引语；本轮未回读原PDF/回答",原账本检索2026-07-25；资料发布日期未核；原账本检索2026-07-26；资料发布日期未核,2026-10-03,现有资料中的公司自述；本轮未重新验证当前阶段,既有摘录/产品族
R69,铭普光磁,FTTx固网接入光模块族,UNKNOWN：现有引语未列具体料号,13 接收放大,UNKNOWN：当前所用资料未给出该项型号实现（探测器与接收放大联合披露，未给出部分保持UNKNOWN）,既有摘录；原文未重核 / UNKNOWN,"https://static.cninfo.com.cn/finalpage/2026-04-25/1225190103.PDF | P183｜现有points命中引语；本轮未回读原PDF/回答
https://static.cninfo.com.cn/finalpage/2026-04-25/1225190103.PDF | P183｜现有points命中引语；本轮未回读原PDF/回答",原账本检索2026-07-25；资料发布日期未核；原账本检索2026-07-26；资料发布日期未核,2026-10-03,现有资料中的公司自述；本轮未重新验证当前阶段,既有摘录/产品族
R69,铭普光磁,FTTx固网接入光模块族,UNKNOWN：现有引语未列具体料号,14 控制,待提取：本稿尚未取得该环节专项资料；不能据此断言厂商未披露,未提取/待检索,,原账本检索2026-07-25；资料发布日期未核；原账本检索2026-07-26；资料发布日期未核,2026-10-03,现有资料中的公司自述；本轮未重新验证当前阶段,既有摘录/产品族
R69,铭普光磁,FTTx固网接入光模块族,UNKNOWN：现有引语未列具体料号,15 非易失存储,待提取：本稿尚未取得该环节专项资料；不能据此断言厂商未披露,未提取/待检索,,原账本检索2026-07-25；资料发布日期未核；原账本检索2026-07-26；资料发布日期未核,2026-10-03,现有资料中的公司自述；本轮未重新验证当前阶段,既有摘录/产品族
R69,铭普光磁,FTTx固网接入光模块族,UNKNOWN：现有引语未列具体料号,16 电源,待提取：本稿尚未取得该环节专项资料；不能据此断言厂商未披露,未提取/待检索,,原账本检索2026-07-25；资料发布日期未核；原账本检索2026-07-26；资料发布日期未核,2026-10-03,现有资料中的公司自述；本轮未重新验证当前阶段,既有摘录/产品族
R69,铭普光磁,FTTx固网接入光模块族,UNKNOWN：现有引语未列具体料号,17 时钟,待提取：本稿尚未取得该环节专项资料；不能据此断言厂商未披露,未提取/待检索,,原账本检索2026-07-25；资料发布日期未核；原账本检索2026-07-26；资料发布日期未核,2026-10-03,现有资料中的公司自述；本轮未重新验证当前阶段,既有摘录/产品族
R69,铭普光磁,FTTx固网接入光模块族,UNKNOWN：现有引语未列具体料号,18 无源电子件,待提取：本稿尚未取得该环节专项资料；不能据此断言厂商未披露,未提取/待检索,,原账本检索2026-07-25；资料发布日期未核；原账本检索2026-07-26；资料发布日期未核,2026-10-03,现有资料中的公司自述；本轮未重新验证当前阶段,既有摘录/产品族
R69,铭普光磁,FTTx固网接入光模块族,UNKNOWN：现有引语未列具体料号,19 热管理,UNKNOWN：当前所用资料未给出该项型号实现；具体散热器、材料与热设计UNKNOWN,既有摘录；原文未重核 / UNKNOWN,"https://static.cninfo.com.cn/finalpage/2026-04-25/1225190103.PDF | P183｜现有points命中引语；本轮未回读原PDF/回答
https://static.cninfo.com.cn/finalpage/2026-04-25/1225190103.PDF | P183｜现有points命中引语；本轮未回读原PDF/回答",原账本检索2026-07-25；资料发布日期未核；原账本检索2026-07-26；资料发布日期未核,2026-10-03,现有资料中的公司自述；本轮未重新验证当前阶段,既有摘录/产品族
R69,铭普光磁,FTTx固网接入光模块族,UNKNOWN：现有引语未列具体料号,20 总体封装,UNKNOWN：当前所用资料未给出该项型号实现,既有摘录；原文未重核 / UNKNOWN,"https://static.cninfo.com.cn/finalpage/2026-04-25/1225190103.PDF | P183｜现有points命中引语；本轮未回读原PDF/回答
https://static.cninfo.com.cn/finalpage/2026-04-25/1225190103.PDF | P183｜现有points命中引语；本轮未回读原PDF/回答",原账本检索2026-07-25；资料发布日期未核；原账本检索2026-07-26；资料发布日期未核,2026-10-03,现有资料中的公司自述；本轮未重新验证当前阶段,既有摘录/产品族
R70,亨通光电,GPON/XGPON/XGSPON/COMBO PON OLT模块族,UNKNOWN：现有引语未列具体料号,01 主机电接口,UNKNOWN：当前所用资料未给出该项型号实现,既有摘录；原文未重核 / UNKNOWN,https://static.cninfo.com.cn/finalpage/2026-04-25/1225195764.PDF | P139｜现有points命中引语；本轮未回读原PDF/回答,原账本检索2026-07-26；资料发布日期未核,2026-10-03,引语称可提供多类模块解决方案；逐型号交付阶段未列,既有摘录/产品族
R70,亨通光电,GPON/XGPON/XGSPON/COMBO PON OLT模块族,UNKNOWN：现有引语未列具体料号,02 PCB与电连接,待提取：本稿尚未取得该环节专项资料；不能据此断言厂商未披露,未提取/待检索,,原账本检索2026-07-26；资料发布日期未核,2026-10-03,引语称可提供多类模块解决方案；逐型号交付阶段未列,既有摘录/产品族
R70,亨通光电,GPON/XGPON/XGSPON/COMBO PON OLT模块族,UNKNOWN：现有引语未列具体料号,03 电处理,UNKNOWN：当前所用资料未给出该项型号实现,既有摘录；原文未重核 / UNKNOWN,https://static.cninfo.com.cn/finalpage/2026-04-25/1225195764.PDF | P139｜现有points命中引语；本轮未回读原PDF/回答,原账本检索2026-07-26；资料发布日期未核,2026-10-03,引语称可提供多类模块解决方案；逐型号交付阶段未列,既有摘录/产品族
R70,亨通光电,GPON/XGPON/XGSPON/COMBO PON OLT模块族,UNKNOWN：现有引语未列具体料号,04 驱动,待提取：本稿尚未取得该环节专项资料；不能据此断言厂商未披露,未提取/待检索,,原账本检索2026-07-26；资料发布日期未核,2026-10-03,引语称可提供多类模块解决方案；逐型号交付阶段未列,既有摘录/产品族
R70,亨通光电,GPON/XGPON/XGSPON/COMBO PON OLT模块族,UNKNOWN：现有引语未列具体料号,05 发光与调制,UNKNOWN：当前所用资料未给出该项型号实现,既有摘录；原文未重核 / UNKNOWN,https://static.cninfo.com.cn/finalpage/2026-04-25/1225195764.PDF | P139｜现有points命中引语；本轮未回读原PDF/回答,原账本检索2026-07-26；资料发布日期未核,2026-10-03,引语称可提供多类模块解决方案；逐型号交付阶段未列,既有摘录/产品族
R70,亨通光电,GPON/XGPON/XGSPON/COMBO PON OLT模块族,UNKNOWN：现有引语未列具体料号,06 载体与芯片互连,待提取：本稿尚未取得该环节专项资料；不能据此断言厂商未披露,未提取/待检索,,原账本检索2026-07-26；资料发布日期未核,2026-10-03,引语称可提供多类模块解决方案；逐型号交付阶段未列,既有摘录/产品族
R70,亨通光电,GPON/XGPON/XGSPON/COMBO PON OLT模块族,UNKNOWN：现有引语未列具体料号,07 发射耦合,待提取：本稿尚未取得该环节专项资料；不能据此断言厂商未披露,未提取/待检索,,原账本检索2026-07-26；资料发布日期未核,2026-10-03,引语称可提供多类模块解决方案；逐型号交付阶段未列,既有摘录/产品族
R70,亨通光电,GPON/XGPON/XGSPON/COMBO PON OLT模块族,UNKNOWN：现有引语未列具体料号,08 合波,UNKNOWN：当前所用资料未给出该项型号实现,既有摘录；原文未重核 / UNKNOWN,https://static.cninfo.com.cn/finalpage/2026-04-25/1225195764.PDF | P139｜现有points命中引语；本轮未回读原PDF/回答,原账本检索2026-07-26；资料发布日期未核,2026-10-03,引语称可提供多类模块解决方案；逐型号交付阶段未列,既有摘录/产品族
R70,亨通光电,GPON/XGPON/XGSPON/COMBO PON OLT模块族,UNKNOWN：现有引语未列具体料号,09 外部光接口,族级列GPON/XGPON/XGSPON/COMBO PON OLT；各制式速率波长未配对；距离：UNKNOWN：当前所用资料未给出该项型号实现；光纤接口见封装字段：UNKNOWN：当前所用资料未给出该项型号实现,既有摘录；原文未重核 / 部分披露/有保留,https://static.cninfo.com.cn/finalpage/2026-04-25/1225195764.PDF | P139｜现有points命中引语；本轮未回读原PDF/回答,原账本检索2026-07-26；资料发布日期未核,2026-10-03,引语称可提供多类模块解决方案；逐型号交付阶段未列,既有摘录/产品族
R70,亨通光电,GPON/XGPON/XGSPON/COMBO PON OLT模块族,UNKNOWN：现有引语未列具体料号,10 分波,UNKNOWN：当前所用资料未给出该项型号实现,既有摘录；原文未重核 / UNKNOWN,https://static.cninfo.com.cn/finalpage/2026-04-25/1225195764.PDF | P139｜现有points命中引语；本轮未回读原PDF/回答,原账本检索2026-07-26；资料发布日期未核,2026-10-03,引语称可提供多类模块解决方案；逐型号交付阶段未列,既有摘录/产品族
R70,亨通光电,GPON/XGPON/XGSPON/COMBO PON OLT模块族,UNKNOWN：现有引语未列具体料号,11 接收耦合,待提取：本稿尚未取得该环节专项资料；不能据此断言厂商未披露,未提取/待检索,,原账本检索2026-07-26；资料发布日期未核,2026-10-03,引语称可提供多类模块解决方案；逐型号交付阶段未列,既有摘录/产品族
R70,亨通光电,GPON/XGPON/XGSPON/COMBO PON OLT模块族,UNKNOWN：现有引语未列具体料号,12 探测器,UNKNOWN：当前所用资料未给出该项型号实现（探测器与接收放大联合披露，未给出部分保持UNKNOWN）,既有摘录；原文未重核 / UNKNOWN,https://static.cninfo.com.cn/finalpage/2026-04-25/1225195764.PDF | P139｜现有points命中引语；本轮未回读原PDF/回答,原账本检索2026-07-26；资料发布日期未核,2026-10-03,引语称可提供多类模块解决方案；逐型号交付阶段未列,既有摘录/产品族
R70,亨通光电,GPON/XGPON/XGSPON/COMBO PON OLT模块族,UNKNOWN：现有引语未列具体料号,13 接收放大,UNKNOWN：当前所用资料未给出该项型号实现（探测器与接收放大联合披露，未给出部分保持UNKNOWN）,既有摘录；原文未重核 / UNKNOWN,https://static.cninfo.com.cn/finalpage/2026-04-25/1225195764.PDF | P139｜现有points命中引语；本轮未回读原PDF/回答,原账本检索2026-07-26；资料发布日期未核,2026-10-03,引语称可提供多类模块解决方案；逐型号交付阶段未列,既有摘录/产品族
R70,亨通光电,GPON/XGPON/XGSPON/COMBO PON OLT模块族,UNKNOWN：现有引语未列具体料号,14 控制,待提取：本稿尚未取得该环节专项资料；不能据此断言厂商未披露,未提取/待检索,,原账本检索2026-07-26；资料发布日期未核,2026-10-03,引语称可提供多类模块解决方案；逐型号交付阶段未列,既有摘录/产品族
R70,亨通光电,GPON/XGPON/XGSPON/COMBO PON OLT模块族,UNKNOWN：现有引语未列具体料号,15 非易失存储,待提取：本稿尚未取得该环节专项资料；不能据此断言厂商未披露,未提取/待检索,,原账本检索2026-07-26；资料发布日期未核,2026-10-03,引语称可提供多类模块解决方案；逐型号交付阶段未列,既有摘录/产品族
R70,亨通光电,GPON/XGPON/XGSPON/COMBO PON OLT模块族,UNKNOWN：现有引语未列具体料号,16 电源,待提取：本稿尚未取得该环节专项资料；不能据此断言厂商未披露,未提取/待检索,,原账本检索2026-07-26；资料发布日期未核,2026-10-03,引语称可提供多类模块解决方案；逐型号交付阶段未列,既有摘录/产品族
R70,亨通光电,GPON/XGPON/XGSPON/COMBO PON OLT模块族,UNKNOWN：现有引语未列具体料号,17 时钟,待提取：本稿尚未取得该环节专项资料；不能据此断言厂商未披露,未提取/待检索,,原账本检索2026-07-26；资料发布日期未核,2026-10-03,引语称可提供多类模块解决方案；逐型号交付阶段未列,既有摘录/产品族
R70,亨通光电,GPON/XGPON/XGSPON/COMBO PON OLT模块族,UNKNOWN：现有引语未列具体料号,18 无源电子件,待提取：本稿尚未取得该环节专项资料；不能据此断言厂商未披露,未提取/待检索,,原账本检索2026-07-26；资料发布日期未核,2026-10-03,引语称可提供多类模块解决方案；逐型号交付阶段未列,既有摘录/产品族
R70,亨通光电,GPON/XGPON/XGSPON/COMBO PON OLT模块族,UNKNOWN：现有引语未列具体料号,19 热管理,UNKNOWN：当前所用资料未给出该项型号实现；具体散热器、材料与热设计UNKNOWN,既有摘录；原文未重核 / UNKNOWN,https://static.cninfo.com.cn/finalpage/2026-04-25/1225195764.PDF | P139｜现有points命中引语；本轮未回读原PDF/回答,原账本检索2026-07-26；资料发布日期未核,2026-10-03,引语称可提供多类模块解决方案；逐型号交付阶段未列,既有摘录/产品族
R70,亨通光电,GPON/XGPON/XGSPON/COMBO PON OLT模块族,UNKNOWN：现有引语未列具体料号,20 总体封装,UNKNOWN：当前所用资料未给出该项型号实现,既有摘录；原文未重核 / UNKNOWN,https://static.cninfo.com.cn/finalpage/2026-04-25/1225195764.PDF | P139｜现有points命中引语；本轮未回读原PDF/回答,原账本检索2026-07-26；资料发布日期未核,2026-10-03,引语称可提供多类模块解决方案；逐型号交付阶段未列,既有摘录/产品族
R71,亨通光电,50G COMBO PON OLT非对称光模块,UNKNOWN：现有引语未列具体料号,01 主机电接口,UNKNOWN：当前所用资料未给出该项型号实现,既有摘录；原文未重核 / UNKNOWN,https://static.cninfo.com.cn/finalpage/2026-04-25/1225195764.PDF | P139｜现有points命中引语；本轮未回读原PDF/回答,原账本检索2026-07-26；资料发布日期未核,2026-10-03,引语称已发布；没有型号量产锚,既有摘录/产品族
R71,亨通光电,50G COMBO PON OLT非对称光模块,UNKNOWN：现有引语未列具体料号,02 PCB与电连接,待提取：本稿尚未取得该环节专项资料；不能据此断言厂商未披露,未提取/待检索,,原账本检索2026-07-26；资料发布日期未核,2026-10-03,引语称已发布；没有型号量产锚,既有摘录/产品族
R71,亨通光电,50G COMBO PON OLT非对称光模块,UNKNOWN：现有引语未列具体料号,03 电处理,UNKNOWN：当前所用资料未给出该项型号实现,既有摘录；原文未重核 / UNKNOWN,https://static.cninfo.com.cn/finalpage/2026-04-25/1225195764.PDF | P139｜现有points命中引语；本轮未回读原PDF/回答,原账本检索2026-07-26；资料发布日期未核,2026-10-03,引语称已发布；没有型号量产锚,既有摘录/产品族
R71,亨通光电,50G COMBO PON OLT非对称光模块,UNKNOWN：现有引语未列具体料号,04 驱动,待提取：本稿尚未取得该环节专项资料；不能据此断言厂商未披露,未提取/待检索,,原账本检索2026-07-26；资料发布日期未核,2026-10-03,引语称已发布；没有型号量产锚,既有摘录/产品族
R71,亨通光电,50G COMBO PON OLT非对称光模块,UNKNOWN：现有引语未列具体料号,05 发光与调制,UNKNOWN：当前所用资料未给出该项型号实现,既有摘录；原文未重核 / UNKNOWN,https://static.cninfo.com.cn/finalpage/2026-04-25/1225195764.PDF | P139｜现有points命中引语；本轮未回读原PDF/回答,原账本检索2026-07-26；资料发布日期未核,2026-10-03,引语称已发布；没有型号量产锚,既有摘录/产品族
R71,亨通光电,50G COMBO PON OLT非对称光模块,UNKNOWN：现有引语未列具体料号,06 载体与芯片互连,待提取：本稿尚未取得该环节专项资料；不能据此断言厂商未披露,未提取/待检索,,原账本检索2026-07-26；资料发布日期未核,2026-10-03,引语称已发布；没有型号量产锚,既有摘录/产品族
R71,亨通光电,50G COMBO PON OLT非对称光模块,UNKNOWN：现有引语未列具体料号,07 发射耦合,待提取：本稿尚未取得该环节专项资料；不能据此断言厂商未披露,未提取/待检索,,原账本检索2026-07-26；资料发布日期未核,2026-10-03,引语称已发布；没有型号量产锚,既有摘录/产品族
R71,亨通光电,50G COMBO PON OLT非对称光模块,UNKNOWN：现有引语未列具体料号,08 合波,UNKNOWN：当前所用资料未给出该项型号实现,既有摘录；原文未重核 / UNKNOWN,https://static.cninfo.com.cn/finalpage/2026-04-25/1225195764.PDF | P139｜现有points命中引语；本轮未回读原PDF/回答,原账本检索2026-07-26；资料发布日期未核,2026-10-03,引语称已发布；没有型号量产锚,既有摘录/产品族
R71,亨通光电,50G COMBO PON OLT非对称光模块,UNKNOWN：现有引语未列具体料号,09 外部光接口,50G COMBO PON、非对称上下行；具体上下行数值/波长未列；距离：UNKNOWN：当前所用资料未给出该项型号实现；光纤接口见封装字段：UNKNOWN：当前所用资料未给出该项型号实现,既有摘录；原文未重核 / 部分披露/有保留,https://static.cninfo.com.cn/finalpage/2026-04-25/1225195764.PDF | P139｜现有points命中引语；本轮未回读原PDF/回答,原账本检索2026-07-26；资料发布日期未核,2026-10-03,引语称已发布；没有型号量产锚,既有摘录/产品族
R71,亨通光电,50G COMBO PON OLT非对称光模块,UNKNOWN：现有引语未列具体料号,10 分波,UNKNOWN：当前所用资料未给出该项型号实现,既有摘录；原文未重核 / UNKNOWN,https://static.cninfo.com.cn/finalpage/2026-04-25/1225195764.PDF | P139｜现有points命中引语；本轮未回读原PDF/回答,原账本检索2026-07-26；资料发布日期未核,2026-10-03,引语称已发布；没有型号量产锚,既有摘录/产品族
R71,亨通光电,50G COMBO PON OLT非对称光模块,UNKNOWN：现有引语未列具体料号,11 接收耦合,待提取：本稿尚未取得该环节专项资料；不能据此断言厂商未披露,未提取/待检索,,原账本检索2026-07-26；资料发布日期未核,2026-10-03,引语称已发布；没有型号量产锚,既有摘录/产品族
R71,亨通光电,50G COMBO PON OLT非对称光模块,UNKNOWN：现有引语未列具体料号,12 探测器,UNKNOWN：当前所用资料未给出该项型号实现（探测器与接收放大联合披露，未给出部分保持UNKNOWN）,既有摘录；原文未重核 / UNKNOWN,https://static.cninfo.com.cn/finalpage/2026-04-25/1225195764.PDF | P139｜现有points命中引语；本轮未回读原PDF/回答,原账本检索2026-07-26；资料发布日期未核,2026-10-03,引语称已发布；没有型号量产锚,既有摘录/产品族
R71,亨通光电,50G COMBO PON OLT非对称光模块,UNKNOWN：现有引语未列具体料号,13 接收放大,UNKNOWN：当前所用资料未给出该项型号实现（探测器与接收放大联合披露，未给出部分保持UNKNOWN）,既有摘录；原文未重核 / UNKNOWN,https://static.cninfo.com.cn/finalpage/2026-04-25/1225195764.PDF | P139｜现有points命中引语；本轮未回读原PDF/回答,原账本检索2026-07-26；资料发布日期未核,2026-10-03,引语称已发布；没有型号量产锚,既有摘录/产品族
R71,亨通光电,50G COMBO PON OLT非对称光模块,UNKNOWN：现有引语未列具体料号,14 控制,待提取：本稿尚未取得该环节专项资料；不能据此断言厂商未披露,未提取/待检索,,原账本检索2026-07-26；资料发布日期未核,2026-10-03,引语称已发布；没有型号量产锚,既有摘录/产品族
R71,亨通光电,50G COMBO PON OLT非对称光模块,UNKNOWN：现有引语未列具体料号,15 非易失存储,待提取：本稿尚未取得该环节专项资料；不能据此断言厂商未披露,未提取/待检索,,原账本检索2026-07-26；资料发布日期未核,2026-10-03,引语称已发布；没有型号量产锚,既有摘录/产品族
R71,亨通光电,50G COMBO PON OLT非对称光模块,UNKNOWN：现有引语未列具体料号,16 电源,待提取：本稿尚未取得该环节专项资料；不能据此断言厂商未披露,未提取/待检索,,原账本检索2026-07-26；资料发布日期未核,2026-10-03,引语称已发布；没有型号量产锚,既有摘录/产品族
R71,亨通光电,50G COMBO PON OLT非对称光模块,UNKNOWN：现有引语未列具体料号,17 时钟,待提取：本稿尚未取得该环节专项资料；不能据此断言厂商未披露,未提取/待检索,,原账本检索2026-07-26；资料发布日期未核,2026-10-03,引语称已发布；没有型号量产锚,既有摘录/产品族
R71,亨通光电,50G COMBO PON OLT非对称光模块,UNKNOWN：现有引语未列具体料号,18 无源电子件,待提取：本稿尚未取得该环节专项资料；不能据此断言厂商未披露,未提取/待检索,,原账本检索2026-07-26；资料发布日期未核,2026-10-03,引语称已发布；没有型号量产锚,既有摘录/产品族
R71,亨通光电,50G COMBO PON OLT非对称光模块,UNKNOWN：现有引语未列具体料号,19 热管理,UNKNOWN：当前所用资料未给出该项型号实现；具体散热器、材料与热设计UNKNOWN,既有摘录；原文未重核 / UNKNOWN,https://static.cninfo.com.cn/finalpage/2026-04-25/1225195764.PDF | P139｜现有points命中引语；本轮未回读原PDF/回答,原账本检索2026-07-26；资料发布日期未核,2026-10-03,引语称已发布；没有型号量产锚,既有摘录/产品族
R71,亨通光电,50G COMBO PON OLT非对称光模块,UNKNOWN：现有引语未列具体料号,20 总体封装,UNKNOWN：当前所用资料未给出该项型号实现,既有摘录；原文未重核 / UNKNOWN,https://static.cninfo.com.cn/finalpage/2026-04-25/1225195764.PDF | P139｜现有points命中引语；本轮未回读原PDF/回答,原账本检索2026-07-26；资料发布日期未核,2026-10-03,引语称已发布；没有型号量产锚,既有摘录/产品族
R72,亨通光电,10G至800G AOC有源光缆族,UNKNOWN：现有引语未列具体料号,01 主机电接口,UNKNOWN：当前所用资料未给出该项型号实现,既有摘录；原文未重核 / UNKNOWN,https://static.cninfo.com.cn/finalpage/2026-04-25/1225195764.PDF | P140｜现有points命中引语；本轮未回读原PDF/回答,原账本检索2026-07-26；资料发布日期未核,2026-10-03,引语称可提供产品，部分低功耗AOC获超算客户反馈；未逐档映射,既有摘录/产品族
R72,亨通光电,10G至800G AOC有源光缆族,UNKNOWN：现有引语未列具体料号,02 PCB与电连接,待提取：本稿尚未取得该环节专项资料；不能据此断言厂商未披露,未提取/待检索,,原账本检索2026-07-26；资料发布日期未核,2026-10-03,引语称可提供产品，部分低功耗AOC获超算客户反馈；未逐档映射,既有摘录/产品族
R72,亨通光电,10G至800G AOC有源光缆族,UNKNOWN：现有引语未列具体料号,03 电处理,UNKNOWN：当前所用资料未给出该项型号实现,既有摘录；原文未重核 / UNKNOWN,https://static.cninfo.com.cn/finalpage/2026-04-25/1225195764.PDF | P140｜现有points命中引语；本轮未回读原PDF/回答,原账本检索2026-07-26；资料发布日期未核,2026-10-03,引语称可提供产品，部分低功耗AOC获超算客户反馈；未逐档映射,既有摘录/产品族
R72,亨通光电,10G至800G AOC有源光缆族,UNKNOWN：现有引语未列具体料号,04 驱动,待提取：本稿尚未取得该环节专项资料；不能据此断言厂商未披露,未提取/待检索,,原账本检索2026-07-26；资料发布日期未核,2026-10-03,引语称可提供产品，部分低功耗AOC获超算客户反馈；未逐档映射,既有摘录/产品族
R72,亨通光电,10G至800G AOC有源光缆族,UNKNOWN：现有引语未列具体料号,05 发光与调制,UNKNOWN：当前所用资料未给出该项型号实现,既有摘录；原文未重核 / UNKNOWN,https://static.cninfo.com.cn/finalpage/2026-04-25/1225195764.PDF | P140｜现有points命中引语；本轮未回读原PDF/回答,原账本检索2026-07-26；资料发布日期未核,2026-10-03,引语称可提供产品，部分低功耗AOC获超算客户反馈；未逐档映射,既有摘录/产品族
R72,亨通光电,10G至800G AOC有源光缆族,UNKNOWN：现有引语未列具体料号,06 载体与芯片互连,待提取：本稿尚未取得该环节专项资料；不能据此断言厂商未披露,未提取/待检索,,原账本检索2026-07-26；资料发布日期未核,2026-10-03,引语称可提供产品，部分低功耗AOC获超算客户反馈；未逐档映射,既有摘录/产品族
R72,亨通光电,10G至800G AOC有源光缆族,UNKNOWN：现有引语未列具体料号,07 发射耦合,待提取：本稿尚未取得该环节专项资料；不能据此断言厂商未披露,未提取/待检索,,原账本检索2026-07-26；资料发布日期未核,2026-10-03,引语称可提供产品，部分低功耗AOC获超算客户反馈；未逐档映射,既有摘录/产品族
R72,亨通光电,10G至800G AOC有源光缆族,UNKNOWN：现有引语未列具体料号,08 合波,UNKNOWN：当前所用资料未给出该项型号实现,既有摘录；原文未重核 / UNKNOWN,https://static.cninfo.com.cn/finalpage/2026-04-25/1225195764.PDF | P140｜现有points命中引语；本轮未回读原PDF/回答,原账本检索2026-07-26；资料发布日期未核,2026-10-03,引语称可提供产品，部分低功耗AOC获超算客户反馈；未逐档映射,既有摘录/产品族
R72,亨通光电,10G至800G AOC有源光缆族,UNKNOWN：现有引语未列具体料号,09 外部光接口,算力中心10G至800G AOC范围；各档光通道、光源未列；距离：UNKNOWN：当前所用资料未给出该项型号实现；光纤接口见封装字段：AOC有源光缆；两端封装及分支形式未列,既有摘录；原文未重核 / 部分披露/有保留,https://static.cninfo.com.cn/finalpage/2026-04-25/1225195764.PDF | P140｜现有points命中引语；本轮未回读原PDF/回答,原账本检索2026-07-26；资料发布日期未核,2026-10-03,引语称可提供产品，部分低功耗AOC获超算客户反馈；未逐档映射,既有摘录/产品族
R72,亨通光电,10G至800G AOC有源光缆族,UNKNOWN：现有引语未列具体料号,10 分波,UNKNOWN：当前所用资料未给出该项型号实现,既有摘录；原文未重核 / UNKNOWN,https://static.cninfo.com.cn/finalpage/2026-04-25/1225195764.PDF | P140｜现有points命中引语；本轮未回读原PDF/回答,原账本检索2026-07-26；资料发布日期未核,2026-10-03,引语称可提供产品，部分低功耗AOC获超算客户反馈；未逐档映射,既有摘录/产品族
R72,亨通光电,10G至800G AOC有源光缆族,UNKNOWN：现有引语未列具体料号,11 接收耦合,待提取：本稿尚未取得该环节专项资料；不能据此断言厂商未披露,未提取/待检索,,原账本检索2026-07-26；资料发布日期未核,2026-10-03,引语称可提供产品，部分低功耗AOC获超算客户反馈；未逐档映射,既有摘录/产品族
R72,亨通光电,10G至800G AOC有源光缆族,UNKNOWN：现有引语未列具体料号,12 探测器,UNKNOWN：当前所用资料未给出该项型号实现（探测器与接收放大联合披露，未给出部分保持UNKNOWN）,既有摘录；原文未重核 / UNKNOWN,https://static.cninfo.com.cn/finalpage/2026-04-25/1225195764.PDF | P140｜现有points命中引语；本轮未回读原PDF/回答,原账本检索2026-07-26；资料发布日期未核,2026-10-03,引语称可提供产品，部分低功耗AOC获超算客户反馈；未逐档映射,既有摘录/产品族
R72,亨通光电,10G至800G AOC有源光缆族,UNKNOWN：现有引语未列具体料号,13 接收放大,UNKNOWN：当前所用资料未给出该项型号实现（探测器与接收放大联合披露，未给出部分保持UNKNOWN）,既有摘录；原文未重核 / UNKNOWN,https://static.cninfo.com.cn/finalpage/2026-04-25/1225195764.PDF | P140｜现有points命中引语；本轮未回读原PDF/回答,原账本检索2026-07-26；资料发布日期未核,2026-10-03,引语称可提供产品，部分低功耗AOC获超算客户反馈；未逐档映射,既有摘录/产品族
R72,亨通光电,10G至800G AOC有源光缆族,UNKNOWN：现有引语未列具体料号,14 控制,待提取：本稿尚未取得该环节专项资料；不能据此断言厂商未披露,未提取/待检索,,原账本检索2026-07-26；资料发布日期未核,2026-10-03,引语称可提供产品，部分低功耗AOC获超算客户反馈；未逐档映射,既有摘录/产品族
R72,亨通光电,10G至800G AOC有源光缆族,UNKNOWN：现有引语未列具体料号,15 非易失存储,待提取：本稿尚未取得该环节专项资料；不能据此断言厂商未披露,未提取/待检索,,原账本检索2026-07-26；资料发布日期未核,2026-10-03,引语称可提供产品，部分低功耗AOC获超算客户反馈；未逐档映射,既有摘录/产品族
R72,亨通光电,10G至800G AOC有源光缆族,UNKNOWN：现有引语未列具体料号,16 电源,待提取：本稿尚未取得该环节专项资料；不能据此断言厂商未披露,未提取/待检索,,原账本检索2026-07-26；资料发布日期未核,2026-10-03,引语称可提供产品，部分低功耗AOC获超算客户反馈；未逐档映射,既有摘录/产品族
R72,亨通光电,10G至800G AOC有源光缆族,UNKNOWN：现有引语未列具体料号,17 时钟,待提取：本稿尚未取得该环节专项资料；不能据此断言厂商未披露,未提取/待检索,,原账本检索2026-07-26；资料发布日期未核,2026-10-03,引语称可提供产品，部分低功耗AOC获超算客户反馈；未逐档映射,既有摘录/产品族
R72,亨通光电,10G至800G AOC有源光缆族,UNKNOWN：现有引语未列具体料号,18 无源电子件,待提取：本稿尚未取得该环节专项资料；不能据此断言厂商未披露,未提取/待检索,,原账本检索2026-07-26；资料发布日期未核,2026-10-03,引语称可提供产品，部分低功耗AOC获超算客户反馈；未逐档映射,既有摘录/产品族
R72,亨通光电,10G至800G AOC有源光缆族,UNKNOWN：现有引语未列具体料号,19 热管理,UNKNOWN：当前所用资料未给出该项型号实现；具体散热器、材料与热设计UNKNOWN,既有摘录；原文未重核 / UNKNOWN,https://static.cninfo.com.cn/finalpage/2026-04-25/1225195764.PDF | P140｜现有points命中引语；本轮未回读原PDF/回答,原账本检索2026-07-26；资料发布日期未核,2026-10-03,引语称可提供产品，部分低功耗AOC获超算客户反馈；未逐档映射,既有摘录/产品族
R72,亨通光电,10G至800G AOC有源光缆族,UNKNOWN：现有引语未列具体料号,20 总体封装,AOC有源光缆；两端封装及分支形式未列,既有摘录；原文未重核 / 部分披露/有保留,https://static.cninfo.com.cn/finalpage/2026-04-25/1225195764.PDF | P140｜现有points命中引语；本轮未回读原PDF/回答,原账本检索2026-07-26；资料发布日期未核,2026-10-03,引语称可提供产品，部分低功耗AOC获超算客户反馈；未逐档映射,既有摘录/产品族
R73,亨通光电,算力中心高速可插拔/光模块产品族,UNKNOWN：现有引语未列具体料号,01 主机电接口,UNKNOWN：当前所用资料未给出该项型号实现,既有摘录；原文未重核 / UNKNOWN,https://static.cninfo.com.cn/finalpage/2026-04-25/1225195764.PDF | P140｜现有points命中引语；本轮未回读原PDF/回答,原账本检索2026-07-26；资料发布日期未核,2026-10-03,公司产品范围自述；逐速率、型号与交付未列,既有摘录/产品族
R73,亨通光电,算力中心高速可插拔/光模块产品族,UNKNOWN：现有引语未列具体料号,02 PCB与电连接,待提取：本稿尚未取得该环节专项资料；不能据此断言厂商未披露,未提取/待检索,,原账本检索2026-07-26；资料发布日期未核,2026-10-03,公司产品范围自述；逐速率、型号与交付未列,既有摘录/产品族
R73,亨通光电,算力中心高速可插拔/光模块产品族,UNKNOWN：现有引语未列具体料号,03 电处理,UNKNOWN：当前所用资料未给出该项型号实现,既有摘录；原文未重核 / UNKNOWN,https://static.cninfo.com.cn/finalpage/2026-04-25/1225195764.PDF | P140｜现有points命中引语；本轮未回读原PDF/回答,原账本检索2026-07-26；资料发布日期未核,2026-10-03,公司产品范围自述；逐速率、型号与交付未列,既有摘录/产品族
R73,亨通光电,算力中心高速可插拔/光模块产品族,UNKNOWN：现有引语未列具体料号,04 驱动,待提取：本稿尚未取得该环节专项资料；不能据此断言厂商未披露,未提取/待检索,,原账本检索2026-07-26；资料发布日期未核,2026-10-03,公司产品范围自述；逐速率、型号与交付未列,既有摘录/产品族
R73,亨通光电,算力中心高速可插拔/光模块产品族,UNKNOWN：现有引语未列具体料号,05 发光与调制,UNKNOWN：当前所用资料未给出该项型号实现,既有摘录；原文未重核 / UNKNOWN,https://static.cninfo.com.cn/finalpage/2026-04-25/1225195764.PDF | P140｜现有points命中引语；本轮未回读原PDF/回答,原账本检索2026-07-26；资料发布日期未核,2026-10-03,公司产品范围自述；逐速率、型号与交付未列,既有摘录/产品族
R73,亨通光电,算力中心高速可插拔/光模块产品族,UNKNOWN：现有引语未列具体料号,06 载体与芯片互连,待提取：本稿尚未取得该环节专项资料；不能据此断言厂商未披露,未提取/待检索,,原账本检索2026-07-26；资料发布日期未核,2026-10-03,公司产品范围自述；逐速率、型号与交付未列,既有摘录/产品族
R73,亨通光电,算力中心高速可插拔/光模块产品族,UNKNOWN：现有引语未列具体料号,07 发射耦合,待提取：本稿尚未取得该环节专项资料；不能据此断言厂商未披露,未提取/待检索,,原账本检索2026-07-26；资料发布日期未核,2026-10-03,公司产品范围自述；逐速率、型号与交付未列,既有摘录/产品族
R73,亨通光电,算力中心高速可插拔/光模块产品族,UNKNOWN：现有引语未列具体料号,08 合波,UNKNOWN：当前所用资料未给出该项型号实现,既有摘录；原文未重核 / UNKNOWN,https://static.cninfo.com.cn/finalpage/2026-04-25/1225195764.PDF | P140｜现有points命中引语；本轮未回读原PDF/回答,原账本检索2026-07-26；资料发布日期未核,2026-10-03,公司产品范围自述；逐速率、型号与交付未列,既有摘录/产品族
R73,亨通光电,算力中心高速可插拔/光模块产品族,UNKNOWN：现有引语未列具体料号,09 外部光接口,引语另列高速光模块；本句10G–800G明确修饰AOC，模块逐速率待原表；距离：UNKNOWN：当前所用资料未给出该项型号实现；光纤接口见封装字段：UNKNOWN：当前所用资料未给出该项型号实现,既有摘录；原文未重核 / 部分披露/有保留,https://static.cninfo.com.cn/finalpage/2026-04-25/1225195764.PDF | P140｜现有points命中引语；本轮未回读原PDF/回答,原账本检索2026-07-26；资料发布日期未核,2026-10-03,公司产品范围自述；逐速率、型号与交付未列,既有摘录/产品族
R73,亨通光电,算力中心高速可插拔/光模块产品族,UNKNOWN：现有引语未列具体料号,10 分波,UNKNOWN：当前所用资料未给出该项型号实现,既有摘录；原文未重核 / UNKNOWN,https://static.cninfo.com.cn/finalpage/2026-04-25/1225195764.PDF | P140｜现有points命中引语；本轮未回读原PDF/回答,原账本检索2026-07-26；资料发布日期未核,2026-10-03,公司产品范围自述；逐速率、型号与交付未列,既有摘录/产品族
R73,亨通光电,算力中心高速可插拔/光模块产品族,UNKNOWN：现有引语未列具体料号,11 接收耦合,待提取：本稿尚未取得该环节专项资料；不能据此断言厂商未披露,未提取/待检索,,原账本检索2026-07-26；资料发布日期未核,2026-10-03,公司产品范围自述；逐速率、型号与交付未列,既有摘录/产品族
R73,亨通光电,算力中心高速可插拔/光模块产品族,UNKNOWN：现有引语未列具体料号,12 探测器,UNKNOWN：当前所用资料未给出该项型号实现（探测器与接收放大联合披露，未给出部分保持UNKNOWN）,既有摘录；原文未重核 / UNKNOWN,https://static.cninfo.com.cn/finalpage/2026-04-25/1225195764.PDF | P140｜现有points命中引语；本轮未回读原PDF/回答,原账本检索2026-07-26；资料发布日期未核,2026-10-03,公司产品范围自述；逐速率、型号与交付未列,既有摘录/产品族
R73,亨通光电,算力中心高速可插拔/光模块产品族,UNKNOWN：现有引语未列具体料号,13 接收放大,UNKNOWN：当前所用资料未给出该项型号实现（探测器与接收放大联合披露，未给出部分保持UNKNOWN）,既有摘录；原文未重核 / UNKNOWN,https://static.cninfo.com.cn/finalpage/2026-04-25/1225195764.PDF | P140｜现有points命中引语；本轮未回读原PDF/回答,原账本检索2026-07-26；资料发布日期未核,2026-10-03,公司产品范围自述；逐速率、型号与交付未列,既有摘录/产品族
R73,亨通光电,算力中心高速可插拔/光模块产品族,UNKNOWN：现有引语未列具体料号,14 控制,待提取：本稿尚未取得该环节专项资料；不能据此断言厂商未披露,未提取/待检索,,原账本检索2026-07-26；资料发布日期未核,2026-10-03,公司产品范围自述；逐速率、型号与交付未列,既有摘录/产品族
R73,亨通光电,算力中心高速可插拔/光模块产品族,UNKNOWN：现有引语未列具体料号,15 非易失存储,待提取：本稿尚未取得该环节专项资料；不能据此断言厂商未披露,未提取/待检索,,原账本检索2026-07-26；资料发布日期未核,2026-10-03,公司产品范围自述；逐速率、型号与交付未列,既有摘录/产品族
R73,亨通光电,算力中心高速可插拔/光模块产品族,UNKNOWN：现有引语未列具体料号,16 电源,待提取：本稿尚未取得该环节专项资料；不能据此断言厂商未披露,未提取/待检索,,原账本检索2026-07-26；资料发布日期未核,2026-10-03,公司产品范围自述；逐速率、型号与交付未列,既有摘录/产品族
R73,亨通光电,算力中心高速可插拔/光模块产品族,UNKNOWN：现有引语未列具体料号,17 时钟,待提取：本稿尚未取得该环节专项资料；不能据此断言厂商未披露,未提取/待检索,,原账本检索2026-07-26；资料发布日期未核,2026-10-03,公司产品范围自述；逐速率、型号与交付未列,既有摘录/产品族
R73,亨通光电,算力中心高速可插拔/光模块产品族,UNKNOWN：现有引语未列具体料号,18 无源电子件,待提取：本稿尚未取得该环节专项资料；不能据此断言厂商未披露,未提取/待检索,,原账本检索2026-07-26；资料发布日期未核,2026-10-03,公司产品范围自述；逐速率、型号与交付未列,既有摘录/产品族
R73,亨通光电,算力中心高速可插拔/光模块产品族,UNKNOWN：现有引语未列具体料号,19 热管理,UNKNOWN：当前所用资料未给出该项型号实现；具体散热器、材料与热设计UNKNOWN,既有摘录；原文未重核 / UNKNOWN,https://static.cninfo.com.cn/finalpage/2026-04-25/1225195764.PDF | P140｜现有points命中引语；本轮未回读原PDF/回答,原账本检索2026-07-26；资料发布日期未核,2026-10-03,公司产品范围自述；逐速率、型号与交付未列,既有摘录/产品族
R73,亨通光电,算力中心高速可插拔/光模块产品族,UNKNOWN：现有引语未列具体料号,20 总体封装,UNKNOWN：当前所用资料未给出该项型号实现,既有摘录；原文未重核 / UNKNOWN,https://static.cninfo.com.cn/finalpage/2026-04-25/1225195764.PDF | P140｜现有points命中引语；本轮未回读原PDF/回答,原账本检索2026-07-26；资料发布日期未核,2026-10-03,公司产品范围自述；逐速率、型号与交付未列,既有摘录/产品族
R74,长飞光纤,800G高速光模块,UNKNOWN：现有引语未列具体料号,01 主机电接口,UNKNOWN：当前所用资料未给出该项型号实现,既有摘录；原文未重核 / UNKNOWN,https://static.cninfo.com.cn/finalpage/2026-03-28/1225048080.PDF | P185｜现有points命中引语；本轮未回读原PDF/回答,原账本检索2026-07-26；资料发布日期未核,2026-10-03,引语称已推出；未给型号量产/出货阶段,既有摘录/产品族
R74,长飞光纤,800G高速光模块,UNKNOWN：现有引语未列具体料号,02 PCB与电连接,待提取：本稿尚未取得该环节专项资料；不能据此断言厂商未披露,未提取/待检索,,原账本检索2026-07-26；资料发布日期未核,2026-10-03,引语称已推出；未给型号量产/出货阶段,既有摘录/产品族
R74,长飞光纤,800G高速光模块,UNKNOWN：现有引语未列具体料号,03 电处理,UNKNOWN：当前所用资料未给出该项型号实现,既有摘录；原文未重核 / UNKNOWN,https://static.cninfo.com.cn/finalpage/2026-03-28/1225048080.PDF | P185｜现有points命中引语；本轮未回读原PDF/回答,原账本检索2026-07-26；资料发布日期未核,2026-10-03,引语称已推出；未给型号量产/出货阶段,既有摘录/产品族
R74,长飞光纤,800G高速光模块,UNKNOWN：现有引语未列具体料号,04 驱动,待提取：本稿尚未取得该环节专项资料；不能据此断言厂商未披露,未提取/待检索,,原账本检索2026-07-26；资料发布日期未核,2026-10-03,引语称已推出；未给型号量产/出货阶段,既有摘录/产品族
R74,长飞光纤,800G高速光模块,UNKNOWN：现有引语未列具体料号,05 发光与调制,UNKNOWN：当前所用资料未给出该项型号实现,既有摘录；原文未重核 / UNKNOWN,https://static.cninfo.com.cn/finalpage/2026-03-28/1225048080.PDF | P185｜现有points命中引语；本轮未回读原PDF/回答,原账本检索2026-07-26；资料发布日期未核,2026-10-03,引语称已推出；未给型号量产/出货阶段,既有摘录/产品族
R74,长飞光纤,800G高速光模块,UNKNOWN：现有引语未列具体料号,06 载体与芯片互连,待提取：本稿尚未取得该环节专项资料；不能据此断言厂商未披露,未提取/待检索,,原账本检索2026-07-26；资料发布日期未核,2026-10-03,引语称已推出；未给型号量产/出货阶段,既有摘录/产品族
R74,长飞光纤,800G高速光模块,UNKNOWN：现有引语未列具体料号,07 发射耦合,待提取：本稿尚未取得该环节专项资料；不能据此断言厂商未披露,未提取/待检索,,原账本检索2026-07-26；资料发布日期未核,2026-10-03,引语称已推出；未给型号量产/出货阶段,既有摘录/产品族
R74,长飞光纤,800G高速光模块,UNKNOWN：现有引语未列具体料号,08 合波,UNKNOWN：当前所用资料未给出该项型号实现,既有摘录；原文未重核 / UNKNOWN,https://static.cninfo.com.cn/finalpage/2026-03-28/1225048080.PDF | P185｜现有points命中引语；本轮未回读原PDF/回答,原账本检索2026-07-26；资料发布日期未核,2026-10-03,引语称已推出；未给型号量产/出货阶段,既有摘录/产品族
R74,长飞光纤,800G高速光模块,UNKNOWN：现有引语未列具体料号,09 外部光接口,800G高速模块；PMD、通道与光子平台未列；距离：UNKNOWN：当前所用资料未给出该项型号实现；光纤接口见封装字段：UNKNOWN：当前所用资料未给出该项型号实现,既有摘录；原文未重核 / 部分披露/有保留,https://static.cninfo.com.cn/finalpage/2026-03-28/1225048080.PDF | P185｜现有points命中引语；本轮未回读原PDF/回答,原账本检索2026-07-26；资料发布日期未核,2026-10-03,引语称已推出；未给型号量产/出货阶段,既有摘录/产品族
R74,长飞光纤,800G高速光模块,UNKNOWN：现有引语未列具体料号,10 分波,UNKNOWN：当前所用资料未给出该项型号实现,既有摘录；原文未重核 / UNKNOWN,https://static.cninfo.com.cn/finalpage/2026-03-28/1225048080.PDF | P185｜现有points命中引语；本轮未回读原PDF/回答,原账本检索2026-07-26；资料发布日期未核,2026-10-03,引语称已推出；未给型号量产/出货阶段,既有摘录/产品族
R74,长飞光纤,800G高速光模块,UNKNOWN：现有引语未列具体料号,11 接收耦合,待提取：本稿尚未取得该环节专项资料；不能据此断言厂商未披露,未提取/待检索,,原账本检索2026-07-26；资料发布日期未核,2026-10-03,引语称已推出；未给型号量产/出货阶段,既有摘录/产品族
R74,长飞光纤,800G高速光模块,UNKNOWN：现有引语未列具体料号,12 探测器,UNKNOWN：当前所用资料未给出该项型号实现（探测器与接收放大联合披露，未给出部分保持UNKNOWN）,既有摘录；原文未重核 / UNKNOWN,https://static.cninfo.com.cn/finalpage/2026-03-28/1225048080.PDF | P185｜现有points命中引语；本轮未回读原PDF/回答,原账本检索2026-07-26；资料发布日期未核,2026-10-03,引语称已推出；未给型号量产/出货阶段,既有摘录/产品族
R74,长飞光纤,800G高速光模块,UNKNOWN：现有引语未列具体料号,13 接收放大,UNKNOWN：当前所用资料未给出该项型号实现（探测器与接收放大联合披露，未给出部分保持UNKNOWN）,既有摘录；原文未重核 / UNKNOWN,https://static.cninfo.com.cn/finalpage/2026-03-28/1225048080.PDF | P185｜现有points命中引语；本轮未回读原PDF/回答,原账本检索2026-07-26；资料发布日期未核,2026-10-03,引语称已推出；未给型号量产/出货阶段,既有摘录/产品族
R74,长飞光纤,800G高速光模块,UNKNOWN：现有引语未列具体料号,14 控制,待提取：本稿尚未取得该环节专项资料；不能据此断言厂商未披露,未提取/待检索,,原账本检索2026-07-26；资料发布日期未核,2026-10-03,引语称已推出；未给型号量产/出货阶段,既有摘录/产品族
R74,长飞光纤,800G高速光模块,UNKNOWN：现有引语未列具体料号,15 非易失存储,待提取：本稿尚未取得该环节专项资料；不能据此断言厂商未披露,未提取/待检索,,原账本检索2026-07-26；资料发布日期未核,2026-10-03,引语称已推出；未给型号量产/出货阶段,既有摘录/产品族
R74,长飞光纤,800G高速光模块,UNKNOWN：现有引语未列具体料号,16 电源,待提取：本稿尚未取得该环节专项资料；不能据此断言厂商未披露,未提取/待检索,,原账本检索2026-07-26；资料发布日期未核,2026-10-03,引语称已推出；未给型号量产/出货阶段,既有摘录/产品族
R74,长飞光纤,800G高速光模块,UNKNOWN：现有引语未列具体料号,17 时钟,待提取：本稿尚未取得该环节专项资料；不能据此断言厂商未披露,未提取/待检索,,原账本检索2026-07-26；资料发布日期未核,2026-10-03,引语称已推出；未给型号量产/出货阶段,既有摘录/产品族
R74,长飞光纤,800G高速光模块,UNKNOWN：现有引语未列具体料号,18 无源电子件,待提取：本稿尚未取得该环节专项资料；不能据此断言厂商未披露,未提取/待检索,,原账本检索2026-07-26；资料发布日期未核,2026-10-03,引语称已推出；未给型号量产/出货阶段,既有摘录/产品族
R74,长飞光纤,800G高速光模块,UNKNOWN：现有引语未列具体料号,19 热管理,UNKNOWN：当前所用资料未给出该项型号实现；具体散热器、材料与热设计UNKNOWN,既有摘录；原文未重核 / UNKNOWN,https://static.cninfo.com.cn/finalpage/2026-03-28/1225048080.PDF | P185｜现有points命中引语；本轮未回读原PDF/回答,原账本检索2026-07-26；资料发布日期未核,2026-10-03,引语称已推出；未给型号量产/出货阶段,既有摘录/产品族
R74,长飞光纤,800G高速光模块,UNKNOWN：现有引语未列具体料号,20 总体封装,UNKNOWN：当前所用资料未给出该项型号实现,既有摘录；原文未重核 / UNKNOWN,https://static.cninfo.com.cn/finalpage/2026-03-28/1225048080.PDF | P185｜现有points命中引语；本轮未回读原PDF/回答,原账本检索2026-07-26；资料发布日期未核,2026-10-03,引语称已推出；未给型号量产/出货阶段,既有摘录/产品族
R75,长飞光纤,1.6T高速光模块,UNKNOWN：现有引语未列具体料号,01 主机电接口,UNKNOWN：当前所用资料未给出该项型号实现,既有摘录；原文未重核 / UNKNOWN,https://static.cninfo.com.cn/finalpage/2026-03-28/1225048080.PDF | P185｜现有points命中引语；本轮未回读原PDF/回答,原账本检索2026-07-26；资料发布日期未核,2026-10-03,引语称已推出；未给型号量产/出货阶段,既有摘录/产品族
R75,长飞光纤,1.6T高速光模块,UNKNOWN：现有引语未列具体料号,02 PCB与电连接,待提取：本稿尚未取得该环节专项资料；不能据此断言厂商未披露,未提取/待检索,,原账本检索2026-07-26；资料发布日期未核,2026-10-03,引语称已推出；未给型号量产/出货阶段,既有摘录/产品族
R75,长飞光纤,1.6T高速光模块,UNKNOWN：现有引语未列具体料号,03 电处理,UNKNOWN：当前所用资料未给出该项型号实现,既有摘录；原文未重核 / UNKNOWN,https://static.cninfo.com.cn/finalpage/2026-03-28/1225048080.PDF | P185｜现有points命中引语；本轮未回读原PDF/回答,原账本检索2026-07-26；资料发布日期未核,2026-10-03,引语称已推出；未给型号量产/出货阶段,既有摘录/产品族
R75,长飞光纤,1.6T高速光模块,UNKNOWN：现有引语未列具体料号,04 驱动,待提取：本稿尚未取得该环节专项资料；不能据此断言厂商未披露,未提取/待检索,,原账本检索2026-07-26；资料发布日期未核,2026-10-03,引语称已推出；未给型号量产/出货阶段,既有摘录/产品族
R75,长飞光纤,1.6T高速光模块,UNKNOWN：现有引语未列具体料号,05 发光与调制,UNKNOWN：当前所用资料未给出该项型号实现,既有摘录；原文未重核 / UNKNOWN,https://static.cninfo.com.cn/finalpage/2026-03-28/1225048080.PDF | P185｜现有points命中引语；本轮未回读原PDF/回答,原账本检索2026-07-26；资料发布日期未核,2026-10-03,引语称已推出；未给型号量产/出货阶段,既有摘录/产品族
R75,长飞光纤,1.6T高速光模块,UNKNOWN：现有引语未列具体料号,06 载体与芯片互连,待提取：本稿尚未取得该环节专项资料；不能据此断言厂商未披露,未提取/待检索,,原账本检索2026-07-26；资料发布日期未核,2026-10-03,引语称已推出；未给型号量产/出货阶段,既有摘录/产品族
R75,长飞光纤,1.6T高速光模块,UNKNOWN：现有引语未列具体料号,07 发射耦合,待提取：本稿尚未取得该环节专项资料；不能据此断言厂商未披露,未提取/待检索,,原账本检索2026-07-26；资料发布日期未核,2026-10-03,引语称已推出；未给型号量产/出货阶段,既有摘录/产品族
R75,长飞光纤,1.6T高速光模块,UNKNOWN：现有引语未列具体料号,08 合波,UNKNOWN：当前所用资料未给出该项型号实现,既有摘录；原文未重核 / UNKNOWN,https://static.cninfo.com.cn/finalpage/2026-03-28/1225048080.PDF | P185｜现有points命中引语；本轮未回读原PDF/回答,原账本检索2026-07-26；资料发布日期未核,2026-10-03,引语称已推出；未给型号量产/出货阶段,既有摘录/产品族
R75,长飞光纤,1.6T高速光模块,UNKNOWN：现有引语未列具体料号,09 外部光接口,1.6T高速模块；PMD、通道与光子平台未列；距离：UNKNOWN：当前所用资料未给出该项型号实现；光纤接口见封装字段：UNKNOWN：当前所用资料未给出该项型号实现,既有摘录；原文未重核 / 部分披露/有保留,https://static.cninfo.com.cn/finalpage/2026-03-28/1225048080.PDF | P185｜现有points命中引语；本轮未回读原PDF/回答,原账本检索2026-07-26；资料发布日期未核,2026-10-03,引语称已推出；未给型号量产/出货阶段,既有摘录/产品族
R75,长飞光纤,1.6T高速光模块,UNKNOWN：现有引语未列具体料号,10 分波,UNKNOWN：当前所用资料未给出该项型号实现,既有摘录；原文未重核 / UNKNOWN,https://static.cninfo.com.cn/finalpage/2026-03-28/1225048080.PDF | P185｜现有points命中引语；本轮未回读原PDF/回答,原账本检索2026-07-26；资料发布日期未核,2026-10-03,引语称已推出；未给型号量产/出货阶段,既有摘录/产品族
R75,长飞光纤,1.6T高速光模块,UNKNOWN：现有引语未列具体料号,11 接收耦合,待提取：本稿尚未取得该环节专项资料；不能据此断言厂商未披露,未提取/待检索,,原账本检索2026-07-26；资料发布日期未核,2026-10-03,引语称已推出；未给型号量产/出货阶段,既有摘录/产品族
R75,长飞光纤,1.6T高速光模块,UNKNOWN：现有引语未列具体料号,12 探测器,UNKNOWN：当前所用资料未给出该项型号实现（探测器与接收放大联合披露，未给出部分保持UNKNOWN）,既有摘录；原文未重核 / UNKNOWN,https://static.cninfo.com.cn/finalpage/2026-03-28/1225048080.PDF | P185｜现有points命中引语；本轮未回读原PDF/回答,原账本检索2026-07-26；资料发布日期未核,2026-10-03,引语称已推出；未给型号量产/出货阶段,既有摘录/产品族
R75,长飞光纤,1.6T高速光模块,UNKNOWN：现有引语未列具体料号,13 接收放大,UNKNOWN：当前所用资料未给出该项型号实现（探测器与接收放大联合披露，未给出部分保持UNKNOWN）,既有摘录；原文未重核 / UNKNOWN,https://static.cninfo.com.cn/finalpage/2026-03-28/1225048080.PDF | P185｜现有points命中引语；本轮未回读原PDF/回答,原账本检索2026-07-26；资料发布日期未核,2026-10-03,引语称已推出；未给型号量产/出货阶段,既有摘录/产品族
R75,长飞光纤,1.6T高速光模块,UNKNOWN：现有引语未列具体料号,14 控制,待提取：本稿尚未取得该环节专项资料；不能据此断言厂商未披露,未提取/待检索,,原账本检索2026-07-26；资料发布日期未核,2026-10-03,引语称已推出；未给型号量产/出货阶段,既有摘录/产品族
R75,长飞光纤,1.6T高速光模块,UNKNOWN：现有引语未列具体料号,15 非易失存储,待提取：本稿尚未取得该环节专项资料；不能据此断言厂商未披露,未提取/待检索,,原账本检索2026-07-26；资料发布日期未核,2026-10-03,引语称已推出；未给型号量产/出货阶段,既有摘录/产品族
R75,长飞光纤,1.6T高速光模块,UNKNOWN：现有引语未列具体料号,16 电源,待提取：本稿尚未取得该环节专项资料；不能据此断言厂商未披露,未提取/待检索,,原账本检索2026-07-26；资料发布日期未核,2026-10-03,引语称已推出；未给型号量产/出货阶段,既有摘录/产品族
R75,长飞光纤,1.6T高速光模块,UNKNOWN：现有引语未列具体料号,17 时钟,待提取：本稿尚未取得该环节专项资料；不能据此断言厂商未披露,未提取/待检索,,原账本检索2026-07-26；资料发布日期未核,2026-10-03,引语称已推出；未给型号量产/出货阶段,既有摘录/产品族
R75,长飞光纤,1.6T高速光模块,UNKNOWN：现有引语未列具体料号,18 无源电子件,待提取：本稿尚未取得该环节专项资料；不能据此断言厂商未披露,未提取/待检索,,原账本检索2026-07-26；资料发布日期未核,2026-10-03,引语称已推出；未给型号量产/出货阶段,既有摘录/产品族
R75,长飞光纤,1.6T高速光模块,UNKNOWN：现有引语未列具体料号,19 热管理,UNKNOWN：当前所用资料未给出该项型号实现；具体散热器、材料与热设计UNKNOWN,既有摘录；原文未重核 / UNKNOWN,https://static.cninfo.com.cn/finalpage/2026-03-28/1225048080.PDF | P185｜现有points命中引语；本轮未回读原PDF/回答,原账本检索2026-07-26；资料发布日期未核,2026-10-03,引语称已推出；未给型号量产/出货阶段,既有摘录/产品族
R75,长飞光纤,1.6T高速光模块,UNKNOWN：现有引语未列具体料号,20 总体封装,UNKNOWN：当前所用资料未给出该项型号实现,既有摘录；原文未重核 / UNKNOWN,https://static.cninfo.com.cn/finalpage/2026-03-28/1225048080.PDF | P185｜现有points命中引语；本轮未回读原PDF/回答,原账本检索2026-07-26；资料发布日期未核,2026-10-03,引语称已推出；未给型号量产/出货阶段,既有摘录/产品族
R76,中天科技,智算中心高速光模块族,UNKNOWN：现有引语未列具体料号,01 主机电接口,UNKNOWN：当前所用资料未给出该项型号实现,既有摘录；原文未重核 / UNKNOWN,"https://static.cninfo.com.cn/finalpage/2026-04-25/1225177318.PDF | P136｜现有points命中引语；本轮未回读原PDF/回答
https://static.cninfo.com.cn/finalpage/2026-04-25/1225177318.PDF | P136｜现有points命中引语；本轮未回读原PDF/回答",原账本检索2026-07-26；资料发布日期未核,2026-10-03,引语称规模出货/批量供货；未到逐型号阶段,既有摘录/产品族
R76,中天科技,智算中心高速光模块族,UNKNOWN：现有引语未列具体料号,02 PCB与电连接,待提取：本稿尚未取得该环节专项资料；不能据此断言厂商未披露,未提取/待检索,,原账本检索2026-07-26；资料发布日期未核,2026-10-03,引语称规模出货/批量供货；未到逐型号阶段,既有摘录/产品族
R76,中天科技,智算中心高速光模块族,UNKNOWN：现有引语未列具体料号,03 电处理,UNKNOWN：当前所用资料未给出该项型号实现,既有摘录；原文未重核 / UNKNOWN,"https://static.cninfo.com.cn/finalpage/2026-04-25/1225177318.PDF | P136｜现有points命中引语；本轮未回读原PDF/回答
https://static.cninfo.com.cn/finalpage/2026-04-25/1225177318.PDF | P136｜现有points命中引语；本轮未回读原PDF/回答",原账本检索2026-07-26；资料发布日期未核,2026-10-03,引语称规模出货/批量供货；未到逐型号阶段,既有摘录/产品族
R76,中天科技,智算中心高速光模块族,UNKNOWN：现有引语未列具体料号,04 驱动,待提取：本稿尚未取得该环节专项资料；不能据此断言厂商未披露,未提取/待检索,,原账本检索2026-07-26；资料发布日期未核,2026-10-03,引语称规模出货/批量供货；未到逐型号阶段,既有摘录/产品族
R76,中天科技,智算中心高速光模块族,UNKNOWN：现有引语未列具体料号,05 发光与调制,UNKNOWN：当前所用资料未给出该项型号实现,既有摘录；原文未重核 / UNKNOWN,"https://static.cninfo.com.cn/finalpage/2026-04-25/1225177318.PDF | P136｜现有points命中引语；本轮未回读原PDF/回答
https://static.cninfo.com.cn/finalpage/2026-04-25/1225177318.PDF | P136｜现有points命中引语；本轮未回读原PDF/回答",原账本检索2026-07-26；资料发布日期未核,2026-10-03,引语称规模出货/批量供货；未到逐型号阶段,既有摘录/产品族
R76,中天科技,智算中心高速光模块族,UNKNOWN：现有引语未列具体料号,06 载体与芯片互连,待提取：本稿尚未取得该环节专项资料；不能据此断言厂商未披露,未提取/待检索,,原账本检索2026-07-26；资料发布日期未核,2026-10-03,引语称规模出货/批量供货；未到逐型号阶段,既有摘录/产品族
R76,中天科技,智算中心高速光模块族,UNKNOWN：现有引语未列具体料号,07 发射耦合,待提取：本稿尚未取得该环节专项资料；不能据此断言厂商未披露,未提取/待检索,,原账本检索2026-07-26；资料发布日期未核,2026-10-03,引语称规模出货/批量供货；未到逐型号阶段,既有摘录/产品族
R76,中天科技,智算中心高速光模块族,UNKNOWN：现有引语未列具体料号,08 合波,UNKNOWN：当前所用资料未给出该项型号实现,既有摘录；原文未重核 / UNKNOWN,"https://static.cninfo.com.cn/finalpage/2026-04-25/1225177318.PDF | P136｜现有points命中引语；本轮未回读原PDF/回答
https://static.cninfo.com.cn/finalpage/2026-04-25/1225177318.PDF | P136｜现有points命中引语；本轮未回读原PDF/回答",原账本检索2026-07-26；资料发布日期未核,2026-10-03,引语称规模出货/批量供货；未到逐型号阶段,既有摘录/产品族
R76,中天科技,智算中心高速光模块族,UNKNOWN：现有引语未列具体料号,09 外部光接口,高速光模块；命中句未列具体速率、PMD；距离：UNKNOWN：当前所用资料未给出该项型号实现；光纤接口见封装字段：UNKNOWN：当前所用资料未给出该项型号实现,既有摘录；原文未重核 / 部分披露/有保留,https://static.cninfo.com.cn/finalpage/2026-04-25/1225177318.PDF | P136｜现有points命中引语；本轮未回读原PDF/回答,原账本检索2026-07-26；资料发布日期未核,2026-10-03,引语称规模出货/批量供货；未到逐型号阶段,既有摘录/产品族
R76,中天科技,智算中心高速光模块族,UNKNOWN：现有引语未列具体料号,10 分波,UNKNOWN：当前所用资料未给出该项型号实现,既有摘录；原文未重核 / UNKNOWN,"https://static.cninfo.com.cn/finalpage/2026-04-25/1225177318.PDF | P136｜现有points命中引语；本轮未回读原PDF/回答
https://static.cninfo.com.cn/finalpage/2026-04-25/1225177318.PDF | P136｜现有points命中引语；本轮未回读原PDF/回答",原账本检索2026-07-26；资料发布日期未核,2026-10-03,引语称规模出货/批量供货；未到逐型号阶段,既有摘录/产品族
R76,中天科技,智算中心高速光模块族,UNKNOWN：现有引语未列具体料号,11 接收耦合,待提取：本稿尚未取得该环节专项资料；不能据此断言厂商未披露,未提取/待检索,,原账本检索2026-07-26；资料发布日期未核,2026-10-03,引语称规模出货/批量供货；未到逐型号阶段,既有摘录/产品族
R76,中天科技,智算中心高速光模块族,UNKNOWN：现有引语未列具体料号,12 探测器,UNKNOWN：当前所用资料未给出该项型号实现（探测器与接收放大联合披露，未给出部分保持UNKNOWN）,既有摘录；原文未重核 / UNKNOWN,"https://static.cninfo.com.cn/finalpage/2026-04-25/1225177318.PDF | P136｜现有points命中引语；本轮未回读原PDF/回答
https://static.cninfo.com.cn/finalpage/2026-04-25/1225177318.PDF | P136｜现有points命中引语；本轮未回读原PDF/回答",原账本检索2026-07-26；资料发布日期未核,2026-10-03,引语称规模出货/批量供货；未到逐型号阶段,既有摘录/产品族
R76,中天科技,智算中心高速光模块族,UNKNOWN：现有引语未列具体料号,13 接收放大,UNKNOWN：当前所用资料未给出该项型号实现（探测器与接收放大联合披露，未给出部分保持UNKNOWN）,既有摘录；原文未重核 / UNKNOWN,"https://static.cninfo.com.cn/finalpage/2026-04-25/1225177318.PDF | P136｜现有points命中引语；本轮未回读原PDF/回答
https://static.cninfo.com.cn/finalpage/2026-04-25/1225177318.PDF | P136｜现有points命中引语；本轮未回读原PDF/回答",原账本检索2026-07-26；资料发布日期未核,2026-10-03,引语称规模出货/批量供货；未到逐型号阶段,既有摘录/产品族
R76,中天科技,智算中心高速光模块族,UNKNOWN：现有引语未列具体料号,14 控制,待提取：本稿尚未取得该环节专项资料；不能据此断言厂商未披露,未提取/待检索,,原账本检索2026-07-26；资料发布日期未核,2026-10-03,引语称规模出货/批量供货；未到逐型号阶段,既有摘录/产品族
R76,中天科技,智算中心高速光模块族,UNKNOWN：现有引语未列具体料号,15 非易失存储,待提取：本稿尚未取得该环节专项资料；不能据此断言厂商未披露,未提取/待检索,,原账本检索2026-07-26；资料发布日期未核,2026-10-03,引语称规模出货/批量供货；未到逐型号阶段,既有摘录/产品族
R76,中天科技,智算中心高速光模块族,UNKNOWN：现有引语未列具体料号,16 电源,待提取：本稿尚未取得该环节专项资料；不能据此断言厂商未披露,未提取/待检索,,原账本检索2026-07-26；资料发布日期未核,2026-10-03,引语称规模出货/批量供货；未到逐型号阶段,既有摘录/产品族
R76,中天科技,智算中心高速光模块族,UNKNOWN：现有引语未列具体料号,17 时钟,待提取：本稿尚未取得该环节专项资料；不能据此断言厂商未披露,未提取/待检索,,原账本检索2026-07-26；资料发布日期未核,2026-10-03,引语称规模出货/批量供货；未到逐型号阶段,既有摘录/产品族
R76,中天科技,智算中心高速光模块族,UNKNOWN：现有引语未列具体料号,18 无源电子件,待提取：本稿尚未取得该环节专项资料；不能据此断言厂商未披露,未提取/待检索,,原账本检索2026-07-26；资料发布日期未核,2026-10-03,引语称规模出货/批量供货；未到逐型号阶段,既有摘录/产品族
R76,中天科技,智算中心高速光模块族,UNKNOWN：现有引语未列具体料号,19 热管理,UNKNOWN：当前所用资料未给出该项型号实现；具体散热器、材料与热设计UNKNOWN,既有摘录；原文未重核 / UNKNOWN,"https://static.cninfo.com.cn/finalpage/2026-04-25/1225177318.PDF | P136｜现有points命中引语；本轮未回读原PDF/回答
https://static.cninfo.com.cn/finalpage/2026-04-25/1225177318.PDF | P136｜现有points命中引语；本轮未回读原PDF/回答",原账本检索2026-07-26；资料发布日期未核,2026-10-03,引语称规模出货/批量供货；未到逐型号阶段,既有摘录/产品族
R76,中天科技,智算中心高速光模块族,UNKNOWN：现有引语未列具体料号,20 总体封装,UNKNOWN：当前所用资料未给出该项型号实现,既有摘录；原文未重核 / UNKNOWN,"https://static.cninfo.com.cn/finalpage/2026-04-25/1225177318.PDF | P136｜现有points命中引语；本轮未回读原PDF/回答
https://static.cninfo.com.cn/finalpage/2026-04-25/1225177318.PDF | P136｜现有points命中引语；本轮未回读原PDF/回答",原账本检索2026-07-26；资料发布日期未核,2026-10-03,引语称规模出货/批量供货；未到逐型号阶段,既有摘录/产品族
R77,武汉钧恒科技有限公司,光模块研发制造销售产品族,UNKNOWN：现有引语未列具体料号,01 主机电接口,UNKNOWN：当前所用资料未给出该项型号实现,UNKNOWN, | P039｜现有points命中引语｜S0a本地扫描2025年报（001267__em_汇绿生态_em__2025_2025年年度报告.pdf）；管理层讨论与分析·一、报告期内公司从事的主要业务,原账本检索2026-07-24；资料发布日期未核,2026-10-03,现有引语明确研发、制造、销售及光模块收入占比>50%；型号阶段未列,既有摘录/产品族
R77,武汉钧恒科技有限公司,光模块研发制造销售产品族,UNKNOWN：现有引语未列具体料号,02 PCB与电连接,待提取：本稿尚未取得该环节专项资料；不能据此断言厂商未披露,未提取/待检索,,原账本检索2026-07-24；资料发布日期未核,2026-10-03,现有引语明确研发、制造、销售及光模块收入占比>50%；型号阶段未列,既有摘录/产品族
R77,武汉钧恒科技有限公司,光模块研发制造销售产品族,UNKNOWN：现有引语未列具体料号,03 电处理,UNKNOWN：当前所用资料未给出该项型号实现,UNKNOWN, | P039｜现有points命中引语｜S0a本地扫描2025年报（001267__em_汇绿生态_em__2025_2025年年度报告.pdf）；管理层讨论与分析·一、报告期内公司从事的主要业务,原账本检索2026-07-24；资料发布日期未核,2026-10-03,现有引语明确研发、制造、销售及光模块收入占比>50%；型号阶段未列,既有摘录/产品族
R77,武汉钧恒科技有限公司,光模块研发制造销售产品族,UNKNOWN：现有引语未列具体料号,04 驱动,待提取：本稿尚未取得该环节专项资料；不能据此断言厂商未披露,未提取/待检索,,原账本检索2026-07-24；资料发布日期未核,2026-10-03,现有引语明确研发、制造、销售及光模块收入占比>50%；型号阶段未列,既有摘录/产品族
R77,武汉钧恒科技有限公司,光模块研发制造销售产品族,UNKNOWN：现有引语未列具体料号,05 发光与调制,UNKNOWN：当前所用资料未给出该项型号实现,UNKNOWN, | P039｜现有points命中引语｜S0a本地扫描2025年报（001267__em_汇绿生态_em__2025_2025年年度报告.pdf）；管理层讨论与分析·一、报告期内公司从事的主要业务,原账本检索2026-07-24；资料发布日期未核,2026-10-03,现有引语明确研发、制造、销售及光模块收入占比>50%；型号阶段未列,既有摘录/产品族
R77,武汉钧恒科技有限公司,光模块研发制造销售产品族,UNKNOWN：现有引语未列具体料号,06 载体与芯片互连,待提取：本稿尚未取得该环节专项资料；不能据此断言厂商未披露,未提取/待检索,,原账本检索2026-07-24；资料发布日期未核,2026-10-03,现有引语明确研发、制造、销售及光模块收入占比>50%；型号阶段未列,既有摘录/产品族
R77,武汉钧恒科技有限公司,光模块研发制造销售产品族,UNKNOWN：现有引语未列具体料号,07 发射耦合,待提取：本稿尚未取得该环节专项资料；不能据此断言厂商未披露,未提取/待检索,,原账本检索2026-07-24；资料发布日期未核,2026-10-03,现有引语明确研发、制造、销售及光模块收入占比>50%；型号阶段未列,既有摘录/产品族
R77,武汉钧恒科技有限公司,光模块研发制造销售产品族,UNKNOWN：现有引语未列具体料号,08 合波,UNKNOWN：当前所用资料未给出该项型号实现,UNKNOWN, | P039｜现有points命中引语｜S0a本地扫描2025年报（001267__em_汇绿生态_em__2025_2025年年度报告.pdf）；管理层讨论与分析·一、报告期内公司从事的主要业务,原账本检索2026-07-24；资料发布日期未核,2026-10-03,现有引语明确研发、制造、销售及光模块收入占比>50%；型号阶段未列,既有摘录/产品族
R77,武汉钧恒科技有限公司,光模块研发制造销售产品族,UNKNOWN：现有引语未列具体料号,09 外部光接口,光模块产品类别明确；数通/电信档位和PMD未列；距离：UNKNOWN：当前所用资料未给出该项型号实现；光纤接口见封装字段：UNKNOWN：当前所用资料未给出该项型号实现,部分披露/有保留, | P039｜现有points命中引语｜S0a本地扫描2025年报（001267__em_汇绿生态_em__2025_2025年年度报告.pdf）；管理层讨论与分析·一、报告期内公司从事的主要业务,原账本检索2026-07-24；资料发布日期未核,2026-10-03,现有引语明确研发、制造、销售及光模块收入占比>50%；型号阶段未列,既有摘录/产品族
R77,武汉钧恒科技有限公司,光模块研发制造销售产品族,UNKNOWN：现有引语未列具体料号,10 分波,UNKNOWN：当前所用资料未给出该项型号实现,UNKNOWN, | P039｜现有points命中引语｜S0a本地扫描2025年报（001267__em_汇绿生态_em__2025_2025年年度报告.pdf）；管理层讨论与分析·一、报告期内公司从事的主要业务,原账本检索2026-07-24；资料发布日期未核,2026-10-03,现有引语明确研发、制造、销售及光模块收入占比>50%；型号阶段未列,既有摘录/产品族
R77,武汉钧恒科技有限公司,光模块研发制造销售产品族,UNKNOWN：现有引语未列具体料号,11 接收耦合,待提取：本稿尚未取得该环节专项资料；不能据此断言厂商未披露,未提取/待检索,,原账本检索2026-07-24；资料发布日期未核,2026-10-03,现有引语明确研发、制造、销售及光模块收入占比>50%；型号阶段未列,既有摘录/产品族
R77,武汉钧恒科技有限公司,光模块研发制造销售产品族,UNKNOWN：现有引语未列具体料号,12 探测器,UNKNOWN：当前所用资料未给出该项型号实现（探测器与接收放大联合披露，未给出部分保持UNKNOWN）,UNKNOWN, | P039｜现有points命中引语｜S0a本地扫描2025年报（001267__em_汇绿生态_em__2025_2025年年度报告.pdf）；管理层讨论与分析·一、报告期内公司从事的主要业务,原账本检索2026-07-24；资料发布日期未核,2026-10-03,现有引语明确研发、制造、销售及光模块收入占比>50%；型号阶段未列,既有摘录/产品族
R77,武汉钧恒科技有限公司,光模块研发制造销售产品族,UNKNOWN：现有引语未列具体料号,13 接收放大,UNKNOWN：当前所用资料未给出该项型号实现（探测器与接收放大联合披露，未给出部分保持UNKNOWN）,UNKNOWN, | P039｜现有points命中引语｜S0a本地扫描2025年报（001267__em_汇绿生态_em__2025_2025年年度报告.pdf）；管理层讨论与分析·一、报告期内公司从事的主要业务,原账本检索2026-07-24；资料发布日期未核,2026-10-03,现有引语明确研发、制造、销售及光模块收入占比>50%；型号阶段未列,既有摘录/产品族
R77,武汉钧恒科技有限公司,光模块研发制造销售产品族,UNKNOWN：现有引语未列具体料号,14 控制,待提取：本稿尚未取得该环节专项资料；不能据此断言厂商未披露,未提取/待检索,,原账本检索2026-07-24；资料发布日期未核,2026-10-03,现有引语明确研发、制造、销售及光模块收入占比>50%；型号阶段未列,既有摘录/产品族
R77,武汉钧恒科技有限公司,光模块研发制造销售产品族,UNKNOWN：现有引语未列具体料号,15 非易失存储,待提取：本稿尚未取得该环节专项资料；不能据此断言厂商未披露,未提取/待检索,,原账本检索2026-07-24；资料发布日期未核,2026-10-03,现有引语明确研发、制造、销售及光模块收入占比>50%；型号阶段未列,既有摘录/产品族
R77,武汉钧恒科技有限公司,光模块研发制造销售产品族,UNKNOWN：现有引语未列具体料号,16 电源,待提取：本稿尚未取得该环节专项资料；不能据此断言厂商未披露,未提取/待检索,,原账本检索2026-07-24；资料发布日期未核,2026-10-03,现有引语明确研发、制造、销售及光模块收入占比>50%；型号阶段未列,既有摘录/产品族
R77,武汉钧恒科技有限公司,光模块研发制造销售产品族,UNKNOWN：现有引语未列具体料号,17 时钟,待提取：本稿尚未取得该环节专项资料；不能据此断言厂商未披露,未提取/待检索,,原账本检索2026-07-24；资料发布日期未核,2026-10-03,现有引语明确研发、制造、销售及光模块收入占比>50%；型号阶段未列,既有摘录/产品族
R77,武汉钧恒科技有限公司,光模块研发制造销售产品族,UNKNOWN：现有引语未列具体料号,18 无源电子件,待提取：本稿尚未取得该环节专项资料；不能据此断言厂商未披露,未提取/待检索,,原账本检索2026-07-24；资料发布日期未核,2026-10-03,现有引语明确研发、制造、销售及光模块收入占比>50%；型号阶段未列,既有摘录/产品族
R77,武汉钧恒科技有限公司,光模块研发制造销售产品族,UNKNOWN：现有引语未列具体料号,19 热管理,UNKNOWN：当前所用资料未给出该项型号实现；具体散热器、材料与热设计UNKNOWN,UNKNOWN, | P039｜现有points命中引语｜S0a本地扫描2025年报（001267__em_汇绿生态_em__2025_2025年年度报告.pdf）；管理层讨论与分析·一、报告期内公司从事的主要业务,原账本检索2026-07-24；资料发布日期未核,2026-10-03,现有引语明确研发、制造、销售及光模块收入占比>50%；型号阶段未列,既有摘录/产品族
R77,武汉钧恒科技有限公司,光模块研发制造销售产品族,UNKNOWN：现有引语未列具体料号,20 总体封装,UNKNOWN：当前所用资料未给出该项型号实现,UNKNOWN, | P039｜现有points命中引语｜S0a本地扫描2025年报（001267__em_汇绿生态_em__2025_2025年年度报告.pdf）；管理层讨论与分析·一、报告期内公司从事的主要业务,原账本检索2026-07-24；资料发布日期未核,2026-10-03,现有引语明确研发、制造、销售及光模块收入占比>50%；型号阶段未列,既有摘录/产品族
R78,通宇通讯,四川光为800G OSFP 2×DR4光模块,UNKNOWN：现有引语未列具体料号,01 主机电接口,UNKNOWN：当前所用资料未给出该项型号实现,UNKNOWN, | P193｜现有points命中引语｜corpus/qa/002792/qa.jsonl#indexId=0001066DD44C0AAA440281E53DC3E383BF02；ir.p5w.net 全景网投关平台镜像深交所互动易(准披露渠道),原账本检索2026-07-30；资料发布日期未核,2026-10-03,引语称参股公司首批小批量交付；不升级规模量产,既有摘录/产品族
R78,通宇通讯,四川光为800G OSFP 2×DR4光模块,UNKNOWN：现有引语未列具体料号,02 PCB与电连接,待提取：本稿尚未取得该环节专项资料；不能据此断言厂商未披露,未提取/待检索,,原账本检索2026-07-30；资料发布日期未核,2026-10-03,引语称参股公司首批小批量交付；不升级规模量产,既有摘录/产品族
R78,通宇通讯,四川光为800G OSFP 2×DR4光模块,UNKNOWN：现有引语未列具体料号,03 电处理,UNKNOWN：当前所用资料未给出该项型号实现,UNKNOWN, | P193｜现有points命中引语｜corpus/qa/002792/qa.jsonl#indexId=0001066DD44C0AAA440281E53DC3E383BF02；ir.p5w.net 全景网投关平台镜像深交所互动易(准披露渠道),原账本检索2026-07-30；资料发布日期未核,2026-10-03,引语称参股公司首批小批量交付；不升级规模量产,既有摘录/产品族
R78,通宇通讯,四川光为800G OSFP 2×DR4光模块,UNKNOWN：现有引语未列具体料号,04 驱动,待提取：本稿尚未取得该环节专项资料；不能据此断言厂商未披露,未提取/待检索,,原账本检索2026-07-30；资料发布日期未核,2026-10-03,引语称参股公司首批小批量交付；不升级规模量产,既有摘录/产品族
R78,通宇通讯,四川光为800G OSFP 2×DR4光模块,UNKNOWN：现有引语未列具体料号,05 发光与调制,硅光路线（原引语明确）；CW、调制器结构未列,部分披露/有保留, | P193｜现有points命中引语｜corpus/qa/002792/qa.jsonl#indexId=0001066DD44C0AAA440281E53DC3E383BF02；ir.p5w.net 全景网投关平台镜像深交所互动易(准披露渠道),原账本检索2026-07-30；资料发布日期未核,2026-10-03,引语称参股公司首批小批量交付；不升级规模量产,既有摘录/产品族
R78,通宇通讯,四川光为800G OSFP 2×DR4光模块,UNKNOWN：现有引语未列具体料号,06 载体与芯片互连,待提取：本稿尚未取得该环节专项资料；不能据此断言厂商未披露,未提取/待检索,,原账本检索2026-07-30；资料发布日期未核,2026-10-03,引语称参股公司首批小批量交付；不升级规模量产,既有摘录/产品族
R78,通宇通讯,四川光为800G OSFP 2×DR4光模块,UNKNOWN：现有引语未列具体料号,07 发射耦合,待提取：本稿尚未取得该环节专项资料；不能据此断言厂商未披露,未提取/待检索,,原账本检索2026-07-30；资料发布日期未核,2026-10-03,引语称参股公司首批小批量交付；不升级规模量产,既有摘录/产品族
R78,通宇通讯,四川光为800G OSFP 2×DR4光模块,UNKNOWN：现有引语未列具体料号,08 合波,UNKNOWN：当前所用资料未给出该项型号实现,UNKNOWN, | P193｜现有points命中引语｜corpus/qa/002792/qa.jsonl#indexId=0001066DD44C0AAA440281E53DC3E383BF02；ir.p5w.net 全景网投关平台镜像深交所互动易(准披露渠道),原账本检索2026-07-30；资料发布日期未核,2026-10-03,引语称参股公司首批小批量交付；不升级规模量产,既有摘录/产品族
R78,通宇通讯,四川光为800G OSFP 2×DR4光模块,UNKNOWN：现有引语未列具体料号,09 外部光接口,800G以太网；2×DR4并行族（原产品名）；光lane细节未列；距离：UNKNOWN：当前所用资料未给出该项型号实现；光纤接口见封装字段：OSFP；光连接器芯数/端面未列,部分披露/有保留, | P193｜现有points命中引语｜corpus/qa/002792/qa.jsonl#indexId=0001066DD44C0AAA440281E53DC3E383BF02；ir.p5w.net 全景网投关平台镜像深交所互动易(准披露渠道),原账本检索2026-07-30；资料发布日期未核,2026-10-03,引语称参股公司首批小批量交付；不升级规模量产,既有摘录/产品族
R78,通宇通讯,四川光为800G OSFP 2×DR4光模块,UNKNOWN：现有引语未列具体料号,10 分波,UNKNOWN：当前所用资料未给出该项型号实现,UNKNOWN, | P193｜现有points命中引语｜corpus/qa/002792/qa.jsonl#indexId=0001066DD44C0AAA440281E53DC3E383BF02；ir.p5w.net 全景网投关平台镜像深交所互动易(准披露渠道),原账本检索2026-07-30；资料发布日期未核,2026-10-03,引语称参股公司首批小批量交付；不升级规模量产,既有摘录/产品族
R78,通宇通讯,四川光为800G OSFP 2×DR4光模块,UNKNOWN：现有引语未列具体料号,11 接收耦合,待提取：本稿尚未取得该环节专项资料；不能据此断言厂商未披露,未提取/待检索,,原账本检索2026-07-30；资料发布日期未核,2026-10-03,引语称参股公司首批小批量交付；不升级规模量产,既有摘录/产品族
R78,通宇通讯,四川光为800G OSFP 2×DR4光模块,UNKNOWN：现有引语未列具体料号,12 探测器,UNKNOWN：当前所用资料未给出该项型号实现（探测器与接收放大联合披露，未给出部分保持UNKNOWN）,UNKNOWN, | P193｜现有points命中引语｜corpus/qa/002792/qa.jsonl#indexId=0001066DD44C0AAA440281E53DC3E383BF02；ir.p5w.net 全景网投关平台镜像深交所互动易(准披露渠道),原账本检索2026-07-30；资料发布日期未核,2026-10-03,引语称参股公司首批小批量交付；不升级规模量产,既有摘录/产品族
R78,通宇通讯,四川光为800G OSFP 2×DR4光模块,UNKNOWN：现有引语未列具体料号,13 接收放大,UNKNOWN：当前所用资料未给出该项型号实现（探测器与接收放大联合披露，未给出部分保持UNKNOWN）,UNKNOWN, | P193｜现有points命中引语｜corpus/qa/002792/qa.jsonl#indexId=0001066DD44C0AAA440281E53DC3E383BF02；ir.p5w.net 全景网投关平台镜像深交所互动易(准披露渠道),原账本检索2026-07-30；资料发布日期未核,2026-10-03,引语称参股公司首批小批量交付；不升级规模量产,既有摘录/产品族
R78,通宇通讯,四川光为800G OSFP 2×DR4光模块,UNKNOWN：现有引语未列具体料号,14 控制,待提取：本稿尚未取得该环节专项资料；不能据此断言厂商未披露,未提取/待检索,,原账本检索2026-07-30；资料发布日期未核,2026-10-03,引语称参股公司首批小批量交付；不升级规模量产,既有摘录/产品族
R78,通宇通讯,四川光为800G OSFP 2×DR4光模块,UNKNOWN：现有引语未列具体料号,15 非易失存储,待提取：本稿尚未取得该环节专项资料；不能据此断言厂商未披露,未提取/待检索,,原账本检索2026-07-30；资料发布日期未核,2026-10-03,引语称参股公司首批小批量交付；不升级规模量产,既有摘录/产品族
R78,通宇通讯,四川光为800G OSFP 2×DR4光模块,UNKNOWN：现有引语未列具体料号,16 电源,待提取：本稿尚未取得该环节专项资料；不能据此断言厂商未披露,未提取/待检索,,原账本检索2026-07-30；资料发布日期未核,2026-10-03,引语称参股公司首批小批量交付；不升级规模量产,既有摘录/产品族
R78,通宇通讯,四川光为800G OSFP 2×DR4光模块,UNKNOWN：现有引语未列具体料号,17 时钟,待提取：本稿尚未取得该环节专项资料；不能据此断言厂商未披露,未提取/待检索,,原账本检索2026-07-30；资料发布日期未核,2026-10-03,引语称参股公司首批小批量交付；不升级规模量产,既有摘录/产品族
R78,通宇通讯,四川光为800G OSFP 2×DR4光模块,UNKNOWN：现有引语未列具体料号,18 无源电子件,待提取：本稿尚未取得该环节专项资料；不能据此断言厂商未披露,未提取/待检索,,原账本检索2026-07-30；资料发布日期未核,2026-10-03,引语称参股公司首批小批量交付；不升级规模量产,既有摘录/产品族
R78,通宇通讯,四川光为800G OSFP 2×DR4光模块,UNKNOWN：现有引语未列具体料号,19 热管理,UNKNOWN：当前所用资料未给出该项型号实现；具体散热器、材料与热设计UNKNOWN,UNKNOWN, | P193｜现有points命中引语｜corpus/qa/002792/qa.jsonl#indexId=0001066DD44C0AAA440281E53DC3E383BF02；ir.p5w.net 全景网投关平台镜像深交所互动易(准披露渠道),原账本检索2026-07-30；资料发布日期未核,2026-10-03,引语称参股公司首批小批量交付；不升级规模量产,既有摘录/产品族
R78,通宇通讯,四川光为800G OSFP 2×DR4光模块,UNKNOWN：现有引语未列具体料号,20 总体封装,OSFP；光连接器芯数/端面未列,部分披露/有保留, | P193｜现有points命中引语｜corpus/qa/002792/qa.jsonl#indexId=0001066DD44C0AAA440281E53DC3E383BF02；ir.p5w.net 全景网投关平台镜像深交所互动易(准披露渠道),原账本检索2026-07-30；资料发布日期未核,2026-10-03,引语称参股公司首批小批量交付；不升级规模量产,既有摘录/产品族
R79,中兴通讯,OTN 100G可插拔相干光模块,UNKNOWN：现有引语未列具体料号,01 主机电接口,UNKNOWN：当前所用资料未给出该项型号实现,UNKNOWN, | P192｜现有points命中引语｜corpus/qa/000063/qa.jsonl#indexId=2266884917732925440；irm.cninfo.com.cn 互动易(准披露渠道),原账本检索2026-07-27；资料发布日期未核,2026-10-03,2026-07-08互动易原句称公司研发和生产，自用于光传输设备；逐型号阶段未列,既有摘录/产品族
R79,中兴通讯,OTN 100G可插拔相干光模块,UNKNOWN：现有引语未列具体料号,02 PCB与电连接,待提取：本稿尚未取得该环节专项资料；不能据此断言厂商未披露,未提取/待检索,,原账本检索2026-07-27；资料发布日期未核,2026-10-03,2026-07-08互动易原句称公司研发和生产，自用于光传输设备；逐型号阶段未列,既有摘录/产品族
R79,中兴通讯,OTN 100G可插拔相干光模块,UNKNOWN：现有引语未列具体料号,03 电处理,搭载中兴自研相干DSP；型号/工艺未列,部分披露/有保留, | P192｜现有points命中引语｜corpus/qa/000063/qa.jsonl#indexId=2266884917732925440；irm.cninfo.com.cn 互动易(准披露渠道),原账本检索2026-07-27；资料发布日期未核,2026-10-03,2026-07-08互动易原句称公司研发和生产，自用于光传输设备；逐型号阶段未列,既有摘录/产品族
R79,中兴通讯,OTN 100G可插拔相干光模块,UNKNOWN：现有引语未列具体料号,04 驱动,待提取：本稿尚未取得该环节专项资料；不能据此断言厂商未披露,未提取/待检索,,原账本检索2026-07-27；资料发布日期未核,2026-10-03,2026-07-08互动易原句称公司研发和生产，自用于光传输设备；逐型号阶段未列,既有摘录/产品族
R79,中兴通讯,OTN 100G可插拔相干光模块,UNKNOWN：现有引语未列具体料号,05 发光与调制,UNKNOWN：当前所用资料未给出该项型号实现,UNKNOWN, | P192｜现有points命中引语｜corpus/qa/000063/qa.jsonl#indexId=2266884917732925440；irm.cninfo.com.cn 互动易(准披露渠道),原账本检索2026-07-27；资料发布日期未核,2026-10-03,2026-07-08互动易原句称公司研发和生产，自用于光传输设备；逐型号阶段未列,既有摘录/产品族
R79,中兴通讯,OTN 100G可插拔相干光模块,UNKNOWN：现有引语未列具体料号,06 载体与芯片互连,待提取：本稿尚未取得该环节专项资料；不能据此断言厂商未披露,未提取/待检索,,原账本检索2026-07-27；资料发布日期未核,2026-10-03,2026-07-08互动易原句称公司研发和生产，自用于光传输设备；逐型号阶段未列,既有摘录/产品族
R79,中兴通讯,OTN 100G可插拔相干光模块,UNKNOWN：现有引语未列具体料号,07 发射耦合,待提取：本稿尚未取得该环节专项资料；不能据此断言厂商未披露,未提取/待检索,,原账本检索2026-07-27；资料发布日期未核,2026-10-03,2026-07-08互动易原句称公司研发和生产，自用于光传输设备；逐型号阶段未列,既有摘录/产品族
R79,中兴通讯,OTN 100G可插拔相干光模块,UNKNOWN：现有引语未列具体料号,08 合波,UNKNOWN：当前所用资料未给出该项型号实现,UNKNOWN, | P192｜现有points命中引语｜corpus/qa/000063/qa.jsonl#indexId=2266884917732925440；irm.cninfo.com.cn 互动易(准披露渠道),原账本检索2026-07-27；资料发布日期未核,2026-10-03,2026-07-08互动易原句称公司研发和生产，自用于光传输设备；逐型号阶段未列,既有摘录/产品族
R79,中兴通讯,OTN 100G可插拔相干光模块,UNKNOWN：现有引语未列具体料号,09 外部光接口,100G OTN相干长距光传输；光调制平台未列；距离：长距用途；公里数未列；光纤接口见封装字段：可插拔；具体封装未列,部分披露/有保留, | P192｜现有points命中引语｜corpus/qa/000063/qa.jsonl#indexId=2266884917732925440；irm.cninfo.com.cn 互动易(准披露渠道),原账本检索2026-07-27；资料发布日期未核,2026-10-03,2026-07-08互动易原句称公司研发和生产，自用于光传输设备；逐型号阶段未列,既有摘录/产品族
R79,中兴通讯,OTN 100G可插拔相干光模块,UNKNOWN：现有引语未列具体料号,10 分波,UNKNOWN：当前所用资料未给出该项型号实现,UNKNOWN, | P192｜现有points命中引语｜corpus/qa/000063/qa.jsonl#indexId=2266884917732925440；irm.cninfo.com.cn 互动易(准披露渠道),原账本检索2026-07-27；资料发布日期未核,2026-10-03,2026-07-08互动易原句称公司研发和生产，自用于光传输设备；逐型号阶段未列,既有摘录/产品族
R79,中兴通讯,OTN 100G可插拔相干光模块,UNKNOWN：现有引语未列具体料号,11 接收耦合,待提取：本稿尚未取得该环节专项资料；不能据此断言厂商未披露,未提取/待检索,,原账本检索2026-07-27；资料发布日期未核,2026-10-03,2026-07-08互动易原句称公司研发和生产，自用于光传输设备；逐型号阶段未列,既有摘录/产品族
R79,中兴通讯,OTN 100G可插拔相干光模块,UNKNOWN：现有引语未列具体料号,12 探测器,UNKNOWN：当前所用资料未给出该项型号实现（探测器与接收放大联合披露，未给出部分保持UNKNOWN）,UNKNOWN, | P192｜现有points命中引语｜corpus/qa/000063/qa.jsonl#indexId=2266884917732925440；irm.cninfo.com.cn 互动易(准披露渠道),原账本检索2026-07-27；资料发布日期未核,2026-10-03,2026-07-08互动易原句称公司研发和生产，自用于光传输设备；逐型号阶段未列,既有摘录/产品族
R79,中兴通讯,OTN 100G可插拔相干光模块,UNKNOWN：现有引语未列具体料号,13 接收放大,UNKNOWN：当前所用资料未给出该项型号实现（探测器与接收放大联合披露，未给出部分保持UNKNOWN）,UNKNOWN, | P192｜现有points命中引语｜corpus/qa/000063/qa.jsonl#indexId=2266884917732925440；irm.cninfo.com.cn 互动易(准披露渠道),原账本检索2026-07-27；资料发布日期未核,2026-10-03,2026-07-08互动易原句称公司研发和生产，自用于光传输设备；逐型号阶段未列,既有摘录/产品族
R79,中兴通讯,OTN 100G可插拔相干光模块,UNKNOWN：现有引语未列具体料号,14 控制,待提取：本稿尚未取得该环节专项资料；不能据此断言厂商未披露,未提取/待检索,,原账本检索2026-07-27；资料发布日期未核,2026-10-03,2026-07-08互动易原句称公司研发和生产，自用于光传输设备；逐型号阶段未列,既有摘录/产品族
R79,中兴通讯,OTN 100G可插拔相干光模块,UNKNOWN：现有引语未列具体料号,15 非易失存储,待提取：本稿尚未取得该环节专项资料；不能据此断言厂商未披露,未提取/待检索,,原账本检索2026-07-27；资料发布日期未核,2026-10-03,2026-07-08互动易原句称公司研发和生产，自用于光传输设备；逐型号阶段未列,既有摘录/产品族
R79,中兴通讯,OTN 100G可插拔相干光模块,UNKNOWN：现有引语未列具体料号,16 电源,待提取：本稿尚未取得该环节专项资料；不能据此断言厂商未披露,未提取/待检索,,原账本检索2026-07-27；资料发布日期未核,2026-10-03,2026-07-08互动易原句称公司研发和生产，自用于光传输设备；逐型号阶段未列,既有摘录/产品族
R79,中兴通讯,OTN 100G可插拔相干光模块,UNKNOWN：现有引语未列具体料号,17 时钟,待提取：本稿尚未取得该环节专项资料；不能据此断言厂商未披露,未提取/待检索,,原账本检索2026-07-27；资料发布日期未核,2026-10-03,2026-07-08互动易原句称公司研发和生产，自用于光传输设备；逐型号阶段未列,既有摘录/产品族
R79,中兴通讯,OTN 100G可插拔相干光模块,UNKNOWN：现有引语未列具体料号,18 无源电子件,待提取：本稿尚未取得该环节专项资料；不能据此断言厂商未披露,未提取/待检索,,原账本检索2026-07-27；资料发布日期未核,2026-10-03,2026-07-08互动易原句称公司研发和生产，自用于光传输设备；逐型号阶段未列,既有摘录/产品族
R79,中兴通讯,OTN 100G可插拔相干光模块,UNKNOWN：现有引语未列具体料号,19 热管理,UNKNOWN：当前所用资料未给出该项型号实现；具体散热器、材料与热设计UNKNOWN,UNKNOWN, | P192｜现有points命中引语｜corpus/qa/000063/qa.jsonl#indexId=2266884917732925440；irm.cninfo.com.cn 互动易(准披露渠道),原账本检索2026-07-27；资料发布日期未核,2026-10-03,2026-07-08互动易原句称公司研发和生产，自用于光传输设备；逐型号阶段未列,既有摘录/产品族
R79,中兴通讯,OTN 100G可插拔相干光模块,UNKNOWN：现有引语未列具体料号,20 总体封装,可插拔；具体封装未列,部分披露/有保留, | P192｜现有points命中引语｜corpus/qa/000063/qa.jsonl#indexId=2266884917732925440；irm.cninfo.com.cn 互动易(准披露渠道),原账本检索2026-07-27；资料发布日期未核,2026-10-03,2026-07-08互动易原句称公司研发和生产，自用于光传输设备；逐型号阶段未列,既有摘录/产品族
R80,中兴通讯,OTN 400G可插拔相干光模块,UNKNOWN：现有引语未列具体料号,01 主机电接口,UNKNOWN：当前所用资料未给出该项型号实现,UNKNOWN, | P192｜现有points命中引语｜corpus/qa/000063/qa.jsonl#indexId=2266884917732925440；irm.cninfo.com.cn 互动易(准披露渠道),原账本检索2026-07-27；资料发布日期未核,2026-10-03,2026-07-08互动易原句称公司研发和生产，自用于光传输设备；逐型号阶段未列,既有摘录/产品族
R80,中兴通讯,OTN 400G可插拔相干光模块,UNKNOWN：现有引语未列具体料号,02 PCB与电连接,待提取：本稿尚未取得该环节专项资料；不能据此断言厂商未披露,未提取/待检索,,原账本检索2026-07-27；资料发布日期未核,2026-10-03,2026-07-08互动易原句称公司研发和生产，自用于光传输设备；逐型号阶段未列,既有摘录/产品族
R80,中兴通讯,OTN 400G可插拔相干光模块,UNKNOWN：现有引语未列具体料号,03 电处理,搭载中兴自研相干DSP；型号/工艺未列,部分披露/有保留, | P192｜现有points命中引语｜corpus/qa/000063/qa.jsonl#indexId=2266884917732925440；irm.cninfo.com.cn 互动易(准披露渠道),原账本检索2026-07-27；资料发布日期未核,2026-10-03,2026-07-08互动易原句称公司研发和生产，自用于光传输设备；逐型号阶段未列,既有摘录/产品族
R80,中兴通讯,OTN 400G可插拔相干光模块,UNKNOWN：现有引语未列具体料号,04 驱动,待提取：本稿尚未取得该环节专项资料；不能据此断言厂商未披露,未提取/待检索,,原账本检索2026-07-27；资料发布日期未核,2026-10-03,2026-07-08互动易原句称公司研发和生产，自用于光传输设备；逐型号阶段未列,既有摘录/产品族
R80,中兴通讯,OTN 400G可插拔相干光模块,UNKNOWN：现有引语未列具体料号,05 发光与调制,UNKNOWN：当前所用资料未给出该项型号实现,UNKNOWN, | P192｜现有points命中引语｜corpus/qa/000063/qa.jsonl#indexId=2266884917732925440；irm.cninfo.com.cn 互动易(准披露渠道),原账本检索2026-07-27；资料发布日期未核,2026-10-03,2026-07-08互动易原句称公司研发和生产，自用于光传输设备；逐型号阶段未列,既有摘录/产品族
R80,中兴通讯,OTN 400G可插拔相干光模块,UNKNOWN：现有引语未列具体料号,06 载体与芯片互连,待提取：本稿尚未取得该环节专项资料；不能据此断言厂商未披露,未提取/待检索,,原账本检索2026-07-27；资料发布日期未核,2026-10-03,2026-07-08互动易原句称公司研发和生产，自用于光传输设备；逐型号阶段未列,既有摘录/产品族
R80,中兴通讯,OTN 400G可插拔相干光模块,UNKNOWN：现有引语未列具体料号,07 发射耦合,待提取：本稿尚未取得该环节专项资料；不能据此断言厂商未披露,未提取/待检索,,原账本检索2026-07-27；资料发布日期未核,2026-10-03,2026-07-08互动易原句称公司研发和生产，自用于光传输设备；逐型号阶段未列,既有摘录/产品族
R80,中兴通讯,OTN 400G可插拔相干光模块,UNKNOWN：现有引语未列具体料号,08 合波,UNKNOWN：当前所用资料未给出该项型号实现,UNKNOWN, | P192｜现有points命中引语｜corpus/qa/000063/qa.jsonl#indexId=2266884917732925440；irm.cninfo.com.cn 互动易(准披露渠道),原账本检索2026-07-27；资料发布日期未核,2026-10-03,2026-07-08互动易原句称公司研发和生产，自用于光传输设备；逐型号阶段未列,既有摘录/产品族
R80,中兴通讯,OTN 400G可插拔相干光模块,UNKNOWN：现有引语未列具体料号,09 外部光接口,400G OTN相干长距光传输；光调制平台未列；距离：长距用途；公里数未列；光纤接口见封装字段：可插拔；具体封装未列,部分披露/有保留, | P192｜现有points命中引语｜corpus/qa/000063/qa.jsonl#indexId=2266884917732925440；irm.cninfo.com.cn 互动易(准披露渠道),原账本检索2026-07-27；资料发布日期未核,2026-10-03,2026-07-08互动易原句称公司研发和生产，自用于光传输设备；逐型号阶段未列,既有摘录/产品族
R80,中兴通讯,OTN 400G可插拔相干光模块,UNKNOWN：现有引语未列具体料号,10 分波,UNKNOWN：当前所用资料未给出该项型号实现,UNKNOWN, | P192｜现有points命中引语｜corpus/qa/000063/qa.jsonl#indexId=2266884917732925440；irm.cninfo.com.cn 互动易(准披露渠道),原账本检索2026-07-27；资料发布日期未核,2026-10-03,2026-07-08互动易原句称公司研发和生产，自用于光传输设备；逐型号阶段未列,既有摘录/产品族
R80,中兴通讯,OTN 400G可插拔相干光模块,UNKNOWN：现有引语未列具体料号,11 接收耦合,待提取：本稿尚未取得该环节专项资料；不能据此断言厂商未披露,未提取/待检索,,原账本检索2026-07-27；资料发布日期未核,2026-10-03,2026-07-08互动易原句称公司研发和生产，自用于光传输设备；逐型号阶段未列,既有摘录/产品族
R80,中兴通讯,OTN 400G可插拔相干光模块,UNKNOWN：现有引语未列具体料号,12 探测器,UNKNOWN：当前所用资料未给出该项型号实现（探测器与接收放大联合披露，未给出部分保持UNKNOWN）,UNKNOWN, | P192｜现有points命中引语｜corpus/qa/000063/qa.jsonl#indexId=2266884917732925440；irm.cninfo.com.cn 互动易(准披露渠道),原账本检索2026-07-27；资料发布日期未核,2026-10-03,2026-07-08互动易原句称公司研发和生产，自用于光传输设备；逐型号阶段未列,既有摘录/产品族
R80,中兴通讯,OTN 400G可插拔相干光模块,UNKNOWN：现有引语未列具体料号,13 接收放大,UNKNOWN：当前所用资料未给出该项型号实现（探测器与接收放大联合披露，未给出部分保持UNKNOWN）,UNKNOWN, | P192｜现有points命中引语｜corpus/qa/000063/qa.jsonl#indexId=2266884917732925440；irm.cninfo.com.cn 互动易(准披露渠道),原账本检索2026-07-27；资料发布日期未核,2026-10-03,2026-07-08互动易原句称公司研发和生产，自用于光传输设备；逐型号阶段未列,既有摘录/产品族
R80,中兴通讯,OTN 400G可插拔相干光模块,UNKNOWN：现有引语未列具体料号,14 控制,待提取：本稿尚未取得该环节专项资料；不能据此断言厂商未披露,未提取/待检索,,原账本检索2026-07-27；资料发布日期未核,2026-10-03,2026-07-08互动易原句称公司研发和生产，自用于光传输设备；逐型号阶段未列,既有摘录/产品族
R80,中兴通讯,OTN 400G可插拔相干光模块,UNKNOWN：现有引语未列具体料号,15 非易失存储,待提取：本稿尚未取得该环节专项资料；不能据此断言厂商未披露,未提取/待检索,,原账本检索2026-07-27；资料发布日期未核,2026-10-03,2026-07-08互动易原句称公司研发和生产，自用于光传输设备；逐型号阶段未列,既有摘录/产品族
R80,中兴通讯,OTN 400G可插拔相干光模块,UNKNOWN：现有引语未列具体料号,16 电源,待提取：本稿尚未取得该环节专项资料；不能据此断言厂商未披露,未提取/待检索,,原账本检索2026-07-27；资料发布日期未核,2026-10-03,2026-07-08互动易原句称公司研发和生产，自用于光传输设备；逐型号阶段未列,既有摘录/产品族
R80,中兴通讯,OTN 400G可插拔相干光模块,UNKNOWN：现有引语未列具体料号,17 时钟,待提取：本稿尚未取得该环节专项资料；不能据此断言厂商未披露,未提取/待检索,,原账本检索2026-07-27；资料发布日期未核,2026-10-03,2026-07-08互动易原句称公司研发和生产，自用于光传输设备；逐型号阶段未列,既有摘录/产品族
R80,中兴通讯,OTN 400G可插拔相干光模块,UNKNOWN：现有引语未列具体料号,18 无源电子件,待提取：本稿尚未取得该环节专项资料；不能据此断言厂商未披露,未提取/待检索,,原账本检索2026-07-27；资料发布日期未核,2026-10-03,2026-07-08互动易原句称公司研发和生产，自用于光传输设备；逐型号阶段未列,既有摘录/产品族
R80,中兴通讯,OTN 400G可插拔相干光模块,UNKNOWN：现有引语未列具体料号,19 热管理,UNKNOWN：当前所用资料未给出该项型号实现；具体散热器、材料与热设计UNKNOWN,UNKNOWN, | P192｜现有points命中引语｜corpus/qa/000063/qa.jsonl#indexId=2266884917732925440；irm.cninfo.com.cn 互动易(准披露渠道),原账本检索2026-07-27；资料发布日期未核,2026-10-03,2026-07-08互动易原句称公司研发和生产，自用于光传输设备；逐型号阶段未列,既有摘录/产品族
R80,中兴通讯,OTN 400G可插拔相干光模块,UNKNOWN：现有引语未列具体料号,20 总体封装,可插拔；具体封装未列,部分披露/有保留, | P192｜现有points命中引语｜corpus/qa/000063/qa.jsonl#indexId=2266884917732925440；irm.cninfo.com.cn 互动易(准披露渠道),原账本检索2026-07-27；资料发布日期未核,2026-10-03,2026-07-08互动易原句称公司研发和生产，自用于光传输设备；逐型号阶段未列,既有摘录/产品族
R81,中兴通讯,OTN 800G可插拔相干光模块,UNKNOWN：现有引语未列具体料号,01 主机电接口,UNKNOWN：当前所用资料未给出该项型号实现,UNKNOWN, | P192｜现有points命中引语｜corpus/qa/000063/qa.jsonl#indexId=2266884917732925440；irm.cninfo.com.cn 互动易(准披露渠道),原账本检索2026-07-27；资料发布日期未核,2026-10-03,2026-07-08互动易原句称公司研发和生产，自用于光传输设备；逐型号阶段未列,既有摘录/产品族
R81,中兴通讯,OTN 800G可插拔相干光模块,UNKNOWN：现有引语未列具体料号,02 PCB与电连接,待提取：本稿尚未取得该环节专项资料；不能据此断言厂商未披露,未提取/待检索,,原账本检索2026-07-27；资料发布日期未核,2026-10-03,2026-07-08互动易原句称公司研发和生产，自用于光传输设备；逐型号阶段未列,既有摘录/产品族
R81,中兴通讯,OTN 800G可插拔相干光模块,UNKNOWN：现有引语未列具体料号,03 电处理,搭载中兴自研相干DSP；型号/工艺未列,部分披露/有保留, | P192｜现有points命中引语｜corpus/qa/000063/qa.jsonl#indexId=2266884917732925440；irm.cninfo.com.cn 互动易(准披露渠道),原账本检索2026-07-27；资料发布日期未核,2026-10-03,2026-07-08互动易原句称公司研发和生产，自用于光传输设备；逐型号阶段未列,既有摘录/产品族
R81,中兴通讯,OTN 800G可插拔相干光模块,UNKNOWN：现有引语未列具体料号,04 驱动,待提取：本稿尚未取得该环节专项资料；不能据此断言厂商未披露,未提取/待检索,,原账本检索2026-07-27；资料发布日期未核,2026-10-03,2026-07-08互动易原句称公司研发和生产，自用于光传输设备；逐型号阶段未列,既有摘录/产品族
R81,中兴通讯,OTN 800G可插拔相干光模块,UNKNOWN：现有引语未列具体料号,05 发光与调制,UNKNOWN：当前所用资料未给出该项型号实现,UNKNOWN, | P192｜现有points命中引语｜corpus/qa/000063/qa.jsonl#indexId=2266884917732925440；irm.cninfo.com.cn 互动易(准披露渠道),原账本检索2026-07-27；资料发布日期未核,2026-10-03,2026-07-08互动易原句称公司研发和生产，自用于光传输设备；逐型号阶段未列,既有摘录/产品族
R81,中兴通讯,OTN 800G可插拔相干光模块,UNKNOWN：现有引语未列具体料号,06 载体与芯片互连,待提取：本稿尚未取得该环节专项资料；不能据此断言厂商未披露,未提取/待检索,,原账本检索2026-07-27；资料发布日期未核,2026-10-03,2026-07-08互动易原句称公司研发和生产，自用于光传输设备；逐型号阶段未列,既有摘录/产品族
R81,中兴通讯,OTN 800G可插拔相干光模块,UNKNOWN：现有引语未列具体料号,07 发射耦合,待提取：本稿尚未取得该环节专项资料；不能据此断言厂商未披露,未提取/待检索,,原账本检索2026-07-27；资料发布日期未核,2026-10-03,2026-07-08互动易原句称公司研发和生产，自用于光传输设备；逐型号阶段未列,既有摘录/产品族
R81,中兴通讯,OTN 800G可插拔相干光模块,UNKNOWN：现有引语未列具体料号,08 合波,UNKNOWN：当前所用资料未给出该项型号实现,UNKNOWN, | P192｜现有points命中引语｜corpus/qa/000063/qa.jsonl#indexId=2266884917732925440；irm.cninfo.com.cn 互动易(准披露渠道),原账本检索2026-07-27；资料发布日期未核,2026-10-03,2026-07-08互动易原句称公司研发和生产，自用于光传输设备；逐型号阶段未列,既有摘录/产品族
R81,中兴通讯,OTN 800G可插拔相干光模块,UNKNOWN：现有引语未列具体料号,09 外部光接口,800G OTN相干长距光传输；光调制平台未列；距离：长距用途；公里数未列；光纤接口见封装字段：可插拔；具体封装未列,部分披露/有保留, | P192｜现有points命中引语｜corpus/qa/000063/qa.jsonl#indexId=2266884917732925440；irm.cninfo.com.cn 互动易(准披露渠道),原账本检索2026-07-27；资料发布日期未核,2026-10-03,2026-07-08互动易原句称公司研发和生产，自用于光传输设备；逐型号阶段未列,既有摘录/产品族
R81,中兴通讯,OTN 800G可插拔相干光模块,UNKNOWN：现有引语未列具体料号,10 分波,UNKNOWN：当前所用资料未给出该项型号实现,UNKNOWN, | P192｜现有points命中引语｜corpus/qa/000063/qa.jsonl#indexId=2266884917732925440；irm.cninfo.com.cn 互动易(准披露渠道),原账本检索2026-07-27；资料发布日期未核,2026-10-03,2026-07-08互动易原句称公司研发和生产，自用于光传输设备；逐型号阶段未列,既有摘录/产品族
R81,中兴通讯,OTN 800G可插拔相干光模块,UNKNOWN：现有引语未列具体料号,11 接收耦合,待提取：本稿尚未取得该环节专项资料；不能据此断言厂商未披露,未提取/待检索,,原账本检索2026-07-27；资料发布日期未核,2026-10-03,2026-07-08互动易原句称公司研发和生产，自用于光传输设备；逐型号阶段未列,既有摘录/产品族
R81,中兴通讯,OTN 800G可插拔相干光模块,UNKNOWN：现有引语未列具体料号,12 探测器,UNKNOWN：当前所用资料未给出该项型号实现（探测器与接收放大联合披露，未给出部分保持UNKNOWN）,UNKNOWN, | P192｜现有points命中引语｜corpus/qa/000063/qa.jsonl#indexId=2266884917732925440；irm.cninfo.com.cn 互动易(准披露渠道),原账本检索2026-07-27；资料发布日期未核,2026-10-03,2026-07-08互动易原句称公司研发和生产，自用于光传输设备；逐型号阶段未列,既有摘录/产品族
R81,中兴通讯,OTN 800G可插拔相干光模块,UNKNOWN：现有引语未列具体料号,13 接收放大,UNKNOWN：当前所用资料未给出该项型号实现（探测器与接收放大联合披露，未给出部分保持UNKNOWN）,UNKNOWN, | P192｜现有points命中引语｜corpus/qa/000063/qa.jsonl#indexId=2266884917732925440；irm.cninfo.com.cn 互动易(准披露渠道),原账本检索2026-07-27；资料发布日期未核,2026-10-03,2026-07-08互动易原句称公司研发和生产，自用于光传输设备；逐型号阶段未列,既有摘录/产品族
R81,中兴通讯,OTN 800G可插拔相干光模块,UNKNOWN：现有引语未列具体料号,14 控制,待提取：本稿尚未取得该环节专项资料；不能据此断言厂商未披露,未提取/待检索,,原账本检索2026-07-27；资料发布日期未核,2026-10-03,2026-07-08互动易原句称公司研发和生产，自用于光传输设备；逐型号阶段未列,既有摘录/产品族
R81,中兴通讯,OTN 800G可插拔相干光模块,UNKNOWN：现有引语未列具体料号,15 非易失存储,待提取：本稿尚未取得该环节专项资料；不能据此断言厂商未披露,未提取/待检索,,原账本检索2026-07-27；资料发布日期未核,2026-10-03,2026-07-08互动易原句称公司研发和生产，自用于光传输设备；逐型号阶段未列,既有摘录/产品族
R81,中兴通讯,OTN 800G可插拔相干光模块,UNKNOWN：现有引语未列具体料号,16 电源,待提取：本稿尚未取得该环节专项资料；不能据此断言厂商未披露,未提取/待检索,,原账本检索2026-07-27；资料发布日期未核,2026-10-03,2026-07-08互动易原句称公司研发和生产，自用于光传输设备；逐型号阶段未列,既有摘录/产品族
R81,中兴通讯,OTN 800G可插拔相干光模块,UNKNOWN：现有引语未列具体料号,17 时钟,待提取：本稿尚未取得该环节专项资料；不能据此断言厂商未披露,未提取/待检索,,原账本检索2026-07-27；资料发布日期未核,2026-10-03,2026-07-08互动易原句称公司研发和生产，自用于光传输设备；逐型号阶段未列,既有摘录/产品族
R81,中兴通讯,OTN 800G可插拔相干光模块,UNKNOWN：现有引语未列具体料号,18 无源电子件,待提取：本稿尚未取得该环节专项资料；不能据此断言厂商未披露,未提取/待检索,,原账本检索2026-07-27；资料发布日期未核,2026-10-03,2026-07-08互动易原句称公司研发和生产，自用于光传输设备；逐型号阶段未列,既有摘录/产品族
R81,中兴通讯,OTN 800G可插拔相干光模块,UNKNOWN：现有引语未列具体料号,19 热管理,UNKNOWN：当前所用资料未给出该项型号实现；具体散热器、材料与热设计UNKNOWN,UNKNOWN, | P192｜现有points命中引语｜corpus/qa/000063/qa.jsonl#indexId=2266884917732925440；irm.cninfo.com.cn 互动易(准披露渠道),原账本检索2026-07-27；资料发布日期未核,2026-10-03,2026-07-08互动易原句称公司研发和生产，自用于光传输设备；逐型号阶段未列,既有摘录/产品族
R81,中兴通讯,OTN 800G可插拔相干光模块,UNKNOWN：现有引语未列具体料号,20 总体封装,可插拔；具体封装未列,部分披露/有保留, | P192｜现有points命中引语｜corpus/qa/000063/qa.jsonl#indexId=2266884917732925440；irm.cninfo.com.cn 互动易(准披露渠道),原账本检索2026-07-27；资料发布日期未核,2026-10-03,2026-07-08互动易原句称公司研发和生产，自用于光传输设备；逐型号阶段未列,既有摘录/产品族
R82,锐捷网络,400G LPO光模块,UNKNOWN：现有引语未列具体料号,01 主机电接口,UNKNOWN：当前所用资料未给出该项型号实现,UNKNOWN, | P187｜现有points命中引语｜corpus/qa/301165/qa.jsonl#indexId=2301891159369191424；irm.cninfo.com.cn 互动易(准披露渠道),原账本检索2026-07-27；资料发布日期未核,2026-10-03,2026-07-10互动易原句称已规模量产交付；本轮未重核当日状态,既有摘录/产品族
R82,锐捷网络,400G LPO光模块,UNKNOWN：现有引语未列具体料号,02 PCB与电连接,待提取：本稿尚未取得该环节专项资料；不能据此断言厂商未披露,未提取/待检索,,原账本检索2026-07-27；资料发布日期未核,2026-10-03,2026-07-10互动易原句称已规模量产交付；本轮未重核当日状态,既有摘录/产品族
R82,锐捷网络,400G LPO光模块,UNKNOWN：现有引语未列具体料号,03 电处理,厂商明确LPO线性架构；线性驱动/接收器件与主机分工未列,部分披露/有保留, | P187｜现有points命中引语｜corpus/qa/301165/qa.jsonl#indexId=2301891159369191424；irm.cninfo.com.cn 互动易(准披露渠道),原账本检索2026-07-27；资料发布日期未核,2026-10-03,2026-07-10互动易原句称已规模量产交付；本轮未重核当日状态,既有摘录/产品族
R82,锐捷网络,400G LPO光模块,UNKNOWN：现有引语未列具体料号,04 驱动,厂商明确LPO线性架构；线性驱动/接收器件与主机分工未列（本项仅提取驱动相关披露）,部分披露/有保留, | P187｜现有points命中引语｜corpus/qa/301165/qa.jsonl#indexId=2301891159369191424；irm.cninfo.com.cn 互动易(准披露渠道),原账本检索2026-07-27；资料发布日期未核,2026-10-03,2026-07-10互动易原句称已规模量产交付；本轮未重核当日状态,既有摘录/产品族
R82,锐捷网络,400G LPO光模块,UNKNOWN：现有引语未列具体料号,05 发光与调制,UNKNOWN：当前所用资料未给出该项型号实现,UNKNOWN, | P187｜现有points命中引语｜corpus/qa/301165/qa.jsonl#indexId=2301891159369191424；irm.cninfo.com.cn 互动易(准披露渠道),原账本检索2026-07-27；资料发布日期未核,2026-10-03,2026-07-10互动易原句称已规模量产交付；本轮未重核当日状态,既有摘录/产品族
R82,锐捷网络,400G LPO光模块,UNKNOWN：现有引语未列具体料号,06 载体与芯片互连,待提取：本稿尚未取得该环节专项资料；不能据此断言厂商未披露,未提取/待检索,,原账本检索2026-07-27；资料发布日期未核,2026-10-03,2026-07-10互动易原句称已规模量产交付；本轮未重核当日状态,既有摘录/产品族
R82,锐捷网络,400G LPO光模块,UNKNOWN：现有引语未列具体料号,07 发射耦合,待提取：本稿尚未取得该环节专项资料；不能据此断言厂商未披露,未提取/待检索,,原账本检索2026-07-27；资料发布日期未核,2026-10-03,2026-07-10互动易原句称已规模量产交付；本轮未重核当日状态,既有摘录/产品族
R82,锐捷网络,400G LPO光模块,UNKNOWN：现有引语未列具体料号,08 合波,UNKNOWN：当前所用资料未给出该项型号实现,UNKNOWN, | P187｜现有points命中引语｜corpus/qa/301165/qa.jsonl#indexId=2301891159369191424；irm.cninfo.com.cn 互动易(准披露渠道),原账本检索2026-07-27；资料发布日期未核,2026-10-03,2026-07-10互动易原句称已规模量产交付；本轮未重核当日状态,既有摘录/产品族
R82,锐捷网络,400G LPO光模块,UNKNOWN：现有引语未列具体料号,09 外部光接口,400G族；PMD/光子平台未列；距离：UNKNOWN：当前所用资料未给出该项型号实现；光纤接口见封装字段：UNKNOWN：当前所用资料未给出该项型号实现,部分披露/有保留, | P187｜现有points命中引语｜corpus/qa/301165/qa.jsonl#indexId=2301891159369191424；irm.cninfo.com.cn 互动易(准披露渠道),原账本检索2026-07-27；资料发布日期未核,2026-10-03,2026-07-10互动易原句称已规模量产交付；本轮未重核当日状态,既有摘录/产品族
R82,锐捷网络,400G LPO光模块,UNKNOWN：现有引语未列具体料号,10 分波,UNKNOWN：当前所用资料未给出该项型号实现,UNKNOWN, | P187｜现有points命中引语｜corpus/qa/301165/qa.jsonl#indexId=2301891159369191424；irm.cninfo.com.cn 互动易(准披露渠道),原账本检索2026-07-27；资料发布日期未核,2026-10-03,2026-07-10互动易原句称已规模量产交付；本轮未重核当日状态,既有摘录/产品族
R82,锐捷网络,400G LPO光模块,UNKNOWN：现有引语未列具体料号,11 接收耦合,待提取：本稿尚未取得该环节专项资料；不能据此断言厂商未披露,未提取/待检索,,原账本检索2026-07-27；资料发布日期未核,2026-10-03,2026-07-10互动易原句称已规模量产交付；本轮未重核当日状态,既有摘录/产品族
R82,锐捷网络,400G LPO光模块,UNKNOWN：现有引语未列具体料号,12 探测器,UNKNOWN：当前所用资料未给出该项型号实现（探测器与接收放大联合披露，未给出部分保持UNKNOWN）,UNKNOWN, | P187｜现有points命中引语｜corpus/qa/301165/qa.jsonl#indexId=2301891159369191424；irm.cninfo.com.cn 互动易(准披露渠道),原账本检索2026-07-27；资料发布日期未核,2026-10-03,2026-07-10互动易原句称已规模量产交付；本轮未重核当日状态,既有摘录/产品族
R82,锐捷网络,400G LPO光模块,UNKNOWN：现有引语未列具体料号,13 接收放大,UNKNOWN：当前所用资料未给出该项型号实现（探测器与接收放大联合披露，未给出部分保持UNKNOWN）,UNKNOWN, | P187｜现有points命中引语｜corpus/qa/301165/qa.jsonl#indexId=2301891159369191424；irm.cninfo.com.cn 互动易(准披露渠道),原账本检索2026-07-27；资料发布日期未核,2026-10-03,2026-07-10互动易原句称已规模量产交付；本轮未重核当日状态,既有摘录/产品族
R82,锐捷网络,400G LPO光模块,UNKNOWN：现有引语未列具体料号,14 控制,待提取：本稿尚未取得该环节专项资料；不能据此断言厂商未披露,未提取/待检索,,原账本检索2026-07-27；资料发布日期未核,2026-10-03,2026-07-10互动易原句称已规模量产交付；本轮未重核当日状态,既有摘录/产品族
R82,锐捷网络,400G LPO光模块,UNKNOWN：现有引语未列具体料号,15 非易失存储,待提取：本稿尚未取得该环节专项资料；不能据此断言厂商未披露,未提取/待检索,,原账本检索2026-07-27；资料发布日期未核,2026-10-03,2026-07-10互动易原句称已规模量产交付；本轮未重核当日状态,既有摘录/产品族
R82,锐捷网络,400G LPO光模块,UNKNOWN：现有引语未列具体料号,16 电源,待提取：本稿尚未取得该环节专项资料；不能据此断言厂商未披露,未提取/待检索,,原账本检索2026-07-27；资料发布日期未核,2026-10-03,2026-07-10互动易原句称已规模量产交付；本轮未重核当日状态,既有摘录/产品族
R82,锐捷网络,400G LPO光模块,UNKNOWN：现有引语未列具体料号,17 时钟,待提取：本稿尚未取得该环节专项资料；不能据此断言厂商未披露,未提取/待检索,,原账本检索2026-07-27；资料发布日期未核,2026-10-03,2026-07-10互动易原句称已规模量产交付；本轮未重核当日状态,既有摘录/产品族
R82,锐捷网络,400G LPO光模块,UNKNOWN：现有引语未列具体料号,18 无源电子件,待提取：本稿尚未取得该环节专项资料；不能据此断言厂商未披露,未提取/待检索,,原账本检索2026-07-27；资料发布日期未核,2026-10-03,2026-07-10互动易原句称已规模量产交付；本轮未重核当日状态,既有摘录/产品族
R82,锐捷网络,400G LPO光模块,UNKNOWN：现有引语未列具体料号,19 热管理,UNKNOWN：当前所用资料未给出该项型号实现；具体散热器、材料与热设计UNKNOWN,UNKNOWN, | P187｜现有points命中引语｜corpus/qa/301165/qa.jsonl#indexId=2301891159369191424；irm.cninfo.com.cn 互动易(准披露渠道),原账本检索2026-07-27；资料发布日期未核,2026-10-03,2026-07-10互动易原句称已规模量产交付；本轮未重核当日状态,既有摘录/产品族
R82,锐捷网络,400G LPO光模块,UNKNOWN：现有引语未列具体料号,20 总体封装,UNKNOWN：当前所用资料未给出该项型号实现,UNKNOWN, | P187｜现有points命中引语｜corpus/qa/301165/qa.jsonl#indexId=2301891159369191424；irm.cninfo.com.cn 互动易(准披露渠道),原账本检索2026-07-27；资料发布日期未核,2026-10-03,2026-07-10互动易原句称已规模量产交付；本轮未重核当日状态,既有摘录/产品族
R83,锐捷网络,800G高速光模块,UNKNOWN：现有引语未列具体料号,01 主机电接口,UNKNOWN：当前所用资料未给出该项型号实现,UNKNOWN, | P187｜现有points命中引语｜corpus/qa/301165/qa.jsonl#indexId=2301891159369191424；irm.cninfo.com.cn 互动易(准披露渠道),原账本检索2026-07-27；资料发布日期未核,2026-10-03,2026-07-10原句称样机小规模适配；不继承400G量产阶段,既有摘录/产品族
R83,锐捷网络,800G高速光模块,UNKNOWN：现有引语未列具体料号,02 PCB与电连接,待提取：本稿尚未取得该环节专项资料；不能据此断言厂商未披露,未提取/待检索,,原账本检索2026-07-27；资料发布日期未核,2026-10-03,2026-07-10原句称样机小规模适配；不继承400G量产阶段,既有摘录/产品族
R83,锐捷网络,800G高速光模块,UNKNOWN：现有引语未列具体料号,03 电处理,UNKNOWN：当前所用资料未给出该项型号实现,UNKNOWN, | P187｜现有points命中引语｜corpus/qa/301165/qa.jsonl#indexId=2301891159369191424；irm.cninfo.com.cn 互动易(准披露渠道),原账本检索2026-07-27；资料发布日期未核,2026-10-03,2026-07-10原句称样机小规模适配；不继承400G量产阶段,既有摘录/产品族
R83,锐捷网络,800G高速光模块,UNKNOWN：现有引语未列具体料号,04 驱动,待提取：本稿尚未取得该环节专项资料；不能据此断言厂商未披露,未提取/待检索,,原账本检索2026-07-27；资料发布日期未核,2026-10-03,2026-07-10原句称样机小规模适配；不继承400G量产阶段,既有摘录/产品族
R83,锐捷网络,800G高速光模块,UNKNOWN：现有引语未列具体料号,05 发光与调制,UNKNOWN：当前所用资料未给出该项型号实现,UNKNOWN, | P187｜现有points命中引语｜corpus/qa/301165/qa.jsonl#indexId=2301891159369191424；irm.cninfo.com.cn 互动易(准披露渠道),原账本检索2026-07-27；资料发布日期未核,2026-10-03,2026-07-10原句称样机小规模适配；不继承400G量产阶段,既有摘录/产品族
R83,锐捷网络,800G高速光模块,UNKNOWN：现有引语未列具体料号,06 载体与芯片互连,待提取：本稿尚未取得该环节专项资料；不能据此断言厂商未披露,未提取/待检索,,原账本检索2026-07-27；资料发布日期未核,2026-10-03,2026-07-10原句称样机小规模适配；不继承400G量产阶段,既有摘录/产品族
R83,锐捷网络,800G高速光模块,UNKNOWN：现有引语未列具体料号,07 发射耦合,待提取：本稿尚未取得该环节专项资料；不能据此断言厂商未披露,未提取/待检索,,原账本检索2026-07-27；资料发布日期未核,2026-10-03,2026-07-10原句称样机小规模适配；不继承400G量产阶段,既有摘录/产品族
R83,锐捷网络,800G高速光模块,UNKNOWN：现有引语未列具体料号,08 合波,UNKNOWN：当前所用资料未给出该项型号实现,UNKNOWN, | P187｜现有points命中引语｜corpus/qa/301165/qa.jsonl#indexId=2301891159369191424；irm.cninfo.com.cn 互动易(准披露渠道),原账本检索2026-07-27；资料发布日期未核,2026-10-03,2026-07-10原句称样机小规模适配；不继承400G量产阶段,既有摘录/产品族
R83,锐捷网络,800G高速光模块,UNKNOWN：现有引语未列具体料号,09 外部光接口,800G族；未给PMD、光子平台或线性架构；距离：UNKNOWN：当前所用资料未给出该项型号实现；光纤接口见封装字段：UNKNOWN：当前所用资料未给出该项型号实现,部分披露/有保留, | P187｜现有points命中引语｜corpus/qa/301165/qa.jsonl#indexId=2301891159369191424；irm.cninfo.com.cn 互动易(准披露渠道),原账本检索2026-07-27；资料发布日期未核,2026-10-03,2026-07-10原句称样机小规模适配；不继承400G量产阶段,既有摘录/产品族
R83,锐捷网络,800G高速光模块,UNKNOWN：现有引语未列具体料号,10 分波,UNKNOWN：当前所用资料未给出该项型号实现,UNKNOWN, | P187｜现有points命中引语｜corpus/qa/301165/qa.jsonl#indexId=2301891159369191424；irm.cninfo.com.cn 互动易(准披露渠道),原账本检索2026-07-27；资料发布日期未核,2026-10-03,2026-07-10原句称样机小规模适配；不继承400G量产阶段,既有摘录/产品族
R83,锐捷网络,800G高速光模块,UNKNOWN：现有引语未列具体料号,11 接收耦合,待提取：本稿尚未取得该环节专项资料；不能据此断言厂商未披露,未提取/待检索,,原账本检索2026-07-27；资料发布日期未核,2026-10-03,2026-07-10原句称样机小规模适配；不继承400G量产阶段,既有摘录/产品族
R83,锐捷网络,800G高速光模块,UNKNOWN：现有引语未列具体料号,12 探测器,UNKNOWN：当前所用资料未给出该项型号实现（探测器与接收放大联合披露，未给出部分保持UNKNOWN）,UNKNOWN, | P187｜现有points命中引语｜corpus/qa/301165/qa.jsonl#indexId=2301891159369191424；irm.cninfo.com.cn 互动易(准披露渠道),原账本检索2026-07-27；资料发布日期未核,2026-10-03,2026-07-10原句称样机小规模适配；不继承400G量产阶段,既有摘录/产品族
R83,锐捷网络,800G高速光模块,UNKNOWN：现有引语未列具体料号,13 接收放大,UNKNOWN：当前所用资料未给出该项型号实现（探测器与接收放大联合披露，未给出部分保持UNKNOWN）,UNKNOWN, | P187｜现有points命中引语｜corpus/qa/301165/qa.jsonl#indexId=2301891159369191424；irm.cninfo.com.cn 互动易(准披露渠道),原账本检索2026-07-27；资料发布日期未核,2026-10-03,2026-07-10原句称样机小规模适配；不继承400G量产阶段,既有摘录/产品族
R83,锐捷网络,800G高速光模块,UNKNOWN：现有引语未列具体料号,14 控制,待提取：本稿尚未取得该环节专项资料；不能据此断言厂商未披露,未提取/待检索,,原账本检索2026-07-27；资料发布日期未核,2026-10-03,2026-07-10原句称样机小规模适配；不继承400G量产阶段,既有摘录/产品族
R83,锐捷网络,800G高速光模块,UNKNOWN：现有引语未列具体料号,15 非易失存储,待提取：本稿尚未取得该环节专项资料；不能据此断言厂商未披露,未提取/待检索,,原账本检索2026-07-27；资料发布日期未核,2026-10-03,2026-07-10原句称样机小规模适配；不继承400G量产阶段,既有摘录/产品族
R83,锐捷网络,800G高速光模块,UNKNOWN：现有引语未列具体料号,16 电源,待提取：本稿尚未取得该环节专项资料；不能据此断言厂商未披露,未提取/待检索,,原账本检索2026-07-27；资料发布日期未核,2026-10-03,2026-07-10原句称样机小规模适配；不继承400G量产阶段,既有摘录/产品族
R83,锐捷网络,800G高速光模块,UNKNOWN：现有引语未列具体料号,17 时钟,待提取：本稿尚未取得该环节专项资料；不能据此断言厂商未披露,未提取/待检索,,原账本检索2026-07-27；资料发布日期未核,2026-10-03,2026-07-10原句称样机小规模适配；不继承400G量产阶段,既有摘录/产品族
R83,锐捷网络,800G高速光模块,UNKNOWN：现有引语未列具体料号,18 无源电子件,待提取：本稿尚未取得该环节专项资料；不能据此断言厂商未披露,未提取/待检索,,原账本检索2026-07-27；资料发布日期未核,2026-10-03,2026-07-10原句称样机小规模适配；不继承400G量产阶段,既有摘录/产品族
R83,锐捷网络,800G高速光模块,UNKNOWN：现有引语未列具体料号,19 热管理,UNKNOWN：当前所用资料未给出该项型号实现；具体散热器、材料与热设计UNKNOWN,UNKNOWN, | P187｜现有points命中引语｜corpus/qa/301165/qa.jsonl#indexId=2301891159369191424；irm.cninfo.com.cn 互动易(准披露渠道),原账本检索2026-07-27；资料发布日期未核,2026-10-03,2026-07-10原句称样机小规模适配；不继承400G量产阶段,既有摘录/产品族
R83,锐捷网络,800G高速光模块,UNKNOWN：现有引语未列具体料号,20 总体封装,UNKNOWN：当前所用资料未给出该项型号实现,UNKNOWN, | P187｜现有points命中引语｜corpus/qa/301165/qa.jsonl#indexId=2301891159369191424；irm.cninfo.com.cn 互动易(准披露渠道),原账本检索2026-07-27；资料发布日期未核,2026-10-03,2026-07-10原句称样机小规模适配；不继承400G量产阶段,既有摘录/产品族
R84,四川光恒通信技术有限公司,800G OSFP DR8,UNKNOWN：所核页未取得完整料号,01 主机电接口,8×106.25Gb/s PAM4，53.125GBd,厂商直接披露,https://www.cnsunstar.com/chanpinzhongxin/9.html | 四川光恒｜800G OSFP DR8产品特性,网页未标资料日；2026-10-03回读,2026-10-03,本轮原厂产品页/指南登记；未给当前量产或订单验收,产品族披露
R84,四川光恒通信技术有限公司,800G OSFP DR8,UNKNOWN：所核页未取得完整料号,02 PCB与电连接,待提取：本稿尚未取得该环节专项资料；不能据此断言厂商未披露,未提取/待检索,,网页未标资料日；2026-10-03回读,2026-10-03,本轮原厂产品页/指南登记；未给当前量产或订单验收,产品族披露
R84,四川光恒通信技术有限公司,800G OSFP DR8,UNKNOWN：所核页未取得完整料号,03 电处理,UNKNOWN：当前所用资料未给出该项型号实现,UNKNOWN,https://www.cnsunstar.com/chanpinzhongxin/9.html | 四川光恒｜800G OSFP DR8产品特性,网页未标资料日；2026-10-03回读,2026-10-03,本轮原厂产品页/指南登记；未给当前量产或订单验收,产品族披露
R84,四川光恒通信技术有限公司,800G OSFP DR8,UNKNOWN：所核页未取得完整料号,04 驱动,待提取：本稿尚未取得该环节专项资料；不能据此断言厂商未披露,未提取/待检索,,网页未标资料日；2026-10-03回读,2026-10-03,本轮原厂产品页/指南登记；未给当前量产或订单验收,产品族披露
R84,四川光恒通信技术有限公司,800G OSFP DR8,UNKNOWN：所核页未取得完整料号,05 发光与调制,UNKNOWN：当前所用资料未给出该项型号实现,UNKNOWN,https://www.cnsunstar.com/chanpinzhongxin/9.html | 四川光恒｜800G OSFP DR8产品特性,网页未标资料日；2026-10-03回读,2026-10-03,本轮原厂产品页/指南登记；未给当前量产或订单验收,产品族披露
R84,四川光恒通信技术有限公司,800G OSFP DR8,UNKNOWN：所核页未取得完整料号,06 载体与芯片互连,待提取：本稿尚未取得该环节专项资料；不能据此断言厂商未披露,未提取/待检索,,网页未标资料日；2026-10-03回读,2026-10-03,本轮原厂产品页/指南登记；未给当前量产或订单验收,产品族披露
R84,四川光恒通信技术有限公司,800G OSFP DR8,UNKNOWN：所核页未取得完整料号,07 发射耦合,待提取：本稿尚未取得该环节专项资料；不能据此断言厂商未披露,未提取/待检索,,网页未标资料日；2026-10-03回读,2026-10-03,本轮原厂产品页/指南登记；未给当前量产或订单验收,产品族披露
R84,四川光恒通信技术有限公司,800G OSFP DR8,UNKNOWN：所核页未取得完整料号,08 合波,UNKNOWN：当前所用资料未给出该项型号实现,UNKNOWN,https://www.cnsunstar.com/chanpinzhongxin/9.html | 四川光恒｜800G OSFP DR8产品特性,网页未标资料日；2026-10-03回读,2026-10-03,本轮原厂产品页/指南登记；未给当前量产或订单验收,产品族披露
R84,四川光恒通信技术有限公司,800G OSFP DR8,UNKNOWN：所核页未取得完整料号,09 外部光接口,8×106.25Gb/s PAM4；G.652单模；距离：500m，G.652 SMF，需KP-FEC；光纤接口见封装字段：OSFP；双MPO-12,厂商直接披露,https://www.cnsunstar.com/chanpinzhongxin/9.html | 四川光恒｜800G OSFP DR8产品特性,网页未标资料日；2026-10-03回读,2026-10-03,本轮原厂产品页/指南登记；未给当前量产或订单验收,产品族披露
R84,四川光恒通信技术有限公司,800G OSFP DR8,UNKNOWN：所核页未取得完整料号,10 分波,UNKNOWN：当前所用资料未给出该项型号实现,UNKNOWN,https://www.cnsunstar.com/chanpinzhongxin/9.html | 四川光恒｜800G OSFP DR8产品特性,网页未标资料日；2026-10-03回读,2026-10-03,本轮原厂产品页/指南登记；未给当前量产或订单验收,产品族披露
R84,四川光恒通信技术有限公司,800G OSFP DR8,UNKNOWN：所核页未取得完整料号,11 接收耦合,待提取：本稿尚未取得该环节专项资料；不能据此断言厂商未披露,未提取/待检索,,网页未标资料日；2026-10-03回读,2026-10-03,本轮原厂产品页/指南登记；未给当前量产或订单验收,产品族披露
R84,四川光恒通信技术有限公司,800G OSFP DR8,UNKNOWN：所核页未取得完整料号,12 探测器,UNKNOWN：当前所用资料未给出该项型号实现（探测器与接收放大联合披露，未给出部分保持UNKNOWN）,UNKNOWN,https://www.cnsunstar.com/chanpinzhongxin/9.html | 四川光恒｜800G OSFP DR8产品特性,网页未标资料日；2026-10-03回读,2026-10-03,本轮原厂产品页/指南登记；未给当前量产或订单验收,产品族披露
R84,四川光恒通信技术有限公司,800G OSFP DR8,UNKNOWN：所核页未取得完整料号,13 接收放大,UNKNOWN：当前所用资料未给出该项型号实现（探测器与接收放大联合披露，未给出部分保持UNKNOWN）,UNKNOWN,https://www.cnsunstar.com/chanpinzhongxin/9.html | 四川光恒｜800G OSFP DR8产品特性,网页未标资料日；2026-10-03回读,2026-10-03,本轮原厂产品页/指南登记；未给当前量产或订单验收,产品族披露
R84,四川光恒通信技术有限公司,800G OSFP DR8,UNKNOWN：所核页未取得完整料号,14 控制,待提取：本稿尚未取得该环节专项资料；不能据此断言厂商未披露,未提取/待检索,,网页未标资料日；2026-10-03回读,2026-10-03,本轮原厂产品页/指南登记；未给当前量产或订单验收,产品族披露
R84,四川光恒通信技术有限公司,800G OSFP DR8,UNKNOWN：所核页未取得完整料号,15 非易失存储,待提取：本稿尚未取得该环节专项资料；不能据此断言厂商未披露,未提取/待检索,,网页未标资料日；2026-10-03回读,2026-10-03,本轮原厂产品页/指南登记；未给当前量产或订单验收,产品族披露
R84,四川光恒通信技术有限公司,800G OSFP DR8,UNKNOWN：所核页未取得完整料号,16 电源,待提取：本稿尚未取得该环节专项资料；不能据此断言厂商未披露,未提取/待检索,,网页未标资料日；2026-10-03回读,2026-10-03,本轮原厂产品页/指南登记；未给当前量产或订单验收,产品族披露
R84,四川光恒通信技术有限公司,800G OSFP DR8,UNKNOWN：所核页未取得完整料号,17 时钟,待提取：本稿尚未取得该环节专项资料；不能据此断言厂商未披露,未提取/待检索,,网页未标资料日；2026-10-03回读,2026-10-03,本轮原厂产品页/指南登记；未给当前量产或订单验收,产品族披露
R84,四川光恒通信技术有限公司,800G OSFP DR8,UNKNOWN：所核页未取得完整料号,18 无源电子件,待提取：本稿尚未取得该环节专项资料；不能据此断言厂商未披露,未提取/待检索,,网页未标资料日；2026-10-03回读,2026-10-03,本轮原厂产品页/指南登记；未给当前量产或订单验收,产品族披露
R84,四川光恒通信技术有限公司,800G OSFP DR8,UNKNOWN：所核页未取得完整料号,19 热管理,<16W；3.3V；壳温0–70°C；具体散热器、材料与热设计UNKNOWN,部分披露/有保留,https://www.cnsunstar.com/chanpinzhongxin/9.html | 四川光恒｜800G OSFP DR8产品特性,网页未标资料日；2026-10-03回读,2026-10-03,本轮原厂产品页/指南登记；未给当前量产或订单验收,产品族披露
R84,四川光恒通信技术有限公司,800G OSFP DR8,UNKNOWN：所核页未取得完整料号,20 总体封装,OSFP；双MPO-12,厂商直接披露,https://www.cnsunstar.com/chanpinzhongxin/9.html | 四川光恒｜800G OSFP DR8产品特性,网页未标资料日；2026-10-03回读,2026-10-03,本轮原厂产品页/指南登记；未给当前量产或订单验收,产品族披露
R85,四川光恒通信技术有限公司,800G OSFP SR8,UNKNOWN：所核页未取得完整料号,01 主机电接口,UNKNOWN：当前所用资料未给出该项型号实现,UNKNOWN,https://www.cnsunstar.com/jiejuefangan/5.html | 四川光恒｜数据中心方案产品族清单,网页未标资料日；2026-10-03回读,2026-10-03,本轮原厂产品页/指南登记；未给当前量产或订单验收,产品族披露
R85,四川光恒通信技术有限公司,800G OSFP SR8,UNKNOWN：所核页未取得完整料号,02 PCB与电连接,待提取：本稿尚未取得该环节专项资料；不能据此断言厂商未披露,未提取/待检索,,网页未标资料日；2026-10-03回读,2026-10-03,本轮原厂产品页/指南登记；未给当前量产或订单验收,产品族披露
R85,四川光恒通信技术有限公司,800G OSFP SR8,UNKNOWN：所核页未取得完整料号,03 电处理,UNKNOWN：当前所用资料未给出该项型号实现,UNKNOWN,https://www.cnsunstar.com/jiejuefangan/5.html | 四川光恒｜数据中心方案产品族清单,网页未标资料日；2026-10-03回读,2026-10-03,本轮原厂产品页/指南登记；未给当前量产或订单验收,产品族披露
R85,四川光恒通信技术有限公司,800G OSFP SR8,UNKNOWN：所核页未取得完整料号,04 驱动,待提取：本稿尚未取得该环节专项资料；不能据此断言厂商未披露,未提取/待检索,,网页未标资料日；2026-10-03回读,2026-10-03,本轮原厂产品页/指南登记；未给当前量产或订单验收,产品族披露
R85,四川光恒通信技术有限公司,800G OSFP SR8,UNKNOWN：所核页未取得完整料号,05 发光与调制,UNKNOWN：当前所用资料未给出该项型号实现,UNKNOWN,https://www.cnsunstar.com/jiejuefangan/5.html | 四川光恒｜数据中心方案产品族清单,网页未标资料日；2026-10-03回读,2026-10-03,本轮原厂产品页/指南登记；未给当前量产或订单验收,产品族披露
R85,四川光恒通信技术有限公司,800G OSFP SR8,UNKNOWN：所核页未取得完整料号,06 载体与芯片互连,待提取：本稿尚未取得该环节专项资料；不能据此断言厂商未披露,未提取/待检索,,网页未标资料日；2026-10-03回读,2026-10-03,本轮原厂产品页/指南登记；未给当前量产或订单验收,产品族披露
R85,四川光恒通信技术有限公司,800G OSFP SR8,UNKNOWN：所核页未取得完整料号,07 发射耦合,待提取：本稿尚未取得该环节专项资料；不能据此断言厂商未披露,未提取/待检索,,网页未标资料日；2026-10-03回读,2026-10-03,本轮原厂产品页/指南登记；未给当前量产或订单验收,产品族披露
R85,四川光恒通信技术有限公司,800G OSFP SR8,UNKNOWN：所核页未取得完整料号,08 合波,UNKNOWN：当前所用资料未给出该项型号实现,UNKNOWN,https://www.cnsunstar.com/jiejuefangan/5.html | 四川光恒｜数据中心方案产品族清单,网页未标资料日；2026-10-03回读,2026-10-03,本轮原厂产品页/指南登记；未给当前量产或订单验收,产品族披露
R85,四川光恒通信技术有限公司,800G OSFP SR8,UNKNOWN：所核页未取得完整料号,09 外部光接口,800G SR8短距产品族；具体光lane参数未列；距离：UNKNOWN：当前所用资料未给出该项型号实现；光纤接口见封装字段：OSFP,部分披露/有保留,https://www.cnsunstar.com/jiejuefangan/5.html | 四川光恒｜数据中心方案产品族清单,网页未标资料日；2026-10-03回读,2026-10-03,本轮原厂产品页/指南登记；未给当前量产或订单验收,产品族披露
R85,四川光恒通信技术有限公司,800G OSFP SR8,UNKNOWN：所核页未取得完整料号,10 分波,UNKNOWN：当前所用资料未给出该项型号实现,UNKNOWN,https://www.cnsunstar.com/jiejuefangan/5.html | 四川光恒｜数据中心方案产品族清单,网页未标资料日；2026-10-03回读,2026-10-03,本轮原厂产品页/指南登记；未给当前量产或订单验收,产品族披露
R85,四川光恒通信技术有限公司,800G OSFP SR8,UNKNOWN：所核页未取得完整料号,11 接收耦合,待提取：本稿尚未取得该环节专项资料；不能据此断言厂商未披露,未提取/待检索,,网页未标资料日；2026-10-03回读,2026-10-03,本轮原厂产品页/指南登记；未给当前量产或订单验收,产品族披露
R85,四川光恒通信技术有限公司,800G OSFP SR8,UNKNOWN：所核页未取得完整料号,12 探测器,UNKNOWN：当前所用资料未给出该项型号实现（探测器与接收放大联合披露，未给出部分保持UNKNOWN）,UNKNOWN,https://www.cnsunstar.com/jiejuefangan/5.html | 四川光恒｜数据中心方案产品族清单,网页未标资料日；2026-10-03回读,2026-10-03,本轮原厂产品页/指南登记；未给当前量产或订单验收,产品族披露
R85,四川光恒通信技术有限公司,800G OSFP SR8,UNKNOWN：所核页未取得完整料号,13 接收放大,UNKNOWN：当前所用资料未给出该项型号实现（探测器与接收放大联合披露，未给出部分保持UNKNOWN）,UNKNOWN,https://www.cnsunstar.com/jiejuefangan/5.html | 四川光恒｜数据中心方案产品族清单,网页未标资料日；2026-10-03回读,2026-10-03,本轮原厂产品页/指南登记；未给当前量产或订单验收,产品族披露
R85,四川光恒通信技术有限公司,800G OSFP SR8,UNKNOWN：所核页未取得完整料号,14 控制,待提取：本稿尚未取得该环节专项资料；不能据此断言厂商未披露,未提取/待检索,,网页未标资料日；2026-10-03回读,2026-10-03,本轮原厂产品页/指南登记；未给当前量产或订单验收,产品族披露
R85,四川光恒通信技术有限公司,800G OSFP SR8,UNKNOWN：所核页未取得完整料号,15 非易失存储,待提取：本稿尚未取得该环节专项资料；不能据此断言厂商未披露,未提取/待检索,,网页未标资料日；2026-10-03回读,2026-10-03,本轮原厂产品页/指南登记；未给当前量产或订单验收,产品族披露
R85,四川光恒通信技术有限公司,800G OSFP SR8,UNKNOWN：所核页未取得完整料号,16 电源,待提取：本稿尚未取得该环节专项资料；不能据此断言厂商未披露,未提取/待检索,,网页未标资料日；2026-10-03回读,2026-10-03,本轮原厂产品页/指南登记；未给当前量产或订单验收,产品族披露
R85,四川光恒通信技术有限公司,800G OSFP SR8,UNKNOWN：所核页未取得完整料号,17 时钟,待提取：本稿尚未取得该环节专项资料；不能据此断言厂商未披露,未提取/待检索,,网页未标资料日；2026-10-03回读,2026-10-03,本轮原厂产品页/指南登记；未给当前量产或订单验收,产品族披露
R85,四川光恒通信技术有限公司,800G OSFP SR8,UNKNOWN：所核页未取得完整料号,18 无源电子件,待提取：本稿尚未取得该环节专项资料；不能据此断言厂商未披露,未提取/待检索,,网页未标资料日；2026-10-03回读,2026-10-03,本轮原厂产品页/指南登记；未给当前量产或订单验收,产品族披露
R85,四川光恒通信技术有限公司,800G OSFP SR8,UNKNOWN：所核页未取得完整料号,19 热管理,UNKNOWN：当前所用资料未给出该项型号实现；具体散热器、材料与热设计UNKNOWN,UNKNOWN,https://www.cnsunstar.com/jiejuefangan/5.html | 四川光恒｜数据中心方案产品族清单,网页未标资料日；2026-10-03回读,2026-10-03,本轮原厂产品页/指南登记；未给当前量产或订单验收,产品族披露
R85,四川光恒通信技术有限公司,800G OSFP SR8,UNKNOWN：所核页未取得完整料号,20 总体封装,OSFP,厂商直接披露,https://www.cnsunstar.com/jiejuefangan/5.html | 四川光恒｜数据中心方案产品族清单,网页未标资料日；2026-10-03回读,2026-10-03,本轮原厂产品页/指南登记；未给当前量产或订单验收,产品族披露
R86,四川光恒通信技术有限公司,800G QSFP-DD DR8,UNKNOWN：所核页未取得完整料号,01 主机电接口,UNKNOWN：当前所用资料未给出该项型号实现,UNKNOWN,https://www.cnsunstar.com/jiejuefangan/5.html | 四川光恒｜数据中心方案产品族清单,网页未标资料日；2026-10-03回读,2026-10-03,本轮原厂产品页/指南登记；未给当前量产或订单验收,产品族披露
R86,四川光恒通信技术有限公司,800G QSFP-DD DR8,UNKNOWN：所核页未取得完整料号,02 PCB与电连接,待提取：本稿尚未取得该环节专项资料；不能据此断言厂商未披露,未提取/待检索,,网页未标资料日；2026-10-03回读,2026-10-03,本轮原厂产品页/指南登记；未给当前量产或订单验收,产品族披露
R86,四川光恒通信技术有限公司,800G QSFP-DD DR8,UNKNOWN：所核页未取得完整料号,03 电处理,UNKNOWN：当前所用资料未给出该项型号实现,UNKNOWN,https://www.cnsunstar.com/jiejuefangan/5.html | 四川光恒｜数据中心方案产品族清单,网页未标资料日；2026-10-03回读,2026-10-03,本轮原厂产品页/指南登记；未给当前量产或订单验收,产品族披露
R86,四川光恒通信技术有限公司,800G QSFP-DD DR8,UNKNOWN：所核页未取得完整料号,04 驱动,待提取：本稿尚未取得该环节专项资料；不能据此断言厂商未披露,未提取/待检索,,网页未标资料日；2026-10-03回读,2026-10-03,本轮原厂产品页/指南登记；未给当前量产或订单验收,产品族披露
R86,四川光恒通信技术有限公司,800G QSFP-DD DR8,UNKNOWN：所核页未取得完整料号,05 发光与调制,UNKNOWN：当前所用资料未给出该项型号实现,UNKNOWN,https://www.cnsunstar.com/jiejuefangan/5.html | 四川光恒｜数据中心方案产品族清单,网页未标资料日；2026-10-03回读,2026-10-03,本轮原厂产品页/指南登记；未给当前量产或订单验收,产品族披露
R86,四川光恒通信技术有限公司,800G QSFP-DD DR8,UNKNOWN：所核页未取得完整料号,06 载体与芯片互连,待提取：本稿尚未取得该环节专项资料；不能据此断言厂商未披露,未提取/待检索,,网页未标资料日；2026-10-03回读,2026-10-03,本轮原厂产品页/指南登记；未给当前量产或订单验收,产品族披露
R86,四川光恒通信技术有限公司,800G QSFP-DD DR8,UNKNOWN：所核页未取得完整料号,07 发射耦合,待提取：本稿尚未取得该环节专项资料；不能据此断言厂商未披露,未提取/待检索,,网页未标资料日；2026-10-03回读,2026-10-03,本轮原厂产品页/指南登记；未给当前量产或订单验收,产品族披露
R86,四川光恒通信技术有限公司,800G QSFP-DD DR8,UNKNOWN：所核页未取得完整料号,08 合波,UNKNOWN：当前所用资料未给出该项型号实现,UNKNOWN,https://www.cnsunstar.com/jiejuefangan/5.html | 四川光恒｜数据中心方案产品族清单,网页未标资料日；2026-10-03回读,2026-10-03,本轮原厂产品页/指南登记；未给当前量产或订单验收,产品族披露
R86,四川光恒通信技术有限公司,800G QSFP-DD DR8,UNKNOWN：所核页未取得完整料号,09 外部光接口,800G DR8短距产品族；具体光lane参数未列；距离：UNKNOWN：当前所用资料未给出该项型号实现；光纤接口见封装字段：QSFP-DD,部分披露/有保留,https://www.cnsunstar.com/jiejuefangan/5.html | 四川光恒｜数据中心方案产品族清单,网页未标资料日；2026-10-03回读,2026-10-03,本轮原厂产品页/指南登记；未给当前量产或订单验收,产品族披露
R86,四川光恒通信技术有限公司,800G QSFP-DD DR8,UNKNOWN：所核页未取得完整料号,10 分波,UNKNOWN：当前所用资料未给出该项型号实现,UNKNOWN,https://www.cnsunstar.com/jiejuefangan/5.html | 四川光恒｜数据中心方案产品族清单,网页未标资料日；2026-10-03回读,2026-10-03,本轮原厂产品页/指南登记；未给当前量产或订单验收,产品族披露
R86,四川光恒通信技术有限公司,800G QSFP-DD DR8,UNKNOWN：所核页未取得完整料号,11 接收耦合,待提取：本稿尚未取得该环节专项资料；不能据此断言厂商未披露,未提取/待检索,,网页未标资料日；2026-10-03回读,2026-10-03,本轮原厂产品页/指南登记；未给当前量产或订单验收,产品族披露
R86,四川光恒通信技术有限公司,800G QSFP-DD DR8,UNKNOWN：所核页未取得完整料号,12 探测器,UNKNOWN：当前所用资料未给出该项型号实现（探测器与接收放大联合披露，未给出部分保持UNKNOWN）,UNKNOWN,https://www.cnsunstar.com/jiejuefangan/5.html | 四川光恒｜数据中心方案产品族清单,网页未标资料日；2026-10-03回读,2026-10-03,本轮原厂产品页/指南登记；未给当前量产或订单验收,产品族披露
R86,四川光恒通信技术有限公司,800G QSFP-DD DR8,UNKNOWN：所核页未取得完整料号,13 接收放大,UNKNOWN：当前所用资料未给出该项型号实现（探测器与接收放大联合披露，未给出部分保持UNKNOWN）,UNKNOWN,https://www.cnsunstar.com/jiejuefangan/5.html | 四川光恒｜数据中心方案产品族清单,网页未标资料日；2026-10-03回读,2026-10-03,本轮原厂产品页/指南登记；未给当前量产或订单验收,产品族披露
R86,四川光恒通信技术有限公司,800G QSFP-DD DR8,UNKNOWN：所核页未取得完整料号,14 控制,待提取：本稿尚未取得该环节专项资料；不能据此断言厂商未披露,未提取/待检索,,网页未标资料日；2026-10-03回读,2026-10-03,本轮原厂产品页/指南登记；未给当前量产或订单验收,产品族披露
R86,四川光恒通信技术有限公司,800G QSFP-DD DR8,UNKNOWN：所核页未取得完整料号,15 非易失存储,待提取：本稿尚未取得该环节专项资料；不能据此断言厂商未披露,未提取/待检索,,网页未标资料日；2026-10-03回读,2026-10-03,本轮原厂产品页/指南登记；未给当前量产或订单验收,产品族披露
R86,四川光恒通信技术有限公司,800G QSFP-DD DR8,UNKNOWN：所核页未取得完整料号,16 电源,待提取：本稿尚未取得该环节专项资料；不能据此断言厂商未披露,未提取/待检索,,网页未标资料日；2026-10-03回读,2026-10-03,本轮原厂产品页/指南登记；未给当前量产或订单验收,产品族披露
R86,四川光恒通信技术有限公司,800G QSFP-DD DR8,UNKNOWN：所核页未取得完整料号,17 时钟,待提取：本稿尚未取得该环节专项资料；不能据此断言厂商未披露,未提取/待检索,,网页未标资料日；2026-10-03回读,2026-10-03,本轮原厂产品页/指南登记；未给当前量产或订单验收,产品族披露
R86,四川光恒通信技术有限公司,800G QSFP-DD DR8,UNKNOWN：所核页未取得完整料号,18 无源电子件,待提取：本稿尚未取得该环节专项资料；不能据此断言厂商未披露,未提取/待检索,,网页未标资料日；2026-10-03回读,2026-10-03,本轮原厂产品页/指南登记；未给当前量产或订单验收,产品族披露
R86,四川光恒通信技术有限公司,800G QSFP-DD DR8,UNKNOWN：所核页未取得完整料号,19 热管理,UNKNOWN：当前所用资料未给出该项型号实现；具体散热器、材料与热设计UNKNOWN,UNKNOWN,https://www.cnsunstar.com/jiejuefangan/5.html | 四川光恒｜数据中心方案产品族清单,网页未标资料日；2026-10-03回读,2026-10-03,本轮原厂产品页/指南登记；未给当前量产或订单验收,产品族披露
R86,四川光恒通信技术有限公司,800G QSFP-DD DR8,UNKNOWN：所核页未取得完整料号,20 总体封装,QSFP-DD,厂商直接披露,https://www.cnsunstar.com/jiejuefangan/5.html | 四川光恒｜数据中心方案产品族清单,网页未标资料日；2026-10-03回读,2026-10-03,本轮原厂产品页/指南登记；未给当前量产或订单验收,产品族披露
R87,四川光恒通信技术有限公司,400G QSFP-DD DR4/FR4（配置未逐版配对）,UNKNOWN：所核页未取得完整料号,01 主机电接口,8×53.125Gb/s PAM4,厂商直接披露,https://www.cnsunstar.com/chanpinzhongxin/13.html | 四川光恒｜400G QSFP-DD DR4/FR4合并页,网页未标资料日；2026-10-03回读,2026-10-03,本轮原厂产品页/指南登记；未给当前量产或订单验收,产品族披露
R87,四川光恒通信技术有限公司,400G QSFP-DD DR4/FR4（配置未逐版配对）,UNKNOWN：所核页未取得完整料号,02 PCB与电连接,待提取：本稿尚未取得该环节专项资料；不能据此断言厂商未披露,未提取/待检索,,网页未标资料日；2026-10-03回读,2026-10-03,本轮原厂产品页/指南登记；未给当前量产或订单验收,产品族披露
R87,四川光恒通信技术有限公司,400G QSFP-DD DR4/FR4（配置未逐版配对）,UNKNOWN：所核页未取得完整料号,03 电处理,UNKNOWN：当前所用资料未给出该项型号实现,UNKNOWN,https://www.cnsunstar.com/chanpinzhongxin/13.html | 四川光恒｜400G QSFP-DD DR4/FR4合并页,网页未标资料日；2026-10-03回读,2026-10-03,本轮原厂产品页/指南登记；未给当前量产或订单验收,产品族披露
R87,四川光恒通信技术有限公司,400G QSFP-DD DR4/FR4（配置未逐版配对）,UNKNOWN：所核页未取得完整料号,04 驱动,待提取：本稿尚未取得该环节专项资料；不能据此断言厂商未披露,未提取/待检索,,网页未标资料日；2026-10-03回读,2026-10-03,本轮原厂产品页/指南登记；未给当前量产或订单验收,产品族披露
R87,四川光恒通信技术有限公司,400G QSFP-DD DR4/FR4（配置未逐版配对）,UNKNOWN：所核页未取得完整料号,05 发光与调制,UNKNOWN：当前所用资料未给出该项型号实现,UNKNOWN,https://www.cnsunstar.com/chanpinzhongxin/13.html | 四川光恒｜400G QSFP-DD DR4/FR4合并页,网页未标资料日；2026-10-03回读,2026-10-03,本轮原厂产品页/指南登记；未给当前量产或订单验收,产品族披露
R87,四川光恒通信技术有限公司,400G QSFP-DD DR4/FR4（配置未逐版配对）,UNKNOWN：所核页未取得完整料号,06 载体与芯片互连,待提取：本稿尚未取得该环节专项资料；不能据此断言厂商未披露,未提取/待检索,,网页未标资料日；2026-10-03回读,2026-10-03,本轮原厂产品页/指南登记；未给当前量产或订单验收,产品族披露
R87,四川光恒通信技术有限公司,400G QSFP-DD DR4/FR4（配置未逐版配对）,UNKNOWN：所核页未取得完整料号,07 发射耦合,待提取：本稿尚未取得该环节专项资料；不能据此断言厂商未披露,未提取/待检索,,网页未标资料日；2026-10-03回读,2026-10-03,本轮原厂产品页/指南登记；未给当前量产或订单验收,产品族披露
R87,四川光恒通信技术有限公司,400G QSFP-DD DR4/FR4（配置未逐版配对）,UNKNOWN：所核页未取得完整料号,08 合波,UNKNOWN：当前所用资料未给出该项型号实现,UNKNOWN,https://www.cnsunstar.com/chanpinzhongxin/13.html | 四川光恒｜400G QSFP-DD DR4/FR4合并页,网页未标资料日；2026-10-03回读,2026-10-03,本轮原厂产品页/指南登记；未给当前量产或订单验收,产品族披露
R87,四川光恒通信技术有限公司,400G QSFP-DD DR4/FR4（配置未逐版配对）,UNKNOWN：所核页未取得完整料号,09 外部光接口,4×106.25Gb/s PAM4；DR4/FR4并列；距离：页面列最高2km G.652/KP-FEC；不能据此把DR4定为2km；光纤接口见封装字段：QSFP-DD；本页未列外部连接器文本,部分披露/有保留,https://www.cnsunstar.com/chanpinzhongxin/13.html | 四川光恒｜400G QSFP-DD DR4/FR4合并页,网页未标资料日；2026-10-03回读,2026-10-03,本轮原厂产品页/指南登记；未给当前量产或订单验收,产品族披露
R87,四川光恒通信技术有限公司,400G QSFP-DD DR4/FR4（配置未逐版配对）,UNKNOWN：所核页未取得完整料号,10 分波,UNKNOWN：当前所用资料未给出该项型号实现,UNKNOWN,https://www.cnsunstar.com/chanpinzhongxin/13.html | 四川光恒｜400G QSFP-DD DR4/FR4合并页,网页未标资料日；2026-10-03回读,2026-10-03,本轮原厂产品页/指南登记；未给当前量产或订单验收,产品族披露
R87,四川光恒通信技术有限公司,400G QSFP-DD DR4/FR4（配置未逐版配对）,UNKNOWN：所核页未取得完整料号,11 接收耦合,待提取：本稿尚未取得该环节专项资料；不能据此断言厂商未披露,未提取/待检索,,网页未标资料日；2026-10-03回读,2026-10-03,本轮原厂产品页/指南登记；未给当前量产或订单验收,产品族披露
R87,四川光恒通信技术有限公司,400G QSFP-DD DR4/FR4（配置未逐版配对）,UNKNOWN：所核页未取得完整料号,12 探测器,UNKNOWN：当前所用资料未给出该项型号实现（探测器与接收放大联合披露，未给出部分保持UNKNOWN）,UNKNOWN,https://www.cnsunstar.com/chanpinzhongxin/13.html | 四川光恒｜400G QSFP-DD DR4/FR4合并页,网页未标资料日；2026-10-03回读,2026-10-03,本轮原厂产品页/指南登记；未给当前量产或订单验收,产品族披露
R87,四川光恒通信技术有限公司,400G QSFP-DD DR4/FR4（配置未逐版配对）,UNKNOWN：所核页未取得完整料号,13 接收放大,UNKNOWN：当前所用资料未给出该项型号实现（探测器与接收放大联合披露，未给出部分保持UNKNOWN）,UNKNOWN,https://www.cnsunstar.com/chanpinzhongxin/13.html | 四川光恒｜400G QSFP-DD DR4/FR4合并页,网页未标资料日；2026-10-03回读,2026-10-03,本轮原厂产品页/指南登记；未给当前量产或订单验收,产品族披露
R87,四川光恒通信技术有限公司,400G QSFP-DD DR4/FR4（配置未逐版配对）,UNKNOWN：所核页未取得完整料号,14 控制,待提取：本稿尚未取得该环节专项资料；不能据此断言厂商未披露,未提取/待检索,,网页未标资料日；2026-10-03回读,2026-10-03,本轮原厂产品页/指南登记；未给当前量产或订单验收,产品族披露
R87,四川光恒通信技术有限公司,400G QSFP-DD DR4/FR4（配置未逐版配对）,UNKNOWN：所核页未取得完整料号,15 非易失存储,待提取：本稿尚未取得该环节专项资料；不能据此断言厂商未披露,未提取/待检索,,网页未标资料日；2026-10-03回读,2026-10-03,本轮原厂产品页/指南登记；未给当前量产或订单验收,产品族披露
R87,四川光恒通信技术有限公司,400G QSFP-DD DR4/FR4（配置未逐版配对）,UNKNOWN：所核页未取得完整料号,16 电源,待提取：本稿尚未取得该环节专项资料；不能据此断言厂商未披露,未提取/待检索,,网页未标资料日；2026-10-03回读,2026-10-03,本轮原厂产品页/指南登记；未给当前量产或订单验收,产品族披露
R87,四川光恒通信技术有限公司,400G QSFP-DD DR4/FR4（配置未逐版配对）,UNKNOWN：所核页未取得完整料号,17 时钟,待提取：本稿尚未取得该环节专项资料；不能据此断言厂商未披露,未提取/待检索,,网页未标资料日；2026-10-03回读,2026-10-03,本轮原厂产品页/指南登记；未给当前量产或订单验收,产品族披露
R87,四川光恒通信技术有限公司,400G QSFP-DD DR4/FR4（配置未逐版配对）,UNKNOWN：所核页未取得完整料号,18 无源电子件,待提取：本稿尚未取得该环节专项资料；不能据此断言厂商未披露,未提取/待检索,,网页未标资料日；2026-10-03回读,2026-10-03,本轮原厂产品页/指南登记；未给当前量产或订单验收,产品族披露
R87,四川光恒通信技术有限公司,400G QSFP-DD DR4/FR4（配置未逐版配对）,UNKNOWN：所核页未取得完整料号,19 热管理,页面列<8W、3.3V、0–70°C；未逐版配对；具体散热器、材料与热设计UNKNOWN,部分披露/有保留,https://www.cnsunstar.com/chanpinzhongxin/13.html | 四川光恒｜400G QSFP-DD DR4/FR4合并页,网页未标资料日；2026-10-03回读,2026-10-03,本轮原厂产品页/指南登记；未给当前量产或订单验收,产品族披露
R87,四川光恒通信技术有限公司,400G QSFP-DD DR4/FR4（配置未逐版配对）,UNKNOWN：所核页未取得完整料号,20 总体封装,QSFP-DD；本页未列外部连接器文本,部分披露/有保留,https://www.cnsunstar.com/chanpinzhongxin/13.html | 四川光恒｜400G QSFP-DD DR4/FR4合并页,网页未标资料日；2026-10-03回读,2026-10-03,本轮原厂产品页/指南登记；未给当前量产或订单验收,产品族披露
R88,四川光恒通信技术有限公司,400G QSFP112 DR4,UNKNOWN：所核页未取得完整料号,01 主机电接口,UNKNOWN：当前所用资料未给出该项型号实现,UNKNOWN,https://www.cnsunstar.com/chanpinzhongxin.html?cid=8 | 四川光恒｜模块目录中400G QSFP112 DR4标签,网页未标资料日；2026-10-03回读,2026-10-03,本轮原厂产品页/指南登记；未给当前量产或订单验收,产品族披露
R88,四川光恒通信技术有限公司,400G QSFP112 DR4,UNKNOWN：所核页未取得完整料号,02 PCB与电连接,待提取：本稿尚未取得该环节专项资料；不能据此断言厂商未披露,未提取/待检索,,网页未标资料日；2026-10-03回读,2026-10-03,本轮原厂产品页/指南登记；未给当前量产或订单验收,产品族披露
R88,四川光恒通信技术有限公司,400G QSFP112 DR4,UNKNOWN：所核页未取得完整料号,03 电处理,UNKNOWN：当前所用资料未给出该项型号实现,UNKNOWN,https://www.cnsunstar.com/chanpinzhongxin.html?cid=8 | 四川光恒｜模块目录中400G QSFP112 DR4标签,网页未标资料日；2026-10-03回读,2026-10-03,本轮原厂产品页/指南登记；未给当前量产或订单验收,产品族披露
R88,四川光恒通信技术有限公司,400G QSFP112 DR4,UNKNOWN：所核页未取得完整料号,04 驱动,待提取：本稿尚未取得该环节专项资料；不能据此断言厂商未披露,未提取/待检索,,网页未标资料日；2026-10-03回读,2026-10-03,本轮原厂产品页/指南登记；未给当前量产或订单验收,产品族披露
R88,四川光恒通信技术有限公司,400G QSFP112 DR4,UNKNOWN：所核页未取得完整料号,05 发光与调制,UNKNOWN：当前所用资料未给出该项型号实现,UNKNOWN,https://www.cnsunstar.com/chanpinzhongxin.html?cid=8 | 四川光恒｜模块目录中400G QSFP112 DR4标签,网页未标资料日；2026-10-03回读,2026-10-03,本轮原厂产品页/指南登记；未给当前量产或订单验收,产品族披露
R88,四川光恒通信技术有限公司,400G QSFP112 DR4,UNKNOWN：所核页未取得完整料号,06 载体与芯片互连,待提取：本稿尚未取得该环节专项资料；不能据此断言厂商未披露,未提取/待检索,,网页未标资料日；2026-10-03回读,2026-10-03,本轮原厂产品页/指南登记；未给当前量产或订单验收,产品族披露
R88,四川光恒通信技术有限公司,400G QSFP112 DR4,UNKNOWN：所核页未取得完整料号,07 发射耦合,待提取：本稿尚未取得该环节专项资料；不能据此断言厂商未披露,未提取/待检索,,网页未标资料日；2026-10-03回读,2026-10-03,本轮原厂产品页/指南登记；未给当前量产或订单验收,产品族披露
R88,四川光恒通信技术有限公司,400G QSFP112 DR4,UNKNOWN：所核页未取得完整料号,08 合波,UNKNOWN：当前所用资料未给出该项型号实现,UNKNOWN,https://www.cnsunstar.com/chanpinzhongxin.html?cid=8 | 四川光恒｜模块目录中400G QSFP112 DR4标签,网页未标资料日；2026-10-03回读,2026-10-03,本轮原厂产品页/指南登记；未给当前量产或订单验收,产品族披露
R88,四川光恒通信技术有限公司,400G QSFP112 DR4,UNKNOWN：所核页未取得完整料号,09 外部光接口,400G DR4；目录列聚合最高425Gb/s；距离：500m G.652 SMF（目录摘要）；光纤接口见封装字段：QSFP112,厂商直接披露,https://www.cnsunstar.com/chanpinzhongxin.html?cid=8 | 四川光恒｜模块目录中400G QSFP112 DR4标签,网页未标资料日；2026-10-03回读,2026-10-03,本轮原厂产品页/指南登记；未给当前量产或订单验收,产品族披露
R88,四川光恒通信技术有限公司,400G QSFP112 DR4,UNKNOWN：所核页未取得完整料号,10 分波,UNKNOWN：当前所用资料未给出该项型号实现,UNKNOWN,https://www.cnsunstar.com/chanpinzhongxin.html?cid=8 | 四川光恒｜模块目录中400G QSFP112 DR4标签,网页未标资料日；2026-10-03回读,2026-10-03,本轮原厂产品页/指南登记；未给当前量产或订单验收,产品族披露
R88,四川光恒通信技术有限公司,400G QSFP112 DR4,UNKNOWN：所核页未取得完整料号,11 接收耦合,待提取：本稿尚未取得该环节专项资料；不能据此断言厂商未披露,未提取/待检索,,网页未标资料日；2026-10-03回读,2026-10-03,本轮原厂产品页/指南登记；未给当前量产或订单验收,产品族披露
R88,四川光恒通信技术有限公司,400G QSFP112 DR4,UNKNOWN：所核页未取得完整料号,12 探测器,UNKNOWN：当前所用资料未给出该项型号实现（探测器与接收放大联合披露，未给出部分保持UNKNOWN）,UNKNOWN,https://www.cnsunstar.com/chanpinzhongxin.html?cid=8 | 四川光恒｜模块目录中400G QSFP112 DR4标签,网页未标资料日；2026-10-03回读,2026-10-03,本轮原厂产品页/指南登记；未给当前量产或订单验收,产品族披露
R88,四川光恒通信技术有限公司,400G QSFP112 DR4,UNKNOWN：所核页未取得完整料号,13 接收放大,UNKNOWN：当前所用资料未给出该项型号实现（探测器与接收放大联合披露，未给出部分保持UNKNOWN）,UNKNOWN,https://www.cnsunstar.com/chanpinzhongxin.html?cid=8 | 四川光恒｜模块目录中400G QSFP112 DR4标签,网页未标资料日；2026-10-03回读,2026-10-03,本轮原厂产品页/指南登记；未给当前量产或订单验收,产品族披露
R88,四川光恒通信技术有限公司,400G QSFP112 DR4,UNKNOWN：所核页未取得完整料号,14 控制,待提取：本稿尚未取得该环节专项资料；不能据此断言厂商未披露,未提取/待检索,,网页未标资料日；2026-10-03回读,2026-10-03,本轮原厂产品页/指南登记；未给当前量产或订单验收,产品族披露
R88,四川光恒通信技术有限公司,400G QSFP112 DR4,UNKNOWN：所核页未取得完整料号,15 非易失存储,待提取：本稿尚未取得该环节专项资料；不能据此断言厂商未披露,未提取/待检索,,网页未标资料日；2026-10-03回读,2026-10-03,本轮原厂产品页/指南登记；未给当前量产或订单验收,产品族披露
R88,四川光恒通信技术有限公司,400G QSFP112 DR4,UNKNOWN：所核页未取得完整料号,16 电源,待提取：本稿尚未取得该环节专项资料；不能据此断言厂商未披露,未提取/待检索,,网页未标资料日；2026-10-03回读,2026-10-03,本轮原厂产品页/指南登记；未给当前量产或订单验收,产品族披露
R88,四川光恒通信技术有限公司,400G QSFP112 DR4,UNKNOWN：所核页未取得完整料号,17 时钟,待提取：本稿尚未取得该环节专项资料；不能据此断言厂商未披露,未提取/待检索,,网页未标资料日；2026-10-03回读,2026-10-03,本轮原厂产品页/指南登记；未给当前量产或订单验收,产品族披露
R88,四川光恒通信技术有限公司,400G QSFP112 DR4,UNKNOWN：所核页未取得完整料号,18 无源电子件,待提取：本稿尚未取得该环节专项资料；不能据此断言厂商未披露,未提取/待检索,,网页未标资料日；2026-10-03回读,2026-10-03,本轮原厂产品页/指南登记；未给当前量产或订单验收,产品族披露
R88,四川光恒通信技术有限公司,400G QSFP112 DR4,UNKNOWN：所核页未取得完整料号,19 热管理,UNKNOWN：当前所用资料未给出该项型号实现；具体散热器、材料与热设计UNKNOWN,UNKNOWN,https://www.cnsunstar.com/chanpinzhongxin.html?cid=8 | 四川光恒｜模块目录中400G QSFP112 DR4标签,网页未标资料日；2026-10-03回读,2026-10-03,本轮原厂产品页/指南登记；未给当前量产或订单验收,产品族披露
R88,四川光恒通信技术有限公司,400G QSFP112 DR4,UNKNOWN：所核页未取得完整料号,20 总体封装,QSFP112,厂商直接披露,https://www.cnsunstar.com/chanpinzhongxin.html?cid=8 | 四川光恒｜模块目录中400G QSFP112 DR4标签,网页未标资料日；2026-10-03回读,2026-10-03,本轮原厂产品页/指南登记；未给当前量产或订单验收,产品族披露
R89,四川光恒通信技术有限公司,200G QSFP56 SR4；100G QSFP28 DR1/FR1,UNKNOWN：所核页未取得完整料号,01 主机电接口,UNKNOWN：当前所用资料未给出该项型号实现,UNKNOWN,https://www.cnsunstar.com/jiejuefangan/5.html | 四川光恒｜数据中心方案产品族清单,网页未标资料日；2026-10-03回读,2026-10-03,本轮原厂产品页/指南登记；未给当前量产或订单验收,产品族披露
R89,四川光恒通信技术有限公司,200G QSFP56 SR4；100G QSFP28 DR1/FR1,UNKNOWN：所核页未取得完整料号,02 PCB与电连接,待提取：本稿尚未取得该环节专项资料；不能据此断言厂商未披露,未提取/待检索,,网页未标资料日；2026-10-03回读,2026-10-03,本轮原厂产品页/指南登记；未给当前量产或订单验收,产品族披露
R89,四川光恒通信技术有限公司,200G QSFP56 SR4；100G QSFP28 DR1/FR1,UNKNOWN：所核页未取得完整料号,03 电处理,UNKNOWN：当前所用资料未给出该项型号实现,UNKNOWN,https://www.cnsunstar.com/jiejuefangan/5.html | 四川光恒｜数据中心方案产品族清单,网页未标资料日；2026-10-03回读,2026-10-03,本轮原厂产品页/指南登记；未给当前量产或订单验收,产品族披露
R89,四川光恒通信技术有限公司,200G QSFP56 SR4；100G QSFP28 DR1/FR1,UNKNOWN：所核页未取得完整料号,04 驱动,待提取：本稿尚未取得该环节专项资料；不能据此断言厂商未披露,未提取/待检索,,网页未标资料日；2026-10-03回读,2026-10-03,本轮原厂产品页/指南登记；未给当前量产或订单验收,产品族披露
R89,四川光恒通信技术有限公司,200G QSFP56 SR4；100G QSFP28 DR1/FR1,UNKNOWN：所核页未取得完整料号,05 发光与调制,UNKNOWN：当前所用资料未给出该项型号实现,UNKNOWN,https://www.cnsunstar.com/jiejuefangan/5.html | 四川光恒｜数据中心方案产品族清单,网页未标资料日；2026-10-03回读,2026-10-03,本轮原厂产品页/指南登记；未给当前量产或订单验收,产品族披露
R89,四川光恒通信技术有限公司,200G QSFP56 SR4；100G QSFP28 DR1/FR1,UNKNOWN：所核页未取得完整料号,06 载体与芯片互连,待提取：本稿尚未取得该环节专项资料；不能据此断言厂商未披露,未提取/待检索,,网页未标资料日；2026-10-03回读,2026-10-03,本轮原厂产品页/指南登记；未给当前量产或订单验收,产品族披露
R89,四川光恒通信技术有限公司,200G QSFP56 SR4；100G QSFP28 DR1/FR1,UNKNOWN：所核页未取得完整料号,07 发射耦合,待提取：本稿尚未取得该环节专项资料；不能据此断言厂商未披露,未提取/待检索,,网页未标资料日；2026-10-03回读,2026-10-03,本轮原厂产品页/指南登记；未给当前量产或订单验收,产品族披露
R89,四川光恒通信技术有限公司,200G QSFP56 SR4；100G QSFP28 DR1/FR1,UNKNOWN：所核页未取得完整料号,08 合波,UNKNOWN：当前所用资料未给出该项型号实现,UNKNOWN,https://www.cnsunstar.com/jiejuefangan/5.html | 四川光恒｜数据中心方案产品族清单,网页未标资料日；2026-10-03回读,2026-10-03,本轮原厂产品页/指南登记；未给当前量产或订单验收,产品族披露
R89,四川光恒通信技术有限公司,200G QSFP56 SR4；100G QSFP28 DR1/FR1,UNKNOWN：所核页未取得完整料号,09 外部光接口,数据中心列表中两个速率/封装族；内部路线未列；距离：UNKNOWN：当前所用资料未给出该项型号实现；光纤接口见封装字段：200G QSFP56；100G QSFP28,部分披露/有保留,https://www.cnsunstar.com/jiejuefangan/5.html | 四川光恒｜数据中心方案产品族清单,网页未标资料日；2026-10-03回读,2026-10-03,本轮原厂产品页/指南登记；未给当前量产或订单验收,产品族披露
R89,四川光恒通信技术有限公司,200G QSFP56 SR4；100G QSFP28 DR1/FR1,UNKNOWN：所核页未取得完整料号,10 分波,UNKNOWN：当前所用资料未给出该项型号实现,UNKNOWN,https://www.cnsunstar.com/jiejuefangan/5.html | 四川光恒｜数据中心方案产品族清单,网页未标资料日；2026-10-03回读,2026-10-03,本轮原厂产品页/指南登记；未给当前量产或订单验收,产品族披露
R89,四川光恒通信技术有限公司,200G QSFP56 SR4；100G QSFP28 DR1/FR1,UNKNOWN：所核页未取得完整料号,11 接收耦合,待提取：本稿尚未取得该环节专项资料；不能据此断言厂商未披露,未提取/待检索,,网页未标资料日；2026-10-03回读,2026-10-03,本轮原厂产品页/指南登记；未给当前量产或订单验收,产品族披露
R89,四川光恒通信技术有限公司,200G QSFP56 SR4；100G QSFP28 DR1/FR1,UNKNOWN：所核页未取得完整料号,12 探测器,UNKNOWN：当前所用资料未给出该项型号实现（探测器与接收放大联合披露，未给出部分保持UNKNOWN）,UNKNOWN,https://www.cnsunstar.com/jiejuefangan/5.html | 四川光恒｜数据中心方案产品族清单,网页未标资料日；2026-10-03回读,2026-10-03,本轮原厂产品页/指南登记；未给当前量产或订单验收,产品族披露
R89,四川光恒通信技术有限公司,200G QSFP56 SR4；100G QSFP28 DR1/FR1,UNKNOWN：所核页未取得完整料号,13 接收放大,UNKNOWN：当前所用资料未给出该项型号实现（探测器与接收放大联合披露，未给出部分保持UNKNOWN）,UNKNOWN,https://www.cnsunstar.com/jiejuefangan/5.html | 四川光恒｜数据中心方案产品族清单,网页未标资料日；2026-10-03回读,2026-10-03,本轮原厂产品页/指南登记；未给当前量产或订单验收,产品族披露
R89,四川光恒通信技术有限公司,200G QSFP56 SR4；100G QSFP28 DR1/FR1,UNKNOWN：所核页未取得完整料号,14 控制,待提取：本稿尚未取得该环节专项资料；不能据此断言厂商未披露,未提取/待检索,,网页未标资料日；2026-10-03回读,2026-10-03,本轮原厂产品页/指南登记；未给当前量产或订单验收,产品族披露
R89,四川光恒通信技术有限公司,200G QSFP56 SR4；100G QSFP28 DR1/FR1,UNKNOWN：所核页未取得完整料号,15 非易失存储,待提取：本稿尚未取得该环节专项资料；不能据此断言厂商未披露,未提取/待检索,,网页未标资料日；2026-10-03回读,2026-10-03,本轮原厂产品页/指南登记；未给当前量产或订单验收,产品族披露
R89,四川光恒通信技术有限公司,200G QSFP56 SR4；100G QSFP28 DR1/FR1,UNKNOWN：所核页未取得完整料号,16 电源,待提取：本稿尚未取得该环节专项资料；不能据此断言厂商未披露,未提取/待检索,,网页未标资料日；2026-10-03回读,2026-10-03,本轮原厂产品页/指南登记；未给当前量产或订单验收,产品族披露
R89,四川光恒通信技术有限公司,200G QSFP56 SR4；100G QSFP28 DR1/FR1,UNKNOWN：所核页未取得完整料号,17 时钟,待提取：本稿尚未取得该环节专项资料；不能据此断言厂商未披露,未提取/待检索,,网页未标资料日；2026-10-03回读,2026-10-03,本轮原厂产品页/指南登记；未给当前量产或订单验收,产品族披露
R89,四川光恒通信技术有限公司,200G QSFP56 SR4；100G QSFP28 DR1/FR1,UNKNOWN：所核页未取得完整料号,18 无源电子件,待提取：本稿尚未取得该环节专项资料；不能据此断言厂商未披露,未提取/待检索,,网页未标资料日；2026-10-03回读,2026-10-03,本轮原厂产品页/指南登记；未给当前量产或订单验收,产品族披露
R89,四川光恒通信技术有限公司,200G QSFP56 SR4；100G QSFP28 DR1/FR1,UNKNOWN：所核页未取得完整料号,19 热管理,UNKNOWN：当前所用资料未给出该项型号实现；具体散热器、材料与热设计UNKNOWN,UNKNOWN,https://www.cnsunstar.com/jiejuefangan/5.html | 四川光恒｜数据中心方案产品族清单,网页未标资料日；2026-10-03回读,2026-10-03,本轮原厂产品页/指南登记；未给当前量产或订单验收,产品族披露
R89,四川光恒通信技术有限公司,200G QSFP56 SR4；100G QSFP28 DR1/FR1,UNKNOWN：所核页未取得完整料号,20 总体封装,200G QSFP56；100G QSFP28,厂商直接披露,https://www.cnsunstar.com/jiejuefangan/5.html | 四川光恒｜数据中心方案产品族清单,网页未标资料日；2026-10-03回读,2026-10-03,本轮原厂产品页/指南登记；未给当前量产或订单验收,产品族披露
R90,四川光恒通信技术有限公司,100G QSFP28 LR4/ER4/ZR4（版本未配对）,UNKNOWN：所核页未取得完整料号,01 主机电接口,UNKNOWN：当前所用资料未给出该项型号实现,UNKNOWN,https://www.cnsunstar.com/chanpinzhongxin/10.html | 四川光恒｜100G QSFP28 LR4/ER4/ZR4合并页,网页未标资料日；2026-10-03回读,2026-10-03,本轮原厂产品页/指南登记；未给当前量产或订单验收,产品族披露
R90,四川光恒通信技术有限公司,100G QSFP28 LR4/ER4/ZR4（版本未配对）,UNKNOWN：所核页未取得完整料号,02 PCB与电连接,待提取：本稿尚未取得该环节专项资料；不能据此断言厂商未披露,未提取/待检索,,网页未标资料日；2026-10-03回读,2026-10-03,本轮原厂产品页/指南登记；未给当前量产或订单验收,产品族披露
R90,四川光恒通信技术有限公司,100G QSFP28 LR4/ER4/ZR4（版本未配对）,UNKNOWN：所核页未取得完整料号,03 电处理,页面列4通道CDR；具体芯片未列,部分披露/有保留,https://www.cnsunstar.com/chanpinzhongxin/10.html | 四川光恒｜100G QSFP28 LR4/ER4/ZR4合并页,网页未标资料日；2026-10-03回读,2026-10-03,本轮原厂产品页/指南登记；未给当前量产或订单验收,产品族披露
R90,四川光恒通信技术有限公司,100G QSFP28 LR4/ER4/ZR4（版本未配对）,UNKNOWN：所核页未取得完整料号,04 驱动,待提取：本稿尚未取得该环节专项资料；不能据此断言厂商未披露,未提取/待检索,,网页未标资料日；2026-10-03回读,2026-10-03,本轮原厂产品页/指南登记；未给当前量产或订单验收,产品族披露
R90,四川光恒通信技术有限公司,100G QSFP28 LR4/ER4/ZR4（版本未配对）,UNKNOWN：所核页未取得完整料号,05 发光与调制,页面列LAN-WDM EML；不能强配所有距离版,厂商直接披露,https://www.cnsunstar.com/chanpinzhongxin/10.html | 四川光恒｜100G QSFP28 LR4/ER4/ZR4合并页,网页未标资料日；2026-10-03回读,2026-10-03,本轮原厂产品页/指南登记；未给当前量产或订单验收,产品族披露
R90,四川光恒通信技术有限公司,100G QSFP28 LR4/ER4/ZR4（版本未配对）,UNKNOWN：所核页未取得完整料号,06 载体与芯片互连,待提取：本稿尚未取得该环节专项资料；不能据此断言厂商未披露,未提取/待检索,,网页未标资料日；2026-10-03回读,2026-10-03,本轮原厂产品页/指南登记；未给当前量产或订单验收,产品族披露
R90,四川光恒通信技术有限公司,100G QSFP28 LR4/ER4/ZR4（版本未配对）,UNKNOWN：所核页未取得完整料号,07 发射耦合,待提取：本稿尚未取得该环节专项资料；不能据此断言厂商未披露,未提取/待检索,,网页未标资料日；2026-10-03回读,2026-10-03,本轮原厂产品页/指南登记；未给当前量产或订单验收,产品族披露
R90,四川光恒通信技术有限公司,100G QSFP28 LR4/ER4/ZR4（版本未配对）,UNKNOWN：所核页未取得完整料号,08 合波,LAN-WDM波分功能；具体MUX/DEMUX工艺未列,部分披露/有保留,https://www.cnsunstar.com/chanpinzhongxin/10.html | 四川光恒｜100G QSFP28 LR4/ER4/ZR4合并页,网页未标资料日；2026-10-03回读,2026-10-03,本轮原厂产品页/指南登记；未给当前量产或订单验收,产品族披露
R90,四川光恒通信技术有限公司,100G QSFP28 LR4/ER4/ZR4（版本未配对）,UNKNOWN：所核页未取得完整料号,09 外部光接口,聚合103.125Gb/s；LAN-WDM EML方案；页面配置未逐LR/ER/ZR映射；距离：页面列最高80km G.652；不是每个LR4/ER4版本都80km；光纤接口见封装字段：QSFP28；页面列BIDI LC（待逐型号确认）,厂商直接披露,https://www.cnsunstar.com/chanpinzhongxin/10.html | 四川光恒｜100G QSFP28 LR4/ER4/ZR4合并页,网页未标资料日；2026-10-03回读,2026-10-03,本轮原厂产品页/指南登记；未给当前量产或订单验收,产品族披露
R90,四川光恒通信技术有限公司,100G QSFP28 LR4/ER4/ZR4（版本未配对）,UNKNOWN：所核页未取得完整料号,10 分波,LAN-WDM波分功能；具体MUX/DEMUX工艺未列,部分披露/有保留,https://www.cnsunstar.com/chanpinzhongxin/10.html | 四川光恒｜100G QSFP28 LR4/ER4/ZR4合并页,网页未标资料日；2026-10-03回读,2026-10-03,本轮原厂产品页/指南登记；未给当前量产或订单验收,产品族披露
R90,四川光恒通信技术有限公司,100G QSFP28 LR4/ER4/ZR4（版本未配对）,UNKNOWN：所核页未取得完整料号,11 接收耦合,待提取：本稿尚未取得该环节专项资料；不能据此断言厂商未披露,未提取/待检索,,网页未标资料日；2026-10-03回读,2026-10-03,本轮原厂产品页/指南登记；未给当前量产或订单验收,产品族披露
R90,四川光恒通信技术有限公司,100G QSFP28 LR4/ER4/ZR4（版本未配对）,UNKNOWN：所核页未取得完整料号,12 探测器,页面列PIN＋SOA；TIA未列，配置未逐版对应（探测器与接收放大联合披露，未给出部分保持UNKNOWN）,部分披露/有保留,https://www.cnsunstar.com/chanpinzhongxin/10.html | 四川光恒｜100G QSFP28 LR4/ER4/ZR4合并页,网页未标资料日；2026-10-03回读,2026-10-03,本轮原厂产品页/指南登记；未给当前量产或订单验收,产品族披露
R90,四川光恒通信技术有限公司,100G QSFP28 LR4/ER4/ZR4（版本未配对）,UNKNOWN：所核页未取得完整料号,13 接收放大,页面列PIN＋SOA；TIA未列，配置未逐版对应（探测器与接收放大联合披露，未给出部分保持UNKNOWN）,部分披露/有保留,https://www.cnsunstar.com/chanpinzhongxin/10.html | 四川光恒｜100G QSFP28 LR4/ER4/ZR4合并页,网页未标资料日；2026-10-03回读,2026-10-03,本轮原厂产品页/指南登记；未给当前量产或订单验收,产品族披露
R90,四川光恒通信技术有限公司,100G QSFP28 LR4/ER4/ZR4（版本未配对）,UNKNOWN：所核页未取得完整料号,14 控制,待提取：本稿尚未取得该环节专项资料；不能据此断言厂商未披露,未提取/待检索,,网页未标资料日；2026-10-03回读,2026-10-03,本轮原厂产品页/指南登记；未给当前量产或订单验收,产品族披露
R90,四川光恒通信技术有限公司,100G QSFP28 LR4/ER4/ZR4（版本未配对）,UNKNOWN：所核页未取得完整料号,15 非易失存储,待提取：本稿尚未取得该环节专项资料；不能据此断言厂商未披露,未提取/待检索,,网页未标资料日；2026-10-03回读,2026-10-03,本轮原厂产品页/指南登记；未给当前量产或订单验收,产品族披露
R90,四川光恒通信技术有限公司,100G QSFP28 LR4/ER4/ZR4（版本未配对）,UNKNOWN：所核页未取得完整料号,16 电源,待提取：本稿尚未取得该环节专项资料；不能据此断言厂商未披露,未提取/待检索,,网页未标资料日；2026-10-03回读,2026-10-03,本轮原厂产品页/指南登记；未给当前量产或订单验收,产品族披露
R90,四川光恒通信技术有限公司,100G QSFP28 LR4/ER4/ZR4（版本未配对）,UNKNOWN：所核页未取得完整料号,17 时钟,待提取：本稿尚未取得该环节专项资料；不能据此断言厂商未披露,未提取/待检索,,网页未标资料日；2026-10-03回读,2026-10-03,本轮原厂产品页/指南登记；未给当前量产或订单验收,产品族披露
R90,四川光恒通信技术有限公司,100G QSFP28 LR4/ER4/ZR4（版本未配对）,UNKNOWN：所核页未取得完整料号,18 无源电子件,待提取：本稿尚未取得该环节专项资料；不能据此断言厂商未披露,未提取/待检索,,网页未标资料日；2026-10-03回读,2026-10-03,本轮原厂产品页/指南登记；未给当前量产或订单验收,产品族披露
R90,四川光恒通信技术有限公司,100G QSFP28 LR4/ER4/ZR4（版本未配对）,UNKNOWN：所核页未取得完整料号,19 热管理,3.3V；0–70°C；功耗未列；具体散热器、材料与热设计UNKNOWN,部分披露/有保留,https://www.cnsunstar.com/chanpinzhongxin/10.html | 四川光恒｜100G QSFP28 LR4/ER4/ZR4合并页,网页未标资料日；2026-10-03回读,2026-10-03,本轮原厂产品页/指南登记；未给当前量产或订单验收,产品族披露
R90,四川光恒通信技术有限公司,100G QSFP28 LR4/ER4/ZR4（版本未配对）,UNKNOWN：所核页未取得完整料号,20 总体封装,QSFP28；页面列BIDI LC（待逐型号确认）,厂商直接披露,https://www.cnsunstar.com/chanpinzhongxin/10.html | 四川光恒｜100G QSFP28 LR4/ER4/ZR4合并页,网页未标资料日；2026-10-03回读,2026-10-03,本轮原厂产品页/指南登记；未给当前量产或订单验收,产品族披露
R91,四川光恒通信技术有限公司,50G/10G/2.5G三模PON OLT,UNKNOWN：所核页未取得完整料号,01 主机电接口,UNKNOWN：当前所用资料未给出该项型号实现,UNKNOWN,https://www.cnsunstar.com/chanpinzhongxin/17.html | 四川光恒｜50G PON OLT SFP-DD三模产品特性,网页未标资料日；2026-10-03回读,2026-10-03,本轮原厂产品页/指南登记；未给当前量产或订单验收,产品族披露
R91,四川光恒通信技术有限公司,50G/10G/2.5G三模PON OLT,UNKNOWN：所核页未取得完整料号,02 PCB与电连接,待提取：本稿尚未取得该环节专项资料；不能据此断言厂商未披露,未提取/待检索,,网页未标资料日；2026-10-03回读,2026-10-03,本轮原厂产品页/指南登记；未给当前量产或订单验收,产品族披露
R91,四川光恒通信技术有限公司,50G/10G/2.5G三模PON OLT,UNKNOWN：所核页未取得完整料号,03 电处理,UNKNOWN：当前所用资料未给出该项型号实现,UNKNOWN,https://www.cnsunstar.com/chanpinzhongxin/17.html | 四川光恒｜50G PON OLT SFP-DD三模产品特性,网页未标资料日；2026-10-03回读,2026-10-03,本轮原厂产品页/指南登记；未给当前量产或订单验收,产品族披露
R91,四川光恒通信技术有限公司,50G/10G/2.5G三模PON OLT,UNKNOWN：所核页未取得完整料号,04 驱动,待提取：本稿尚未取得该环节专项资料；不能据此断言厂商未披露,未提取/待检索,,网页未标资料日；2026-10-03回读,2026-10-03,本轮原厂产品页/指南登记；未给当前量产或订单验收,产品族披露
R91,四川光恒通信技术有限公司,50G/10G/2.5G三模PON OLT,UNKNOWN：所核页未取得完整料号,05 发光与调制,50G和XGS发射EML；GPON发射DFB,厂商直接披露,https://www.cnsunstar.com/chanpinzhongxin/17.html | 四川光恒｜50G PON OLT SFP-DD三模产品特性,网页未标资料日；2026-10-03回读,2026-10-03,本轮原厂产品页/指南登记；未给当前量产或订单验收,产品族披露
R91,四川光恒通信技术有限公司,50G/10G/2.5G三模PON OLT,UNKNOWN：所核页未取得完整料号,06 载体与芯片互连,待提取：本稿尚未取得该环节专项资料；不能据此断言厂商未披露,未提取/待检索,,网页未标资料日；2026-10-03回读,2026-10-03,本轮原厂产品页/指南登记；未给当前量产或订单验收,产品族披露
R91,四川光恒通信技术有限公司,50G/10G/2.5G三模PON OLT,UNKNOWN：所核页未取得完整料号,07 发射耦合,待提取：本稿尚未取得该环节专项资料；不能据此断言厂商未披露,未提取/待检索,,网页未标资料日；2026-10-03回读,2026-10-03,本轮原厂产品页/指南登记；未给当前量产或订单验收,产品族披露
R91,四川光恒通信技术有限公司,50G/10G/2.5G三模PON OLT,UNKNOWN：所核页未取得完整料号,08 合波,单纤双向，多制式波长配置；具体滤波/合分波器件未列,部分披露/有保留,https://www.cnsunstar.com/chanpinzhongxin/17.html | 四川光恒｜50G PON OLT SFP-DD三模产品特性,网页未标资料日；2026-10-03回读,2026-10-03,本轮原厂产品页/指南登记；未给当前量产或订单验收,产品族披露
R91,四川光恒通信技术有限公司,50G/10G/2.5G三模PON OLT,UNKNOWN：所核页未取得完整料号,09 外部光接口,50G-PON：1342nm下行49.7664G/1286nm上行24.8832G；XGS：1577/1270nm、9.953G；GPON：1490nm 2.488G/1310nm 1.244G；距离：UNKNOWN：当前所用资料未给出该项型号实现；光纤接口见封装字段：SFP-DD；单纤双向，光连接器未列,部分披露/有保留,https://www.cnsunstar.com/chanpinzhongxin/17.html | 四川光恒｜50G PON OLT SFP-DD三模产品特性,网页未标资料日；2026-10-03回读,2026-10-03,本轮原厂产品页/指南登记；未给当前量产或订单验收,产品族披露
R91,四川光恒通信技术有限公司,50G/10G/2.5G三模PON OLT,UNKNOWN：所核页未取得完整料号,10 分波,单纤双向，多制式波长配置；具体滤波/合分波器件未列,部分披露/有保留,https://www.cnsunstar.com/chanpinzhongxin/17.html | 四川光恒｜50G PON OLT SFP-DD三模产品特性,网页未标资料日；2026-10-03回读,2026-10-03,本轮原厂产品页/指南登记；未给当前量产或订单验收,产品族披露
R91,四川光恒通信技术有限公司,50G/10G/2.5G三模PON OLT,UNKNOWN：所核页未取得完整料号,11 接收耦合,待提取：本稿尚未取得该环节专项资料；不能据此断言厂商未披露,未提取/待检索,,网页未标资料日；2026-10-03回读,2026-10-03,本轮原厂产品页/指南登记；未给当前量产或订单验收,产品族披露
R91,四川光恒通信技术有限公司,50G/10G/2.5G三模PON OLT,UNKNOWN：所核页未取得完整料号,12 探测器,三路接收均列APD-TIA；材料、型号与集成位置未列（探测器与接收放大联合披露，未给出部分保持UNKNOWN）,部分披露/有保留,https://www.cnsunstar.com/chanpinzhongxin/17.html | 四川光恒｜50G PON OLT SFP-DD三模产品特性,网页未标资料日；2026-10-03回读,2026-10-03,本轮原厂产品页/指南登记；未给当前量产或订单验收,产品族披露
R91,四川光恒通信技术有限公司,50G/10G/2.5G三模PON OLT,UNKNOWN：所核页未取得完整料号,13 接收放大,三路接收均列APD-TIA；材料、型号与集成位置未列（探测器与接收放大联合披露，未给出部分保持UNKNOWN）,部分披露/有保留,https://www.cnsunstar.com/chanpinzhongxin/17.html | 四川光恒｜50G PON OLT SFP-DD三模产品特性,网页未标资料日；2026-10-03回读,2026-10-03,本轮原厂产品页/指南登记；未给当前量产或订单验收,产品族披露
R91,四川光恒通信技术有限公司,50G/10G/2.5G三模PON OLT,UNKNOWN：所核页未取得完整料号,14 控制,待提取：本稿尚未取得该环节专项资料；不能据此断言厂商未披露,未提取/待检索,,网页未标资料日；2026-10-03回读,2026-10-03,本轮原厂产品页/指南登记；未给当前量产或订单验收,产品族披露
R91,四川光恒通信技术有限公司,50G/10G/2.5G三模PON OLT,UNKNOWN：所核页未取得完整料号,15 非易失存储,待提取：本稿尚未取得该环节专项资料；不能据此断言厂商未披露,未提取/待检索,,网页未标资料日；2026-10-03回读,2026-10-03,本轮原厂产品页/指南登记；未给当前量产或订单验收,产品族披露
R91,四川光恒通信技术有限公司,50G/10G/2.5G三模PON OLT,UNKNOWN：所核页未取得完整料号,16 电源,待提取：本稿尚未取得该环节专项资料；不能据此断言厂商未披露,未提取/待检索,,网页未标资料日；2026-10-03回读,2026-10-03,本轮原厂产品页/指南登记；未给当前量产或订单验收,产品族披露
R91,四川光恒通信技术有限公司,50G/10G/2.5G三模PON OLT,UNKNOWN：所核页未取得完整料号,17 时钟,待提取：本稿尚未取得该环节专项资料；不能据此断言厂商未披露,未提取/待检索,,网页未标资料日；2026-10-03回读,2026-10-03,本轮原厂产品页/指南登记；未给当前量产或订单验收,产品族披露
R91,四川光恒通信技术有限公司,50G/10G/2.5G三模PON OLT,UNKNOWN：所核页未取得完整料号,18 无源电子件,待提取：本稿尚未取得该环节专项资料；不能据此断言厂商未披露,未提取/待检索,,网页未标资料日；2026-10-03回读,2026-10-03,本轮原厂产品页/指南登记；未给当前量产或订单验收,产品族披露
R91,四川光恒通信技术有限公司,50G/10G/2.5G三模PON OLT,UNKNOWN：所核页未取得完整料号,19 热管理,UNKNOWN：当前所用资料未给出该项型号实现；具体散热器、材料与热设计UNKNOWN,UNKNOWN,https://www.cnsunstar.com/chanpinzhongxin/17.html | 四川光恒｜50G PON OLT SFP-DD三模产品特性,网页未标资料日；2026-10-03回读,2026-10-03,本轮原厂产品页/指南登记；未给当前量产或订单验收,产品族披露
R91,四川光恒通信技术有限公司,50G/10G/2.5G三模PON OLT,UNKNOWN：所核页未取得完整料号,20 总体封装,SFP-DD；单纤双向，光连接器未列,部分披露/有保留,https://www.cnsunstar.com/chanpinzhongxin/17.html | 四川光恒｜50G PON OLT SFP-DD三模产品特性,网页未标资料日；2026-10-03回读,2026-10-03,本轮原厂产品页/指南登记；未给当前量产或订单验收,产品族披露
R92,泰科电子(含关联方),800G OSFP-IHS SR8,2500927-1,01 主机电接口,8×53.125GBd PAM4；800GAUI-8,厂商直接披露,https://www.te.com/content/dam/te-com/documents/consumer-devices/global/ddn-optical-transceivers-guide-en.pdf | TE Optics Solution Guide｜800G SR8模块详情｜PDF第3页,2025-09（封底09-25）；2026-10-03回读,2026-10-03,本轮原厂产品页/指南登记；未给当前量产或订单验收,产品族披露
R92,泰科电子(含关联方),800G OSFP-IHS SR8,2500927-1,02 PCB与电连接,待提取：本稿尚未取得该环节专项资料；不能据此断言厂商未披露,未提取/待检索,,2025-09（封底09-25）；2026-10-03回读,2026-10-03,本轮原厂产品页/指南登记；未给当前量产或订单验收,产品族披露
R92,泰科电子(含关联方),800G OSFP-IHS SR8,2500927-1,03 电处理,UNKNOWN：当前所用资料未给出该项型号实现,UNKNOWN,https://www.te.com/content/dam/te-com/documents/consumer-devices/global/ddn-optical-transceivers-guide-en.pdf | TE Optics Solution Guide｜800G SR8模块详情｜PDF第3页,2025-09（封底09-25）；2026-10-03回读,2026-10-03,本轮原厂产品页/指南登记；未给当前量产或订单验收,产品族披露
R92,泰科电子(含关联方),800G OSFP-IHS SR8,2500927-1,04 驱动,待提取：本稿尚未取得该环节专项资料；不能据此断言厂商未披露,未提取/待检索,,2025-09（封底09-25）；2026-10-03回读,2026-10-03,本轮原厂产品页/指南登记；未给当前量产或订单验收,产品族披露
R92,泰科电子(含关联方),800G OSFP-IHS SR8,2500927-1,05 发光与调制,UNKNOWN：当前所用资料未给出该项型号实现,UNKNOWN,https://www.te.com/content/dam/te-com/documents/consumer-devices/global/ddn-optical-transceivers-guide-en.pdf | TE Optics Solution Guide｜800G SR8模块详情｜PDF第3页,2025-09（封底09-25）；2026-10-03回读,2026-10-03,本轮原厂产品页/指南登记；未给当前量产或订单验收,产品族披露
R92,泰科电子(含关联方),800G OSFP-IHS SR8,2500927-1,06 载体与芯片互连,待提取：本稿尚未取得该环节专项资料；不能据此断言厂商未披露,未提取/待检索,,2025-09（封底09-25）；2026-10-03回读,2026-10-03,本轮原厂产品页/指南登记；未给当前量产或订单验收,产品族披露
R92,泰科电子(含关联方),800G OSFP-IHS SR8,2500927-1,07 发射耦合,待提取：本稿尚未取得该环节专项资料；不能据此断言厂商未披露,未提取/待检索,,2025-09（封底09-25）；2026-10-03回读,2026-10-03,本轮原厂产品页/指南登记；未给当前量产或订单验收,产品族披露
R92,泰科电子(含关联方),800G OSFP-IHS SR8,2500927-1,08 合波,UNKNOWN：当前所用资料未给出该项型号实现,UNKNOWN,https://www.te.com/content/dam/te-com/documents/consumer-devices/global/ddn-optical-transceivers-guide-en.pdf | TE Optics Solution Guide｜800G SR8模块详情｜PDF第3页,2025-09（封底09-25）；2026-10-03回读,2026-10-03,本轮原厂产品页/指南登记；未给当前量产或订单验收,产品族披露
R92,泰科电子(含关联方),800G OSFP-IHS SR8,2500927-1,09 外部光接口,8×53.125GBd PAM4；800G-SR8；距离：OM3 60m；OM4/OM5 100m；光纤接口见封装字段：OSFP-IHS,厂商直接披露,https://www.te.com/content/dam/te-com/documents/consumer-devices/global/ddn-optical-transceivers-guide-en.pdf | TE Optics Solution Guide｜800G SR8模块详情｜PDF第3页,2025-09（封底09-25）；2026-10-03回读,2026-10-03,本轮原厂产品页/指南登记；未给当前量产或订单验收,产品族披露
R92,泰科电子(含关联方),800G OSFP-IHS SR8,2500927-1,10 分波,UNKNOWN：当前所用资料未给出该项型号实现,UNKNOWN,https://www.te.com/content/dam/te-com/documents/consumer-devices/global/ddn-optical-transceivers-guide-en.pdf | TE Optics Solution Guide｜800G SR8模块详情｜PDF第3页,2025-09（封底09-25）；2026-10-03回读,2026-10-03,本轮原厂产品页/指南登记；未给当前量产或订单验收,产品族披露
R92,泰科电子(含关联方),800G OSFP-IHS SR8,2500927-1,11 接收耦合,待提取：本稿尚未取得该环节专项资料；不能据此断言厂商未披露,未提取/待检索,,2025-09（封底09-25）；2026-10-03回读,2026-10-03,本轮原厂产品页/指南登记；未给当前量产或订单验收,产品族披露
R92,泰科电子(含关联方),800G OSFP-IHS SR8,2500927-1,12 探测器,UNKNOWN：当前所用资料未给出该项型号实现（探测器与接收放大联合披露，未给出部分保持UNKNOWN）,UNKNOWN,https://www.te.com/content/dam/te-com/documents/consumer-devices/global/ddn-optical-transceivers-guide-en.pdf | TE Optics Solution Guide｜800G SR8模块详情｜PDF第3页,2025-09（封底09-25）；2026-10-03回读,2026-10-03,本轮原厂产品页/指南登记；未给当前量产或订单验收,产品族披露
R92,泰科电子(含关联方),800G OSFP-IHS SR8,2500927-1,13 接收放大,UNKNOWN：当前所用资料未给出该项型号实现（探测器与接收放大联合披露，未给出部分保持UNKNOWN）,UNKNOWN,https://www.te.com/content/dam/te-com/documents/consumer-devices/global/ddn-optical-transceivers-guide-en.pdf | TE Optics Solution Guide｜800G SR8模块详情｜PDF第3页,2025-09（封底09-25）；2026-10-03回读,2026-10-03,本轮原厂产品页/指南登记；未给当前量产或订单验收,产品族披露
R92,泰科电子(含关联方),800G OSFP-IHS SR8,2500927-1,14 控制,待提取：本稿尚未取得该环节专项资料；不能据此断言厂商未披露,未提取/待检索,,2025-09（封底09-25）；2026-10-03回读,2026-10-03,本轮原厂产品页/指南登记；未给当前量产或订单验收,产品族披露
R92,泰科电子(含关联方),800G OSFP-IHS SR8,2500927-1,15 非易失存储,待提取：本稿尚未取得该环节专项资料；不能据此断言厂商未披露,未提取/待检索,,2025-09（封底09-25）；2026-10-03回读,2026-10-03,本轮原厂产品页/指南登记；未给当前量产或订单验收,产品族披露
R92,泰科电子(含关联方),800G OSFP-IHS SR8,2500927-1,16 电源,待提取：本稿尚未取得该环节专项资料；不能据此断言厂商未披露,未提取/待检索,,2025-09（封底09-25）；2026-10-03回读,2026-10-03,本轮原厂产品页/指南登记；未给当前量产或订单验收,产品族披露
R92,泰科电子(含关联方),800G OSFP-IHS SR8,2500927-1,17 时钟,待提取：本稿尚未取得该环节专项资料；不能据此断言厂商未披露,未提取/待检索,,2025-09（封底09-25）；2026-10-03回读,2026-10-03,本轮原厂产品页/指南登记；未给当前量产或订单验收,产品族披露
R92,泰科电子(含关联方),800G OSFP-IHS SR8,2500927-1,18 无源电子件,待提取：本稿尚未取得该环节专项资料；不能据此断言厂商未披露,未提取/待检索,,2025-09（封底09-25）；2026-10-03回读,2026-10-03,本轮原厂产品页/指南登记；未给当前量产或订单验收,产品族披露
R92,泰科电子(含关联方),800G OSFP-IHS SR8,2500927-1,19 热管理,<15W；0–70°C；具体散热器、材料与热设计UNKNOWN,部分披露/有保留,https://www.te.com/content/dam/te-com/documents/consumer-devices/global/ddn-optical-transceivers-guide-en.pdf | TE Optics Solution Guide｜800G SR8模块详情｜PDF第3页,2025-09（封底09-25）；2026-10-03回读,2026-10-03,本轮原厂产品页/指南登记；未给当前量产或订单验收,产品族披露
R92,泰科电子(含关联方),800G OSFP-IHS SR8,2500927-1,20 总体封装,OSFP-IHS,厂商直接披露,https://www.te.com/content/dam/te-com/documents/consumer-devices/global/ddn-optical-transceivers-guide-en.pdf | TE Optics Solution Guide｜800G SR8模块详情｜PDF第3页,2025-09（封底09-25）；2026-10-03回读,2026-10-03,本轮原厂产品页/指南登记；未给当前量产或订单验收,产品族披露
R93,泰科电子(含关联方),800G OSFP-RHS SR8,2500932-1,01 主机电接口,8×53.125GBd PAM4；800GAUI-8,厂商直接披露,https://www.te.com/content/dam/te-com/documents/consumer-devices/global/ddn-optical-transceivers-guide-en.pdf | TE Optics Solution Guide｜800G SR8模块详情｜PDF第4页,2025-09（封底09-25）；2026-10-03回读,2026-10-03,本轮原厂产品页/指南登记；未给当前量产或订单验收,产品族披露
R93,泰科电子(含关联方),800G OSFP-RHS SR8,2500932-1,02 PCB与电连接,待提取：本稿尚未取得该环节专项资料；不能据此断言厂商未披露,未提取/待检索,,2025-09（封底09-25）；2026-10-03回读,2026-10-03,本轮原厂产品页/指南登记；未给当前量产或订单验收,产品族披露
R93,泰科电子(含关联方),800G OSFP-RHS SR8,2500932-1,03 电处理,UNKNOWN：当前所用资料未给出该项型号实现,UNKNOWN,https://www.te.com/content/dam/te-com/documents/consumer-devices/global/ddn-optical-transceivers-guide-en.pdf | TE Optics Solution Guide｜800G SR8模块详情｜PDF第4页,2025-09（封底09-25）；2026-10-03回读,2026-10-03,本轮原厂产品页/指南登记；未给当前量产或订单验收,产品族披露
R93,泰科电子(含关联方),800G OSFP-RHS SR8,2500932-1,04 驱动,待提取：本稿尚未取得该环节专项资料；不能据此断言厂商未披露,未提取/待检索,,2025-09（封底09-25）；2026-10-03回读,2026-10-03,本轮原厂产品页/指南登记；未给当前量产或订单验收,产品族披露
R93,泰科电子(含关联方),800G OSFP-RHS SR8,2500932-1,05 发光与调制,UNKNOWN：当前所用资料未给出该项型号实现,UNKNOWN,https://www.te.com/content/dam/te-com/documents/consumer-devices/global/ddn-optical-transceivers-guide-en.pdf | TE Optics Solution Guide｜800G SR8模块详情｜PDF第4页,2025-09（封底09-25）；2026-10-03回读,2026-10-03,本轮原厂产品页/指南登记；未给当前量产或订单验收,产品族披露
R93,泰科电子(含关联方),800G OSFP-RHS SR8,2500932-1,06 载体与芯片互连,待提取：本稿尚未取得该环节专项资料；不能据此断言厂商未披露,未提取/待检索,,2025-09（封底09-25）；2026-10-03回读,2026-10-03,本轮原厂产品页/指南登记；未给当前量产或订单验收,产品族披露
R93,泰科电子(含关联方),800G OSFP-RHS SR8,2500932-1,07 发射耦合,待提取：本稿尚未取得该环节专项资料；不能据此断言厂商未披露,未提取/待检索,,2025-09（封底09-25）；2026-10-03回读,2026-10-03,本轮原厂产品页/指南登记；未给当前量产或订单验收,产品族披露
R93,泰科电子(含关联方),800G OSFP-RHS SR8,2500932-1,08 合波,UNKNOWN：当前所用资料未给出该项型号实现,UNKNOWN,https://www.te.com/content/dam/te-com/documents/consumer-devices/global/ddn-optical-transceivers-guide-en.pdf | TE Optics Solution Guide｜800G SR8模块详情｜PDF第4页,2025-09（封底09-25）；2026-10-03回读,2026-10-03,本轮原厂产品页/指南登记；未给当前量产或订单验收,产品族披露
R93,泰科电子(含关联方),800G OSFP-RHS SR8,2500932-1,09 外部光接口,8×53.125GBd PAM4；800G-SR8；距离：OM3 60m；OM4/OM5 100m；光纤接口见封装字段：OSFP-RHS,厂商直接披露,https://www.te.com/content/dam/te-com/documents/consumer-devices/global/ddn-optical-transceivers-guide-en.pdf | TE Optics Solution Guide｜800G SR8模块详情｜PDF第4页,2025-09（封底09-25）；2026-10-03回读,2026-10-03,本轮原厂产品页/指南登记；未给当前量产或订单验收,产品族披露
R93,泰科电子(含关联方),800G OSFP-RHS SR8,2500932-1,10 分波,UNKNOWN：当前所用资料未给出该项型号实现,UNKNOWN,https://www.te.com/content/dam/te-com/documents/consumer-devices/global/ddn-optical-transceivers-guide-en.pdf | TE Optics Solution Guide｜800G SR8模块详情｜PDF第4页,2025-09（封底09-25）；2026-10-03回读,2026-10-03,本轮原厂产品页/指南登记；未给当前量产或订单验收,产品族披露
R93,泰科电子(含关联方),800G OSFP-RHS SR8,2500932-1,11 接收耦合,待提取：本稿尚未取得该环节专项资料；不能据此断言厂商未披露,未提取/待检索,,2025-09（封底09-25）；2026-10-03回读,2026-10-03,本轮原厂产品页/指南登记；未给当前量产或订单验收,产品族披露
R93,泰科电子(含关联方),800G OSFP-RHS SR8,2500932-1,12 探测器,UNKNOWN：当前所用资料未给出该项型号实现（探测器与接收放大联合披露，未给出部分保持UNKNOWN）,UNKNOWN,https://www.te.com/content/dam/te-com/documents/consumer-devices/global/ddn-optical-transceivers-guide-en.pdf | TE Optics Solution Guide｜800G SR8模块详情｜PDF第4页,2025-09（封底09-25）；2026-10-03回读,2026-10-03,本轮原厂产品页/指南登记；未给当前量产或订单验收,产品族披露
R93,泰科电子(含关联方),800G OSFP-RHS SR8,2500932-1,13 接收放大,UNKNOWN：当前所用资料未给出该项型号实现（探测器与接收放大联合披露，未给出部分保持UNKNOWN）,UNKNOWN,https://www.te.com/content/dam/te-com/documents/consumer-devices/global/ddn-optical-transceivers-guide-en.pdf | TE Optics Solution Guide｜800G SR8模块详情｜PDF第4页,2025-09（封底09-25）；2026-10-03回读,2026-10-03,本轮原厂产品页/指南登记；未给当前量产或订单验收,产品族披露
R93,泰科电子(含关联方),800G OSFP-RHS SR8,2500932-1,14 控制,待提取：本稿尚未取得该环节专项资料；不能据此断言厂商未披露,未提取/待检索,,2025-09（封底09-25）；2026-10-03回读,2026-10-03,本轮原厂产品页/指南登记；未给当前量产或订单验收,产品族披露
R93,泰科电子(含关联方),800G OSFP-RHS SR8,2500932-1,15 非易失存储,待提取：本稿尚未取得该环节专项资料；不能据此断言厂商未披露,未提取/待检索,,2025-09（封底09-25）；2026-10-03回读,2026-10-03,本轮原厂产品页/指南登记；未给当前量产或订单验收,产品族披露
R93,泰科电子(含关联方),800G OSFP-RHS SR8,2500932-1,16 电源,待提取：本稿尚未取得该环节专项资料；不能据此断言厂商未披露,未提取/待检索,,2025-09（封底09-25）；2026-10-03回读,2026-10-03,本轮原厂产品页/指南登记；未给当前量产或订单验收,产品族披露
R93,泰科电子(含关联方),800G OSFP-RHS SR8,2500932-1,17 时钟,待提取：本稿尚未取得该环节专项资料；不能据此断言厂商未披露,未提取/待检索,,2025-09（封底09-25）；2026-10-03回读,2026-10-03,本轮原厂产品页/指南登记；未给当前量产或订单验收,产品族披露
R93,泰科电子(含关联方),800G OSFP-RHS SR8,2500932-1,18 无源电子件,待提取：本稿尚未取得该环节专项资料；不能据此断言厂商未披露,未提取/待检索,,2025-09（封底09-25）；2026-10-03回读,2026-10-03,本轮原厂产品页/指南登记；未给当前量产或订单验收,产品族披露
R93,泰科电子(含关联方),800G OSFP-RHS SR8,2500932-1,19 热管理,<15W；0–70°C；具体散热器、材料与热设计UNKNOWN,部分披露/有保留,https://www.te.com/content/dam/te-com/documents/consumer-devices/global/ddn-optical-transceivers-guide-en.pdf | TE Optics Solution Guide｜800G SR8模块详情｜PDF第4页,2025-09（封底09-25）；2026-10-03回读,2026-10-03,本轮原厂产品页/指南登记；未给当前量产或订单验收,产品族披露
R93,泰科电子(含关联方),800G OSFP-RHS SR8,2500932-1,20 总体封装,OSFP-RHS,厂商直接披露,https://www.te.com/content/dam/te-com/documents/consumer-devices/global/ddn-optical-transceivers-guide-en.pdf | TE Optics Solution Guide｜800G SR8模块详情｜PDF第4页,2025-09（封底09-25）；2026-10-03回读,2026-10-03,本轮原厂产品页/指南登记；未给当前量产或订单验收,产品族披露
R94,泰科电子(含关联方),800G QSFP-DD SR8,2500931-1,01 主机电接口,8×53.125GBd PAM4；800GAUI-8,厂商直接披露,https://www.te.com/content/dam/te-com/documents/consumer-devices/global/ddn-optical-transceivers-guide-en.pdf | TE Optics Solution Guide｜800G SR8模块详情｜PDF第4页,2025-09（封底09-25）；2026-10-03回读,2026-10-03,本轮原厂产品页/指南登记；未给当前量产或订单验收,产品族披露
R94,泰科电子(含关联方),800G QSFP-DD SR8,2500931-1,02 PCB与电连接,待提取：本稿尚未取得该环节专项资料；不能据此断言厂商未披露,未提取/待检索,,2025-09（封底09-25）；2026-10-03回读,2026-10-03,本轮原厂产品页/指南登记；未给当前量产或订单验收,产品族披露
R94,泰科电子(含关联方),800G QSFP-DD SR8,2500931-1,03 电处理,UNKNOWN：当前所用资料未给出该项型号实现,UNKNOWN,https://www.te.com/content/dam/te-com/documents/consumer-devices/global/ddn-optical-transceivers-guide-en.pdf | TE Optics Solution Guide｜800G SR8模块详情｜PDF第4页,2025-09（封底09-25）；2026-10-03回读,2026-10-03,本轮原厂产品页/指南登记；未给当前量产或订单验收,产品族披露
R94,泰科电子(含关联方),800G QSFP-DD SR8,2500931-1,04 驱动,待提取：本稿尚未取得该环节专项资料；不能据此断言厂商未披露,未提取/待检索,,2025-09（封底09-25）；2026-10-03回读,2026-10-03,本轮原厂产品页/指南登记；未给当前量产或订单验收,产品族披露
R94,泰科电子(含关联方),800G QSFP-DD SR8,2500931-1,05 发光与调制,UNKNOWN：当前所用资料未给出该项型号实现,UNKNOWN,https://www.te.com/content/dam/te-com/documents/consumer-devices/global/ddn-optical-transceivers-guide-en.pdf | TE Optics Solution Guide｜800G SR8模块详情｜PDF第4页,2025-09（封底09-25）；2026-10-03回读,2026-10-03,本轮原厂产品页/指南登记；未给当前量产或订单验收,产品族披露
R94,泰科电子(含关联方),800G QSFP-DD SR8,2500931-1,06 载体与芯片互连,待提取：本稿尚未取得该环节专项资料；不能据此断言厂商未披露,未提取/待检索,,2025-09（封底09-25）；2026-10-03回读,2026-10-03,本轮原厂产品页/指南登记；未给当前量产或订单验收,产品族披露
R94,泰科电子(含关联方),800G QSFP-DD SR8,2500931-1,07 发射耦合,待提取：本稿尚未取得该环节专项资料；不能据此断言厂商未披露,未提取/待检索,,2025-09（封底09-25）；2026-10-03回读,2026-10-03,本轮原厂产品页/指南登记；未给当前量产或订单验收,产品族披露
R94,泰科电子(含关联方),800G QSFP-DD SR8,2500931-1,08 合波,UNKNOWN：当前所用资料未给出该项型号实现,UNKNOWN,https://www.te.com/content/dam/te-com/documents/consumer-devices/global/ddn-optical-transceivers-guide-en.pdf | TE Optics Solution Guide｜800G SR8模块详情｜PDF第4页,2025-09（封底09-25）；2026-10-03回读,2026-10-03,本轮原厂产品页/指南登记；未给当前量产或订单验收,产品族披露
R94,泰科电子(含关联方),800G QSFP-DD SR8,2500931-1,09 外部光接口,8×53.125GBd PAM4；800G-SR8；距离：OM3 60m；OM4/OM5 100m；光纤接口见封装字段：QSFP-DD,厂商直接披露,https://www.te.com/content/dam/te-com/documents/consumer-devices/global/ddn-optical-transceivers-guide-en.pdf | TE Optics Solution Guide｜800G SR8模块详情｜PDF第4页,2025-09（封底09-25）；2026-10-03回读,2026-10-03,本轮原厂产品页/指南登记；未给当前量产或订单验收,产品族披露
R94,泰科电子(含关联方),800G QSFP-DD SR8,2500931-1,10 分波,UNKNOWN：当前所用资料未给出该项型号实现,UNKNOWN,https://www.te.com/content/dam/te-com/documents/consumer-devices/global/ddn-optical-transceivers-guide-en.pdf | TE Optics Solution Guide｜800G SR8模块详情｜PDF第4页,2025-09（封底09-25）；2026-10-03回读,2026-10-03,本轮原厂产品页/指南登记；未给当前量产或订单验收,产品族披露
R94,泰科电子(含关联方),800G QSFP-DD SR8,2500931-1,11 接收耦合,待提取：本稿尚未取得该环节专项资料；不能据此断言厂商未披露,未提取/待检索,,2025-09（封底09-25）；2026-10-03回读,2026-10-03,本轮原厂产品页/指南登记；未给当前量产或订单验收,产品族披露
R94,泰科电子(含关联方),800G QSFP-DD SR8,2500931-1,12 探测器,UNKNOWN：当前所用资料未给出该项型号实现（探测器与接收放大联合披露，未给出部分保持UNKNOWN）,UNKNOWN,https://www.te.com/content/dam/te-com/documents/consumer-devices/global/ddn-optical-transceivers-guide-en.pdf | TE Optics Solution Guide｜800G SR8模块详情｜PDF第4页,2025-09（封底09-25）；2026-10-03回读,2026-10-03,本轮原厂产品页/指南登记；未给当前量产或订单验收,产品族披露
R94,泰科电子(含关联方),800G QSFP-DD SR8,2500931-1,13 接收放大,UNKNOWN：当前所用资料未给出该项型号实现（探测器与接收放大联合披露，未给出部分保持UNKNOWN）,UNKNOWN,https://www.te.com/content/dam/te-com/documents/consumer-devices/global/ddn-optical-transceivers-guide-en.pdf | TE Optics Solution Guide｜800G SR8模块详情｜PDF第4页,2025-09（封底09-25）；2026-10-03回读,2026-10-03,本轮原厂产品页/指南登记；未给当前量产或订单验收,产品族披露
R94,泰科电子(含关联方),800G QSFP-DD SR8,2500931-1,14 控制,待提取：本稿尚未取得该环节专项资料；不能据此断言厂商未披露,未提取/待检索,,2025-09（封底09-25）；2026-10-03回读,2026-10-03,本轮原厂产品页/指南登记；未给当前量产或订单验收,产品族披露
R94,泰科电子(含关联方),800G QSFP-DD SR8,2500931-1,15 非易失存储,待提取：本稿尚未取得该环节专项资料；不能据此断言厂商未披露,未提取/待检索,,2025-09（封底09-25）；2026-10-03回读,2026-10-03,本轮原厂产品页/指南登记；未给当前量产或订单验收,产品族披露
R94,泰科电子(含关联方),800G QSFP-DD SR8,2500931-1,16 电源,待提取：本稿尚未取得该环节专项资料；不能据此断言厂商未披露,未提取/待检索,,2025-09（封底09-25）；2026-10-03回读,2026-10-03,本轮原厂产品页/指南登记；未给当前量产或订单验收,产品族披露
R94,泰科电子(含关联方),800G QSFP-DD SR8,2500931-1,17 时钟,待提取：本稿尚未取得该环节专项资料；不能据此断言厂商未披露,未提取/待检索,,2025-09（封底09-25）；2026-10-03回读,2026-10-03,本轮原厂产品页/指南登记；未给当前量产或订单验收,产品族披露
R94,泰科电子(含关联方),800G QSFP-DD SR8,2500931-1,18 无源电子件,待提取：本稿尚未取得该环节专项资料；不能据此断言厂商未披露,未提取/待检索,,2025-09（封底09-25）；2026-10-03回读,2026-10-03,本轮原厂产品页/指南登记；未给当前量产或订单验收,产品族披露
R94,泰科电子(含关联方),800G QSFP-DD SR8,2500931-1,19 热管理,<15W；0–70°C；具体散热器、材料与热设计UNKNOWN,部分披露/有保留,https://www.te.com/content/dam/te-com/documents/consumer-devices/global/ddn-optical-transceivers-guide-en.pdf | TE Optics Solution Guide｜800G SR8模块详情｜PDF第4页,2025-09（封底09-25）；2026-10-03回读,2026-10-03,本轮原厂产品页/指南登记；未给当前量产或订单验收,产品族披露
R94,泰科电子(含关联方),800G QSFP-DD SR8,2500931-1,20 总体封装,QSFP-DD,厂商直接披露,https://www.te.com/content/dam/te-com/documents/consumer-devices/global/ddn-optical-transceivers-guide-en.pdf | TE Optics Solution Guide｜800G SR8模块详情｜PDF第4页,2025-09（封底09-25）；2026-10-03回读,2026-10-03,本轮原厂产品页/指南登记；未给当前量产或订单验收,产品族披露
R95,泰科电子(含关联方),400G QSFP56-DD SR8,2500930-1,01 主机电接口,UNKNOWN：当前所用资料未给出该项型号实现,UNKNOWN,https://www.te.com/content/dam/te-com/documents/consumer-devices/global/ddn-optical-transceivers-guide-en.pdf | TE Optics Solution Guide｜400G SR8模块详情｜PDF第4页,2025-09（封底09-25）；2026-10-03回读,2026-10-03,本轮原厂产品页/指南登记；未给当前量产或订单验收,产品族披露
R95,泰科电子(含关联方),400G QSFP56-DD SR8,2500930-1,02 PCB与电连接,待提取：本稿尚未取得该环节专项资料；不能据此断言厂商未披露,未提取/待检索,,2025-09（封底09-25）；2026-10-03回读,2026-10-03,本轮原厂产品页/指南登记；未给当前量产或订单验收,产品族披露
R95,泰科电子(含关联方),400G QSFP56-DD SR8,2500930-1,03 电处理,UNKNOWN：当前所用资料未给出该项型号实现,UNKNOWN,https://www.te.com/content/dam/te-com/documents/consumer-devices/global/ddn-optical-transceivers-guide-en.pdf | TE Optics Solution Guide｜400G SR8模块详情｜PDF第4页,2025-09（封底09-25）；2026-10-03回读,2026-10-03,本轮原厂产品页/指南登记；未给当前量产或订单验收,产品族披露
R95,泰科电子(含关联方),400G QSFP56-DD SR8,2500930-1,04 驱动,待提取：本稿尚未取得该环节专项资料；不能据此断言厂商未披露,未提取/待检索,,2025-09（封底09-25）；2026-10-03回读,2026-10-03,本轮原厂产品页/指南登记；未给当前量产或订单验收,产品族披露
R95,泰科电子(含关联方),400G QSFP56-DD SR8,2500930-1,05 发光与调制,UNKNOWN：当前所用资料未给出该项型号实现,UNKNOWN,https://www.te.com/content/dam/te-com/documents/consumer-devices/global/ddn-optical-transceivers-guide-en.pdf | TE Optics Solution Guide｜400G SR8模块详情｜PDF第4页,2025-09（封底09-25）；2026-10-03回读,2026-10-03,本轮原厂产品页/指南登记；未给当前量产或订单验收,产品族披露
R95,泰科电子(含关联方),400G QSFP56-DD SR8,2500930-1,06 载体与芯片互连,待提取：本稿尚未取得该环节专项资料；不能据此断言厂商未披露,未提取/待检索,,2025-09（封底09-25）；2026-10-03回读,2026-10-03,本轮原厂产品页/指南登记；未给当前量产或订单验收,产品族披露
R95,泰科电子(含关联方),400G QSFP56-DD SR8,2500930-1,07 发射耦合,待提取：本稿尚未取得该环节专项资料；不能据此断言厂商未披露,未提取/待检索,,2025-09（封底09-25）；2026-10-03回读,2026-10-03,本轮原厂产品页/指南登记；未给当前量产或订单验收,产品族披露
R95,泰科电子(含关联方),400G QSFP56-DD SR8,2500930-1,08 合波,UNKNOWN：当前所用资料未给出该项型号实现,UNKNOWN,https://www.te.com/content/dam/te-com/documents/consumer-devices/global/ddn-optical-transceivers-guide-en.pdf | TE Optics Solution Guide｜400G SR8模块详情｜PDF第4页,2025-09（封底09-25）；2026-10-03回读,2026-10-03,本轮原厂产品页/指南登记；未给当前量产或订单验收,产品族披露
R95,泰科电子(含关联方),400G QSFP56-DD SR8,2500930-1,09 外部光接口,聚合425Gb/s；SR8多模族；距离：OM3 70m；OM4/OM5 100m；光纤接口见封装字段：QSFP56-DD；MPO16,厂商直接披露,https://www.te.com/content/dam/te-com/documents/consumer-devices/global/ddn-optical-transceivers-guide-en.pdf | TE Optics Solution Guide｜400G SR8模块详情｜PDF第4页,2025-09（封底09-25）；2026-10-03回读,2026-10-03,本轮原厂产品页/指南登记；未给当前量产或订单验收,产品族披露
R95,泰科电子(含关联方),400G QSFP56-DD SR8,2500930-1,10 分波,UNKNOWN：当前所用资料未给出该项型号实现,UNKNOWN,https://www.te.com/content/dam/te-com/documents/consumer-devices/global/ddn-optical-transceivers-guide-en.pdf | TE Optics Solution Guide｜400G SR8模块详情｜PDF第4页,2025-09（封底09-25）；2026-10-03回读,2026-10-03,本轮原厂产品页/指南登记；未给当前量产或订单验收,产品族披露
R95,泰科电子(含关联方),400G QSFP56-DD SR8,2500930-1,11 接收耦合,待提取：本稿尚未取得该环节专项资料；不能据此断言厂商未披露,未提取/待检索,,2025-09（封底09-25）；2026-10-03回读,2026-10-03,本轮原厂产品页/指南登记；未给当前量产或订单验收,产品族披露
R95,泰科电子(含关联方),400G QSFP56-DD SR8,2500930-1,12 探测器,UNKNOWN：当前所用资料未给出该项型号实现（探测器与接收放大联合披露，未给出部分保持UNKNOWN）,UNKNOWN,https://www.te.com/content/dam/te-com/documents/consumer-devices/global/ddn-optical-transceivers-guide-en.pdf | TE Optics Solution Guide｜400G SR8模块详情｜PDF第4页,2025-09（封底09-25）；2026-10-03回读,2026-10-03,本轮原厂产品页/指南登记；未给当前量产或订单验收,产品族披露
R95,泰科电子(含关联方),400G QSFP56-DD SR8,2500930-1,13 接收放大,UNKNOWN：当前所用资料未给出该项型号实现（探测器与接收放大联合披露，未给出部分保持UNKNOWN）,UNKNOWN,https://www.te.com/content/dam/te-com/documents/consumer-devices/global/ddn-optical-transceivers-guide-en.pdf | TE Optics Solution Guide｜400G SR8模块详情｜PDF第4页,2025-09（封底09-25）；2026-10-03回读,2026-10-03,本轮原厂产品页/指南登记；未给当前量产或订单验收,产品族披露
R95,泰科电子(含关联方),400G QSFP56-DD SR8,2500930-1,14 控制,待提取：本稿尚未取得该环节专项资料；不能据此断言厂商未披露,未提取/待检索,,2025-09（封底09-25）；2026-10-03回读,2026-10-03,本轮原厂产品页/指南登记；未给当前量产或订单验收,产品族披露
R95,泰科电子(含关联方),400G QSFP56-DD SR8,2500930-1,15 非易失存储,待提取：本稿尚未取得该环节专项资料；不能据此断言厂商未披露,未提取/待检索,,2025-09（封底09-25）；2026-10-03回读,2026-10-03,本轮原厂产品页/指南登记；未给当前量产或订单验收,产品族披露
R95,泰科电子(含关联方),400G QSFP56-DD SR8,2500930-1,16 电源,待提取：本稿尚未取得该环节专项资料；不能据此断言厂商未披露,未提取/待检索,,2025-09（封底09-25）；2026-10-03回读,2026-10-03,本轮原厂产品页/指南登记；未给当前量产或订单验收,产品族披露
R95,泰科电子(含关联方),400G QSFP56-DD SR8,2500930-1,17 时钟,待提取：本稿尚未取得该环节专项资料；不能据此断言厂商未披露,未提取/待检索,,2025-09（封底09-25）；2026-10-03回读,2026-10-03,本轮原厂产品页/指南登记；未给当前量产或订单验收,产品族披露
R95,泰科电子(含关联方),400G QSFP56-DD SR8,2500930-1,18 无源电子件,待提取：本稿尚未取得该环节专项资料；不能据此断言厂商未披露,未提取/待检索,,2025-09（封底09-25）；2026-10-03回读,2026-10-03,本轮原厂产品页/指南登记；未给当前量产或订单验收,产品族披露
R95,泰科电子(含关联方),400G QSFP56-DD SR8,2500930-1,19 热管理,<10W；0–70°C；具体散热器、材料与热设计UNKNOWN,部分披露/有保留,https://www.te.com/content/dam/te-com/documents/consumer-devices/global/ddn-optical-transceivers-guide-en.pdf | TE Optics Solution Guide｜400G SR8模块详情｜PDF第4页,2025-09（封底09-25）；2026-10-03回读,2026-10-03,本轮原厂产品页/指南登记；未给当前量产或订单验收,产品族披露
R95,泰科电子(含关联方),400G QSFP56-DD SR8,2500930-1,20 总体封装,QSFP56-DD；MPO16,厂商直接披露,https://www.te.com/content/dam/te-com/documents/consumer-devices/global/ddn-optical-transceivers-guide-en.pdf | TE Optics Solution Guide｜400G SR8模块详情｜PDF第4页,2025-09（封底09-25）；2026-10-03回读,2026-10-03,本轮原厂产品页/指南登记；未给当前量产或订单验收,产品族披露
R96,泰科电子(含关联方),400G QSFP112 SR4,2500929-1,01 主机电接口,指南列4×53.125GBd PAM4，但接口名写800GAUI-8；标注矛盾待确认,厂商直接披露,https://www.te.com/content/dam/te-com/documents/consumer-devices/global/ddn-optical-transceivers-guide-en.pdf | TE Optics Solution Guide｜400G SR4模块详情｜PDF第5页,2025-09（封底09-25）；2026-10-03回读,2026-10-03,本轮原厂产品页/指南登记；未给当前量产或订单验收,产品族披露
R96,泰科电子(含关联方),400G QSFP112 SR4,2500929-1,02 PCB与电连接,待提取：本稿尚未取得该环节专项资料；不能据此断言厂商未披露,未提取/待检索,,2025-09（封底09-25）；2026-10-03回读,2026-10-03,本轮原厂产品页/指南登记；未给当前量产或订单验收,产品族披露
R96,泰科电子(含关联方),400G QSFP112 SR4,2500929-1,03 电处理,UNKNOWN：当前所用资料未给出该项型号实现,UNKNOWN,https://www.te.com/content/dam/te-com/documents/consumer-devices/global/ddn-optical-transceivers-guide-en.pdf | TE Optics Solution Guide｜400G SR4模块详情｜PDF第5页,2025-09（封底09-25）；2026-10-03回读,2026-10-03,本轮原厂产品页/指南登记；未给当前量产或订单验收,产品族披露
R96,泰科电子(含关联方),400G QSFP112 SR4,2500929-1,04 驱动,待提取：本稿尚未取得该环节专项资料；不能据此断言厂商未披露,未提取/待检索,,2025-09（封底09-25）；2026-10-03回读,2026-10-03,本轮原厂产品页/指南登记；未给当前量产或订单验收,产品族披露
R96,泰科电子(含关联方),400G QSFP112 SR4,2500929-1,05 发光与调制,UNKNOWN：当前所用资料未给出该项型号实现,UNKNOWN,https://www.te.com/content/dam/te-com/documents/consumer-devices/global/ddn-optical-transceivers-guide-en.pdf | TE Optics Solution Guide｜400G SR4模块详情｜PDF第5页,2025-09（封底09-25）；2026-10-03回读,2026-10-03,本轮原厂产品页/指南登记；未给当前量产或订单验收,产品族披露
R96,泰科电子(含关联方),400G QSFP112 SR4,2500929-1,06 载体与芯片互连,待提取：本稿尚未取得该环节专项资料；不能据此断言厂商未披露,未提取/待检索,,2025-09（封底09-25）；2026-10-03回读,2026-10-03,本轮原厂产品页/指南登记；未给当前量产或订单验收,产品族披露
R96,泰科电子(含关联方),400G QSFP112 SR4,2500929-1,07 发射耦合,待提取：本稿尚未取得该环节专项资料；不能据此断言厂商未披露,未提取/待检索,,2025-09（封底09-25）；2026-10-03回读,2026-10-03,本轮原厂产品页/指南登记；未给当前量产或订单验收,产品族披露
R96,泰科电子(含关联方),400G QSFP112 SR4,2500929-1,08 合波,UNKNOWN：当前所用资料未给出该项型号实现,UNKNOWN,https://www.te.com/content/dam/te-com/documents/consumer-devices/global/ddn-optical-transceivers-guide-en.pdf | TE Optics Solution Guide｜400G SR4模块详情｜PDF第5页,2025-09（封底09-25）；2026-10-03回读,2026-10-03,本轮原厂产品页/指南登记；未给当前量产或订单验收,产品族披露
R96,泰科电子(含关联方),400G QSFP112 SR4,2500929-1,09 外部光接口,标题SR4；同栏光口另写800G-SR8，与产品标题不一致；距离：OM3 60m；OM4/OM5 100m；光纤接口见封装字段：QSFP112；MPO12/APC（指南）,厂商直接披露,https://www.te.com/content/dam/te-com/documents/consumer-devices/global/ddn-optical-transceivers-guide-en.pdf | TE Optics Solution Guide｜400G SR4模块详情｜PDF第5页,2025-09（封底09-25）；2026-10-03回读,2026-10-03,本轮原厂产品页/指南登记；未给当前量产或订单验收,产品族披露
R96,泰科电子(含关联方),400G QSFP112 SR4,2500929-1,10 分波,UNKNOWN：当前所用资料未给出该项型号实现,UNKNOWN,https://www.te.com/content/dam/te-com/documents/consumer-devices/global/ddn-optical-transceivers-guide-en.pdf | TE Optics Solution Guide｜400G SR4模块详情｜PDF第5页,2025-09（封底09-25）；2026-10-03回读,2026-10-03,本轮原厂产品页/指南登记；未给当前量产或订单验收,产品族披露
R96,泰科电子(含关联方),400G QSFP112 SR4,2500929-1,11 接收耦合,待提取：本稿尚未取得该环节专项资料；不能据此断言厂商未披露,未提取/待检索,,2025-09（封底09-25）；2026-10-03回读,2026-10-03,本轮原厂产品页/指南登记；未给当前量产或订单验收,产品族披露
R96,泰科电子(含关联方),400G QSFP112 SR4,2500929-1,12 探测器,UNKNOWN：当前所用资料未给出该项型号实现（探测器与接收放大联合披露，未给出部分保持UNKNOWN）,UNKNOWN,https://www.te.com/content/dam/te-com/documents/consumer-devices/global/ddn-optical-transceivers-guide-en.pdf | TE Optics Solution Guide｜400G SR4模块详情｜PDF第5页,2025-09（封底09-25）；2026-10-03回读,2026-10-03,本轮原厂产品页/指南登记；未给当前量产或订单验收,产品族披露
R96,泰科电子(含关联方),400G QSFP112 SR4,2500929-1,13 接收放大,UNKNOWN：当前所用资料未给出该项型号实现（探测器与接收放大联合披露，未给出部分保持UNKNOWN）,UNKNOWN,https://www.te.com/content/dam/te-com/documents/consumer-devices/global/ddn-optical-transceivers-guide-en.pdf | TE Optics Solution Guide｜400G SR4模块详情｜PDF第5页,2025-09（封底09-25）；2026-10-03回读,2026-10-03,本轮原厂产品页/指南登记；未给当前量产或订单验收,产品族披露
R96,泰科电子(含关联方),400G QSFP112 SR4,2500929-1,14 控制,待提取：本稿尚未取得该环节专项资料；不能据此断言厂商未披露,未提取/待检索,,2025-09（封底09-25）；2026-10-03回读,2026-10-03,本轮原厂产品页/指南登记；未给当前量产或订单验收,产品族披露
R96,泰科电子(含关联方),400G QSFP112 SR4,2500929-1,15 非易失存储,待提取：本稿尚未取得该环节专项资料；不能据此断言厂商未披露,未提取/待检索,,2025-09（封底09-25）；2026-10-03回读,2026-10-03,本轮原厂产品页/指南登记；未给当前量产或订单验收,产品族披露
R96,泰科电子(含关联方),400G QSFP112 SR4,2500929-1,16 电源,待提取：本稿尚未取得该环节专项资料；不能据此断言厂商未披露,未提取/待检索,,2025-09（封底09-25）；2026-10-03回读,2026-10-03,本轮原厂产品页/指南登记；未给当前量产或订单验收,产品族披露
R96,泰科电子(含关联方),400G QSFP112 SR4,2500929-1,17 时钟,待提取：本稿尚未取得该环节专项资料；不能据此断言厂商未披露,未提取/待检索,,2025-09（封底09-25）；2026-10-03回读,2026-10-03,本轮原厂产品页/指南登记；未给当前量产或订单验收,产品族披露
R96,泰科电子(含关联方),400G QSFP112 SR4,2500929-1,18 无源电子件,待提取：本稿尚未取得该环节专项资料；不能据此断言厂商未披露,未提取/待检索,,2025-09（封底09-25）；2026-10-03回读,2026-10-03,本轮原厂产品页/指南登记；未给当前量产或订单验收,产品族披露
R96,泰科电子(含关联方),400G QSFP112 SR4,2500929-1,19 热管理,<9W；0–70°C；具体散热器、材料与热设计UNKNOWN,部分披露/有保留,https://www.te.com/content/dam/te-com/documents/consumer-devices/global/ddn-optical-transceivers-guide-en.pdf | TE Optics Solution Guide｜400G SR4模块详情｜PDF第5页,2025-09（封底09-25）；2026-10-03回读,2026-10-03,本轮原厂产品页/指南登记；未给当前量产或订单验收,产品族披露
R96,泰科电子(含关联方),400G QSFP112 SR4,2500929-1,20 总体封装,QSFP112；MPO12/APC（指南）,厂商直接披露,https://www.te.com/content/dam/te-com/documents/consumer-devices/global/ddn-optical-transceivers-guide-en.pdf | TE Optics Solution Guide｜400G SR4模块详情｜PDF第5页,2025-09（封底09-25）；2026-10-03回读,2026-10-03,本轮原厂产品页/指南登记；未给当前量产或订单验收,产品族披露
R97,泰科电子(含关联方),200G QSFP56 SR4,2500928-1,01 主机电接口,200GAUI-4；聚合212.5Gb/s（指南）；每电lane速率未另列,厂商直接披露,https://www.te.com/content/dam/te-com/documents/consumer-devices/global/ddn-optical-transceivers-guide-en.pdf | TE Optics Solution Guide｜200G SR4模块详情｜PDF第5页,2025-09（封底09-25）；2026-10-03回读,2026-10-03,本轮原厂产品页/指南登记；未给当前量产或订单验收,产品族披露
R97,泰科电子(含关联方),200G QSFP56 SR4,2500928-1,02 PCB与电连接,待提取：本稿尚未取得该环节专项资料；不能据此断言厂商未披露,未提取/待检索,,2025-09（封底09-25）；2026-10-03回读,2026-10-03,本轮原厂产品页/指南登记；未给当前量产或订单验收,产品族披露
R97,泰科电子(含关联方),200G QSFP56 SR4,2500928-1,03 电处理,UNKNOWN：当前所用资料未给出该项型号实现,UNKNOWN,https://www.te.com/content/dam/te-com/documents/consumer-devices/global/ddn-optical-transceivers-guide-en.pdf | TE Optics Solution Guide｜200G SR4模块详情｜PDF第5页,2025-09（封底09-25）；2026-10-03回读,2026-10-03,本轮原厂产品页/指南登记；未给当前量产或订单验收,产品族披露
R97,泰科电子(含关联方),200G QSFP56 SR4,2500928-1,04 驱动,待提取：本稿尚未取得该环节专项资料；不能据此断言厂商未披露,未提取/待检索,,2025-09（封底09-25）；2026-10-03回读,2026-10-03,本轮原厂产品页/指南登记；未给当前量产或订单验收,产品族披露
R97,泰科电子(含关联方),200G QSFP56 SR4,2500928-1,05 发光与调制,UNKNOWN：当前所用资料未给出该项型号实现,UNKNOWN,https://www.te.com/content/dam/te-com/documents/consumer-devices/global/ddn-optical-transceivers-guide-en.pdf | TE Optics Solution Guide｜200G SR4模块详情｜PDF第5页,2025-09（封底09-25）；2026-10-03回读,2026-10-03,本轮原厂产品页/指南登记；未给当前量产或订单验收,产品族披露
R97,泰科电子(含关联方),200G QSFP56 SR4,2500928-1,06 载体与芯片互连,待提取：本稿尚未取得该环节专项资料；不能据此断言厂商未披露,未提取/待检索,,2025-09（封底09-25）；2026-10-03回读,2026-10-03,本轮原厂产品页/指南登记；未给当前量产或订单验收,产品族披露
R97,泰科电子(含关联方),200G QSFP56 SR4,2500928-1,07 发射耦合,待提取：本稿尚未取得该环节专项资料；不能据此断言厂商未披露,未提取/待检索,,2025-09（封底09-25）；2026-10-03回读,2026-10-03,本轮原厂产品页/指南登记；未给当前量产或订单验收,产品族披露
R97,泰科电子(含关联方),200G QSFP56 SR4,2500928-1,08 合波,UNKNOWN：当前所用资料未给出该项型号实现,UNKNOWN,https://www.te.com/content/dam/te-com/documents/consumer-devices/global/ddn-optical-transceivers-guide-en.pdf | TE Optics Solution Guide｜200G SR4模块详情｜PDF第5页,2025-09（封底09-25）；2026-10-03回读,2026-10-03,本轮原厂产品页/指南登记；未给当前量产或订单验收,产品族披露
R97,泰科电子(含关联方),200G QSFP56 SR4,2500928-1,09 外部光接口,200GBASE-SR4；四路全双工；距离：OM3 70m/OM4 100m（需FEC）；光纤接口见封装字段：QSFP56；MPO12/UPC,厂商直接披露,https://www.te.com/content/dam/te-com/documents/consumer-devices/global/ddn-optical-transceivers-guide-en.pdf | TE Optics Solution Guide｜200G SR4模块详情｜PDF第5页,2025-09（封底09-25）；2026-10-03回读,2026-10-03,本轮原厂产品页/指南登记；未给当前量产或订单验收,产品族披露
R97,泰科电子(含关联方),200G QSFP56 SR4,2500928-1,10 分波,UNKNOWN：当前所用资料未给出该项型号实现,UNKNOWN,https://www.te.com/content/dam/te-com/documents/consumer-devices/global/ddn-optical-transceivers-guide-en.pdf | TE Optics Solution Guide｜200G SR4模块详情｜PDF第5页,2025-09（封底09-25）；2026-10-03回读,2026-10-03,本轮原厂产品页/指南登记；未给当前量产或订单验收,产品族披露
R97,泰科电子(含关联方),200G QSFP56 SR4,2500928-1,11 接收耦合,待提取：本稿尚未取得该环节专项资料；不能据此断言厂商未披露,未提取/待检索,,2025-09（封底09-25）；2026-10-03回读,2026-10-03,本轮原厂产品页/指南登记；未给当前量产或订单验收,产品族披露
R97,泰科电子(含关联方),200G QSFP56 SR4,2500928-1,12 探测器,UNKNOWN：当前所用资料未给出该项型号实现（探测器与接收放大联合披露，未给出部分保持UNKNOWN）,UNKNOWN,https://www.te.com/content/dam/te-com/documents/consumer-devices/global/ddn-optical-transceivers-guide-en.pdf | TE Optics Solution Guide｜200G SR4模块详情｜PDF第5页,2025-09（封底09-25）；2026-10-03回读,2026-10-03,本轮原厂产品页/指南登记；未给当前量产或订单验收,产品族披露
R97,泰科电子(含关联方),200G QSFP56 SR4,2500928-1,13 接收放大,UNKNOWN：当前所用资料未给出该项型号实现（探测器与接收放大联合披露，未给出部分保持UNKNOWN）,UNKNOWN,https://www.te.com/content/dam/te-com/documents/consumer-devices/global/ddn-optical-transceivers-guide-en.pdf | TE Optics Solution Guide｜200G SR4模块详情｜PDF第5页,2025-09（封底09-25）；2026-10-03回读,2026-10-03,本轮原厂产品页/指南登记；未给当前量产或订单验收,产品族披露
R97,泰科电子(含关联方),200G QSFP56 SR4,2500928-1,14 控制,待提取：本稿尚未取得该环节专项资料；不能据此断言厂商未披露,未提取/待检索,,2025-09（封底09-25）；2026-10-03回读,2026-10-03,本轮原厂产品页/指南登记；未给当前量产或订单验收,产品族披露
R97,泰科电子(含关联方),200G QSFP56 SR4,2500928-1,15 非易失存储,待提取：本稿尚未取得该环节专项资料；不能据此断言厂商未披露,未提取/待检索,,2025-09（封底09-25）；2026-10-03回读,2026-10-03,本轮原厂产品页/指南登记；未给当前量产或订单验收,产品族披露
R97,泰科电子(含关联方),200G QSFP56 SR4,2500928-1,16 电源,待提取：本稿尚未取得该环节专项资料；不能据此断言厂商未披露,未提取/待检索,,2025-09（封底09-25）；2026-10-03回读,2026-10-03,本轮原厂产品页/指南登记；未给当前量产或订单验收,产品族披露
R97,泰科电子(含关联方),200G QSFP56 SR4,2500928-1,17 时钟,待提取：本稿尚未取得该环节专项资料；不能据此断言厂商未披露,未提取/待检索,,2025-09（封底09-25）；2026-10-03回读,2026-10-03,本轮原厂产品页/指南登记；未给当前量产或订单验收,产品族披露
R97,泰科电子(含关联方),200G QSFP56 SR4,2500928-1,18 无源电子件,待提取：本稿尚未取得该环节专项资料；不能据此断言厂商未披露,未提取/待检索,,2025-09（封底09-25）；2026-10-03回读,2026-10-03,本轮原厂产品页/指南登记；未给当前量产或订单验收,产品族披露
R97,泰科电子(含关联方),200G QSFP56 SR4,2500928-1,19 热管理,<4.5W；0–70°C；具体散热器、材料与热设计UNKNOWN,部分披露/有保留,https://www.te.com/content/dam/te-com/documents/consumer-devices/global/ddn-optical-transceivers-guide-en.pdf | TE Optics Solution Guide｜200G SR4模块详情｜PDF第5页,2025-09（封底09-25）；2026-10-03回读,2026-10-03,本轮原厂产品页/指南登记；未给当前量产或订单验收,产品族披露
R97,泰科电子(含关联方),200G QSFP56 SR4,2500928-1,20 总体封装,QSFP56；MPO12/UPC,厂商直接披露,https://www.te.com/content/dam/te-com/documents/consumer-devices/global/ddn-optical-transceivers-guide-en.pdf | TE Optics Solution Guide｜200G SR4模块详情｜PDF第5页,2025-09（封底09-25）；2026-10-03回读,2026-10-03,本轮原厂产品页/指南登记；未给当前量产或订单验收,产品族披露
R98,泰科电子(含关联方),800G OSFP AOC,2497177-1至-8（1/2/3/5/10/15/20/30m）,01 主机电接口,800GAUI-8；每通道最高106Gb/s PAM4,厂商直接披露,https://www.te.com/content/dam/te-com/documents/consumer-devices/global/ddn-optical-transceivers-guide-en.pdf | TE Optics Solution Guide｜800G OSFP AOC详情与长度料号｜PDF第7页,2025-09（封底09-25）；2026-10-03回读,2026-10-03,本轮原厂产品页/指南登记；未给当前量产或订单验收,产品族披露
R98,泰科电子(含关联方),800G OSFP AOC,2497177-1至-8（1/2/3/5/10/15/20/30m）,02 PCB与电连接,待提取：本稿尚未取得该环节专项资料；不能据此断言厂商未披露,未提取/待检索,,2025-09（封底09-25）；2026-10-03回读,2026-10-03,本轮原厂产品页/指南登记；未给当前量产或订单验收,产品族披露
R98,泰科电子(含关联方),800G OSFP AOC,2497177-1至-8（1/2/3/5/10/15/20/30m）,03 电处理,UNKNOWN：当前所用资料未给出该项型号实现,UNKNOWN,https://www.te.com/content/dam/te-com/documents/consumer-devices/global/ddn-optical-transceivers-guide-en.pdf | TE Optics Solution Guide｜800G OSFP AOC详情与长度料号｜PDF第7页,2025-09（封底09-25）；2026-10-03回读,2026-10-03,本轮原厂产品页/指南登记；未给当前量产或订单验收,产品族披露
R98,泰科电子(含关联方),800G OSFP AOC,2497177-1至-8（1/2/3/5/10/15/20/30m）,04 驱动,待提取：本稿尚未取得该环节专项资料；不能据此断言厂商未披露,未提取/待检索,,2025-09（封底09-25）；2026-10-03回读,2026-10-03,本轮原厂产品页/指南登记；未给当前量产或订单验收,产品族披露
R98,泰科电子(含关联方),800G OSFP AOC,2497177-1至-8（1/2/3/5/10/15/20/30m）,05 发光与调制,集成850nm VCSEL阵列,厂商直接披露,https://www.te.com/content/dam/te-com/documents/consumer-devices/global/ddn-optical-transceivers-guide-en.pdf | TE Optics Solution Guide｜800G OSFP AOC详情与长度料号｜PDF第7页,2025-09（封底09-25）；2026-10-03回读,2026-10-03,本轮原厂产品页/指南登记；未给当前量产或订单验收,产品族披露
R98,泰科电子(含关联方),800G OSFP AOC,2497177-1至-8（1/2/3/5/10/15/20/30m）,06 载体与芯片互连,待提取：本稿尚未取得该环节专项资料；不能据此断言厂商未披露,未提取/待检索,,2025-09（封底09-25）；2026-10-03回读,2026-10-03,本轮原厂产品页/指南登记；未给当前量产或订单验收,产品族披露
R98,泰科电子(含关联方),800G OSFP AOC,2497177-1至-8（1/2/3/5/10/15/20/30m）,07 发射耦合,待提取：本稿尚未取得该环节专项资料；不能据此断言厂商未披露,未提取/待检索,,2025-09（封底09-25）；2026-10-03回读,2026-10-03,本轮原厂产品页/指南登记；未给当前量产或订单验收,产品族披露
R98,泰科电子(含关联方),800G OSFP AOC,2497177-1至-8（1/2/3/5/10/15/20/30m）,08 合波,UNKNOWN：当前所用资料未给出该项型号实现,UNKNOWN,https://www.te.com/content/dam/te-com/documents/consumer-devices/global/ddn-optical-transceivers-guide-en.pdf | TE Optics Solution Guide｜800G OSFP AOC详情与长度料号｜PDF第7页,2025-09（封底09-25）；2026-10-03回读,2026-10-03,本轮原厂产品页/指南登记；未给当前量产或订单验收,产品族披露
R98,泰科电子(含关联方),800G OSFP AOC,2497177-1至-8（1/2/3/5/10/15/20/30m）,09 外部光接口,850nm多模有源光缆；具体端内lane配对未给；距离：订货长度1–30m；光纤接口见封装字段：OSFP两端AOC,厂商直接披露,https://www.te.com/content/dam/te-com/documents/consumer-devices/global/ddn-optical-transceivers-guide-en.pdf | TE Optics Solution Guide｜800G OSFP AOC详情与长度料号｜PDF第7页,2025-09（封底09-25）；2026-10-03回读,2026-10-03,本轮原厂产品页/指南登记；未给当前量产或订单验收,产品族披露
R98,泰科电子(含关联方),800G OSFP AOC,2497177-1至-8（1/2/3/5/10/15/20/30m）,10 分波,UNKNOWN：当前所用资料未给出该项型号实现,UNKNOWN,https://www.te.com/content/dam/te-com/documents/consumer-devices/global/ddn-optical-transceivers-guide-en.pdf | TE Optics Solution Guide｜800G OSFP AOC详情与长度料号｜PDF第7页,2025-09（封底09-25）；2026-10-03回读,2026-10-03,本轮原厂产品页/指南登记；未给当前量产或订单验收,产品族披露
R98,泰科电子(含关联方),800G OSFP AOC,2497177-1至-8（1/2/3/5/10/15/20/30m）,11 接收耦合,待提取：本稿尚未取得该环节专项资料；不能据此断言厂商未披露,未提取/待检索,,2025-09（封底09-25）；2026-10-03回读,2026-10-03,本轮原厂产品页/指南登记；未给当前量产或订单验收,产品族披露
R98,泰科电子(含关联方),800G OSFP AOC,2497177-1至-8（1/2/3/5/10/15/20/30m）,12 探测器,集成PD阵列；结构/材料、TIA未列（探测器与接收放大联合披露，未给出部分保持UNKNOWN）,部分披露/有保留,https://www.te.com/content/dam/te-com/documents/consumer-devices/global/ddn-optical-transceivers-guide-en.pdf | TE Optics Solution Guide｜800G OSFP AOC详情与长度料号｜PDF第7页,2025-09（封底09-25）；2026-10-03回读,2026-10-03,本轮原厂产品页/指南登记；未给当前量产或订单验收,产品族披露
R98,泰科电子(含关联方),800G OSFP AOC,2497177-1至-8（1/2/3/5/10/15/20/30m）,13 接收放大,集成PD阵列；结构/材料、TIA未列（探测器与接收放大联合披露，未给出部分保持UNKNOWN）,部分披露/有保留,https://www.te.com/content/dam/te-com/documents/consumer-devices/global/ddn-optical-transceivers-guide-en.pdf | TE Optics Solution Guide｜800G OSFP AOC详情与长度料号｜PDF第7页,2025-09（封底09-25）；2026-10-03回读,2026-10-03,本轮原厂产品页/指南登记；未给当前量产或订单验收,产品族披露
R98,泰科电子(含关联方),800G OSFP AOC,2497177-1至-8（1/2/3/5/10/15/20/30m）,14 控制,待提取：本稿尚未取得该环节专项资料；不能据此断言厂商未披露,未提取/待检索,,2025-09（封底09-25）；2026-10-03回读,2026-10-03,本轮原厂产品页/指南登记；未给当前量产或订单验收,产品族披露
R98,泰科电子(含关联方),800G OSFP AOC,2497177-1至-8（1/2/3/5/10/15/20/30m）,15 非易失存储,待提取：本稿尚未取得该环节专项资料；不能据此断言厂商未披露,未提取/待检索,,2025-09（封底09-25）；2026-10-03回读,2026-10-03,本轮原厂产品页/指南登记；未给当前量产或订单验收,产品族披露
R98,泰科电子(含关联方),800G OSFP AOC,2497177-1至-8（1/2/3/5/10/15/20/30m）,16 电源,待提取：本稿尚未取得该环节专项资料；不能据此断言厂商未披露,未提取/待检索,,2025-09（封底09-25）；2026-10-03回读,2026-10-03,本轮原厂产品页/指南登记；未给当前量产或订单验收,产品族披露
R98,泰科电子(含关联方),800G OSFP AOC,2497177-1至-8（1/2/3/5/10/15/20/30m）,17 时钟,待提取：本稿尚未取得该环节专项资料；不能据此断言厂商未披露,未提取/待检索,,2025-09（封底09-25）；2026-10-03回读,2026-10-03,本轮原厂产品页/指南登记；未给当前量产或订单验收,产品族披露
R98,泰科电子(含关联方),800G OSFP AOC,2497177-1至-8（1/2/3/5/10/15/20/30m）,18 无源电子件,待提取：本稿尚未取得该环节专项资料；不能据此断言厂商未披露,未提取/待检索,,2025-09（封底09-25）；2026-10-03回读,2026-10-03,本轮原厂产品页/指南登记；未给当前量产或订单验收,产品族披露
R98,泰科电子(含关联方),800G OSFP AOC,2497177-1至-8（1/2/3/5/10/15/20/30m）,19 热管理,3.3V；该段未列功耗；具体散热器、材料与热设计UNKNOWN,部分披露/有保留,https://www.te.com/content/dam/te-com/documents/consumer-devices/global/ddn-optical-transceivers-guide-en.pdf | TE Optics Solution Guide｜800G OSFP AOC详情与长度料号｜PDF第7页,2025-09（封底09-25）；2026-10-03回读,2026-10-03,本轮原厂产品页/指南登记；未给当前量产或订单验收,产品族披露
R98,泰科电子(含关联方),800G OSFP AOC,2497177-1至-8（1/2/3/5/10/15/20/30m）,20 总体封装,OSFP两端AOC,厂商直接披露,https://www.te.com/content/dam/te-com/documents/consumer-devices/global/ddn-optical-transceivers-guide-en.pdf | TE Optics Solution Guide｜800G OSFP AOC详情与长度料号｜PDF第7页,2025-09（封底09-25）；2026-10-03回读,2026-10-03,本轮原厂产品页/指南登记；未给当前量产或订单验收,产品族披露
R99,泰科电子(含关联方),1.6T OSFP 2×DR4 SiPh,UNKNOWN：概览图料号与该标签未可靠配对,01 主机电接口,UNKNOWN：当前所用资料未给出该项型号实现,UNKNOWN,https://www.te.com/content/dam/te-com/documents/consumer-devices/global/ddn-optical-transceivers-guide-en.pdf | TE Optics Solution Guide｜产品组合概览中的SiPh标签｜PDF第2页,2025-09（封底09-25）；2026-10-03回读,2026-10-03,本轮原厂产品页/指南登记；未给当前量产或订单验收,产品族披露
R99,泰科电子(含关联方),1.6T OSFP 2×DR4 SiPh,UNKNOWN：概览图料号与该标签未可靠配对,02 PCB与电连接,待提取：本稿尚未取得该环节专项资料；不能据此断言厂商未披露,未提取/待检索,,2025-09（封底09-25）；2026-10-03回读,2026-10-03,本轮原厂产品页/指南登记；未给当前量产或订单验收,产品族披露
R99,泰科电子(含关联方),1.6T OSFP 2×DR4 SiPh,UNKNOWN：概览图料号与该标签未可靠配对,03 电处理,UNKNOWN：当前所用资料未给出该项型号实现,UNKNOWN,https://www.te.com/content/dam/te-com/documents/consumer-devices/global/ddn-optical-transceivers-guide-en.pdf | TE Optics Solution Guide｜产品组合概览中的SiPh标签｜PDF第2页,2025-09（封底09-25）；2026-10-03回读,2026-10-03,本轮原厂产品页/指南登记；未给当前量产或订单验收,产品族披露
R99,泰科电子(含关联方),1.6T OSFP 2×DR4 SiPh,UNKNOWN：概览图料号与该标签未可靠配对,04 驱动,待提取：本稿尚未取得该环节专项资料；不能据此断言厂商未披露,未提取/待检索,,2025-09（封底09-25）；2026-10-03回读,2026-10-03,本轮原厂产品页/指南登记；未给当前量产或订单验收,产品族披露
R99,泰科电子(含关联方),1.6T OSFP 2×DR4 SiPh,UNKNOWN：概览图料号与该标签未可靠配对,05 发光与调制,SiPh硅光（概览标签）；激光器未列,部分披露/有保留,https://www.te.com/content/dam/te-com/documents/consumer-devices/global/ddn-optical-transceivers-guide-en.pdf | TE Optics Solution Guide｜产品组合概览中的SiPh标签｜PDF第2页,2025-09（封底09-25）；2026-10-03回读,2026-10-03,本轮原厂产品页/指南登记；未给当前量产或订单验收,产品族披露
R99,泰科电子(含关联方),1.6T OSFP 2×DR4 SiPh,UNKNOWN：概览图料号与该标签未可靠配对,06 载体与芯片互连,待提取：本稿尚未取得该环节专项资料；不能据此断言厂商未披露,未提取/待检索,,2025-09（封底09-25）；2026-10-03回读,2026-10-03,本轮原厂产品页/指南登记；未给当前量产或订单验收,产品族披露
R99,泰科电子(含关联方),1.6T OSFP 2×DR4 SiPh,UNKNOWN：概览图料号与该标签未可靠配对,07 发射耦合,待提取：本稿尚未取得该环节专项资料；不能据此断言厂商未披露,未提取/待检索,,2025-09（封底09-25）；2026-10-03回读,2026-10-03,本轮原厂产品页/指南登记；未给当前量产或订单验收,产品族披露
R99,泰科电子(含关联方),1.6T OSFP 2×DR4 SiPh,UNKNOWN：概览图料号与该标签未可靠配对,08 合波,UNKNOWN：当前所用资料未给出该项型号实现,UNKNOWN,https://www.te.com/content/dam/te-com/documents/consumer-devices/global/ddn-optical-transceivers-guide-en.pdf | TE Optics Solution Guide｜产品组合概览中的SiPh标签｜PDF第2页,2025-09（封底09-25）；2026-10-03回读,2026-10-03,本轮原厂产品页/指南登记；未给当前量产或订单验收,产品族披露
R99,泰科电子(含关联方),1.6T OSFP 2×DR4 SiPh,UNKNOWN：概览图料号与该标签未可靠配对,09 外部光接口,1.6T；2×DR4；距离：UNKNOWN：当前所用资料未给出该项型号实现；光纤接口见封装字段：OSFP,部分披露/有保留,https://www.te.com/content/dam/te-com/documents/consumer-devices/global/ddn-optical-transceivers-guide-en.pdf | TE Optics Solution Guide｜产品组合概览中的SiPh标签｜PDF第2页,2025-09（封底09-25）；2026-10-03回读,2026-10-03,本轮原厂产品页/指南登记；未给当前量产或订单验收,产品族披露
R99,泰科电子(含关联方),1.6T OSFP 2×DR4 SiPh,UNKNOWN：概览图料号与该标签未可靠配对,10 分波,UNKNOWN：当前所用资料未给出该项型号实现,UNKNOWN,https://www.te.com/content/dam/te-com/documents/consumer-devices/global/ddn-optical-transceivers-guide-en.pdf | TE Optics Solution Guide｜产品组合概览中的SiPh标签｜PDF第2页,2025-09（封底09-25）；2026-10-03回读,2026-10-03,本轮原厂产品页/指南登记；未给当前量产或订单验收,产品族披露
R99,泰科电子(含关联方),1.6T OSFP 2×DR4 SiPh,UNKNOWN：概览图料号与该标签未可靠配对,11 接收耦合,待提取：本稿尚未取得该环节专项资料；不能据此断言厂商未披露,未提取/待检索,,2025-09（封底09-25）；2026-10-03回读,2026-10-03,本轮原厂产品页/指南登记；未给当前量产或订单验收,产品族披露
R99,泰科电子(含关联方),1.6T OSFP 2×DR4 SiPh,UNKNOWN：概览图料号与该标签未可靠配对,12 探测器,UNKNOWN：当前所用资料未给出该项型号实现（探测器与接收放大联合披露，未给出部分保持UNKNOWN）,UNKNOWN,https://www.te.com/content/dam/te-com/documents/consumer-devices/global/ddn-optical-transceivers-guide-en.pdf | TE Optics Solution Guide｜产品组合概览中的SiPh标签｜PDF第2页,2025-09（封底09-25）；2026-10-03回读,2026-10-03,本轮原厂产品页/指南登记；未给当前量产或订单验收,产品族披露
R99,泰科电子(含关联方),1.6T OSFP 2×DR4 SiPh,UNKNOWN：概览图料号与该标签未可靠配对,13 接收放大,UNKNOWN：当前所用资料未给出该项型号实现（探测器与接收放大联合披露，未给出部分保持UNKNOWN）,UNKNOWN,https://www.te.com/content/dam/te-com/documents/consumer-devices/global/ddn-optical-transceivers-guide-en.pdf | TE Optics Solution Guide｜产品组合概览中的SiPh标签｜PDF第2页,2025-09（封底09-25）；2026-10-03回读,2026-10-03,本轮原厂产品页/指南登记；未给当前量产或订单验收,产品族披露
R99,泰科电子(含关联方),1.6T OSFP 2×DR4 SiPh,UNKNOWN：概览图料号与该标签未可靠配对,14 控制,待提取：本稿尚未取得该环节专项资料；不能据此断言厂商未披露,未提取/待检索,,2025-09（封底09-25）；2026-10-03回读,2026-10-03,本轮原厂产品页/指南登记；未给当前量产或订单验收,产品族披露
R99,泰科电子(含关联方),1.6T OSFP 2×DR4 SiPh,UNKNOWN：概览图料号与该标签未可靠配对,15 非易失存储,待提取：本稿尚未取得该环节专项资料；不能据此断言厂商未披露,未提取/待检索,,2025-09（封底09-25）；2026-10-03回读,2026-10-03,本轮原厂产品页/指南登记；未给当前量产或订单验收,产品族披露
R99,泰科电子(含关联方),1.6T OSFP 2×DR4 SiPh,UNKNOWN：概览图料号与该标签未可靠配对,16 电源,待提取：本稿尚未取得该环节专项资料；不能据此断言厂商未披露,未提取/待检索,,2025-09（封底09-25）；2026-10-03回读,2026-10-03,本轮原厂产品页/指南登记；未给当前量产或订单验收,产品族披露
R99,泰科电子(含关联方),1.6T OSFP 2×DR4 SiPh,UNKNOWN：概览图料号与该标签未可靠配对,17 时钟,待提取：本稿尚未取得该环节专项资料；不能据此断言厂商未披露,未提取/待检索,,2025-09（封底09-25）；2026-10-03回读,2026-10-03,本轮原厂产品页/指南登记；未给当前量产或订单验收,产品族披露
R99,泰科电子(含关联方),1.6T OSFP 2×DR4 SiPh,UNKNOWN：概览图料号与该标签未可靠配对,18 无源电子件,待提取：本稿尚未取得该环节专项资料；不能据此断言厂商未披露,未提取/待检索,,2025-09（封底09-25）；2026-10-03回读,2026-10-03,本轮原厂产品页/指南登记；未给当前量产或订单验收,产品族披露
R99,泰科电子(含关联方),1.6T OSFP 2×DR4 SiPh,UNKNOWN：概览图料号与该标签未可靠配对,19 热管理,UNKNOWN：当前所用资料未给出该项型号实现；具体散热器、材料与热设计UNKNOWN,UNKNOWN,https://www.te.com/content/dam/te-com/documents/consumer-devices/global/ddn-optical-transceivers-guide-en.pdf | TE Optics Solution Guide｜产品组合概览中的SiPh标签｜PDF第2页,2025-09（封底09-25）；2026-10-03回读,2026-10-03,本轮原厂产品页/指南登记；未给当前量产或订单验收,产品族披露
R99,泰科电子(含关联方),1.6T OSFP 2×DR4 SiPh,UNKNOWN：概览图料号与该标签未可靠配对,20 总体封装,OSFP,厂商直接披露,https://www.te.com/content/dam/te-com/documents/consumer-devices/global/ddn-optical-transceivers-guide-en.pdf | TE Optics Solution Guide｜产品组合概览中的SiPh标签｜PDF第2页,2025-09（封底09-25）；2026-10-03回读,2026-10-03,本轮原厂产品页/指南登记；未给当前量产或订单验收,产品族披露
R100,泰科电子(含关联方),800G OSFP-RHS DR8 LPO,UNKNOWN：概览图料号与该标签未可靠配对,01 主机电接口,UNKNOWN：当前所用资料未给出该项型号实现,UNKNOWN,https://www.te.com/content/dam/te-com/documents/consumer-devices/global/ddn-optical-transceivers-guide-en.pdf | TE Optics Solution Guide｜产品组合概览中的LPO标签｜PDF第2页,2025-09（封底09-25）；2026-10-03回读,2026-10-03,本轮原厂产品页/指南登记；未给当前量产或订单验收,产品族披露
R100,泰科电子(含关联方),800G OSFP-RHS DR8 LPO,UNKNOWN：概览图料号与该标签未可靠配对,02 PCB与电连接,待提取：本稿尚未取得该环节专项资料；不能据此断言厂商未披露,未提取/待检索,,2025-09（封底09-25）；2026-10-03回读,2026-10-03,本轮原厂产品页/指南登记；未给当前量产或订单验收,产品族披露
R100,泰科电子(含关联方),800G OSFP-RHS DR8 LPO,UNKNOWN：概览图料号与该标签未可靠配对,03 电处理,LPO线性架构（概览标签）；具体驱动/接收芯片及主机分工未列,部分披露/有保留,https://www.te.com/content/dam/te-com/documents/consumer-devices/global/ddn-optical-transceivers-guide-en.pdf | TE Optics Solution Guide｜产品组合概览中的LPO标签｜PDF第2页,2025-09（封底09-25）；2026-10-03回读,2026-10-03,本轮原厂产品页/指南登记；未给当前量产或订单验收,产品族披露
R100,泰科电子(含关联方),800G OSFP-RHS DR8 LPO,UNKNOWN：概览图料号与该标签未可靠配对,04 驱动,LPO线性架构（概览标签）；具体驱动/接收芯片及主机分工未列（本项仅提取驱动相关披露）,部分披露/有保留,https://www.te.com/content/dam/te-com/documents/consumer-devices/global/ddn-optical-transceivers-guide-en.pdf | TE Optics Solution Guide｜产品组合概览中的LPO标签｜PDF第2页,2025-09（封底09-25）；2026-10-03回读,2026-10-03,本轮原厂产品页/指南登记；未给当前量产或订单验收,产品族披露
R100,泰科电子(含关联方),800G OSFP-RHS DR8 LPO,UNKNOWN：概览图料号与该标签未可靠配对,05 发光与调制,UNKNOWN：当前所用资料未给出该项型号实现,UNKNOWN,https://www.te.com/content/dam/te-com/documents/consumer-devices/global/ddn-optical-transceivers-guide-en.pdf | TE Optics Solution Guide｜产品组合概览中的LPO标签｜PDF第2页,2025-09（封底09-25）；2026-10-03回读,2026-10-03,本轮原厂产品页/指南登记；未给当前量产或订单验收,产品族披露
R100,泰科电子(含关联方),800G OSFP-RHS DR8 LPO,UNKNOWN：概览图料号与该标签未可靠配对,06 载体与芯片互连,待提取：本稿尚未取得该环节专项资料；不能据此断言厂商未披露,未提取/待检索,,2025-09（封底09-25）；2026-10-03回读,2026-10-03,本轮原厂产品页/指南登记；未给当前量产或订单验收,产品族披露
R100,泰科电子(含关联方),800G OSFP-RHS DR8 LPO,UNKNOWN：概览图料号与该标签未可靠配对,07 发射耦合,待提取：本稿尚未取得该环节专项资料；不能据此断言厂商未披露,未提取/待检索,,2025-09（封底09-25）；2026-10-03回读,2026-10-03,本轮原厂产品页/指南登记；未给当前量产或订单验收,产品族披露
R100,泰科电子(含关联方),800G OSFP-RHS DR8 LPO,UNKNOWN：概览图料号与该标签未可靠配对,08 合波,UNKNOWN：当前所用资料未给出该项型号实现,UNKNOWN,https://www.te.com/content/dam/te-com/documents/consumer-devices/global/ddn-optical-transceivers-guide-en.pdf | TE Optics Solution Guide｜产品组合概览中的LPO标签｜PDF第2页,2025-09（封底09-25）；2026-10-03回读,2026-10-03,本轮原厂产品页/指南登记；未给当前量产或订单验收,产品族披露
R100,泰科电子(含关联方),800G OSFP-RHS DR8 LPO,UNKNOWN：概览图料号与该标签未可靠配对,09 外部光接口,800G DR8；距离：UNKNOWN：当前所用资料未给出该项型号实现；光纤接口见封装字段：OSFP-RHS,部分披露/有保留,https://www.te.com/content/dam/te-com/documents/consumer-devices/global/ddn-optical-transceivers-guide-en.pdf | TE Optics Solution Guide｜产品组合概览中的LPO标签｜PDF第2页,2025-09（封底09-25）；2026-10-03回读,2026-10-03,本轮原厂产品页/指南登记；未给当前量产或订单验收,产品族披露
R100,泰科电子(含关联方),800G OSFP-RHS DR8 LPO,UNKNOWN：概览图料号与该标签未可靠配对,10 分波,UNKNOWN：当前所用资料未给出该项型号实现,UNKNOWN,https://www.te.com/content/dam/te-com/documents/consumer-devices/global/ddn-optical-transceivers-guide-en.pdf | TE Optics Solution Guide｜产品组合概览中的LPO标签｜PDF第2页,2025-09（封底09-25）；2026-10-03回读,2026-10-03,本轮原厂产品页/指南登记；未给当前量产或订单验收,产品族披露
R100,泰科电子(含关联方),800G OSFP-RHS DR8 LPO,UNKNOWN：概览图料号与该标签未可靠配对,11 接收耦合,待提取：本稿尚未取得该环节专项资料；不能据此断言厂商未披露,未提取/待检索,,2025-09（封底09-25）；2026-10-03回读,2026-10-03,本轮原厂产品页/指南登记；未给当前量产或订单验收,产品族披露
R100,泰科电子(含关联方),800G OSFP-RHS DR8 LPO,UNKNOWN：概览图料号与该标签未可靠配对,12 探测器,UNKNOWN：当前所用资料未给出该项型号实现（探测器与接收放大联合披露，未给出部分保持UNKNOWN）,UNKNOWN,https://www.te.com/content/dam/te-com/documents/consumer-devices/global/ddn-optical-transceivers-guide-en.pdf | TE Optics Solution Guide｜产品组合概览中的LPO标签｜PDF第2页,2025-09（封底09-25）；2026-10-03回读,2026-10-03,本轮原厂产品页/指南登记；未给当前量产或订单验收,产品族披露
R100,泰科电子(含关联方),800G OSFP-RHS DR8 LPO,UNKNOWN：概览图料号与该标签未可靠配对,13 接收放大,UNKNOWN：当前所用资料未给出该项型号实现（探测器与接收放大联合披露，未给出部分保持UNKNOWN）,UNKNOWN,https://www.te.com/content/dam/te-com/documents/consumer-devices/global/ddn-optical-transceivers-guide-en.pdf | TE Optics Solution Guide｜产品组合概览中的LPO标签｜PDF第2页,2025-09（封底09-25）；2026-10-03回读,2026-10-03,本轮原厂产品页/指南登记；未给当前量产或订单验收,产品族披露
R100,泰科电子(含关联方),800G OSFP-RHS DR8 LPO,UNKNOWN：概览图料号与该标签未可靠配对,14 控制,待提取：本稿尚未取得该环节专项资料；不能据此断言厂商未披露,未提取/待检索,,2025-09（封底09-25）；2026-10-03回读,2026-10-03,本轮原厂产品页/指南登记；未给当前量产或订单验收,产品族披露
R100,泰科电子(含关联方),800G OSFP-RHS DR8 LPO,UNKNOWN：概览图料号与该标签未可靠配对,15 非易失存储,待提取：本稿尚未取得该环节专项资料；不能据此断言厂商未披露,未提取/待检索,,2025-09（封底09-25）；2026-10-03回读,2026-10-03,本轮原厂产品页/指南登记；未给当前量产或订单验收,产品族披露
R100,泰科电子(含关联方),800G OSFP-RHS DR8 LPO,UNKNOWN：概览图料号与该标签未可靠配对,16 电源,待提取：本稿尚未取得该环节专项资料；不能据此断言厂商未披露,未提取/待检索,,2025-09（封底09-25）；2026-10-03回读,2026-10-03,本轮原厂产品页/指南登记；未给当前量产或订单验收,产品族披露
R100,泰科电子(含关联方),800G OSFP-RHS DR8 LPO,UNKNOWN：概览图料号与该标签未可靠配对,17 时钟,待提取：本稿尚未取得该环节专项资料；不能据此断言厂商未披露,未提取/待检索,,2025-09（封底09-25）；2026-10-03回读,2026-10-03,本轮原厂产品页/指南登记；未给当前量产或订单验收,产品族披露
R100,泰科电子(含关联方),800G OSFP-RHS DR8 LPO,UNKNOWN：概览图料号与该标签未可靠配对,18 无源电子件,待提取：本稿尚未取得该环节专项资料；不能据此断言厂商未披露,未提取/待检索,,2025-09（封底09-25）；2026-10-03回读,2026-10-03,本轮原厂产品页/指南登记；未给当前量产或订单验收,产品族披露
R100,泰科电子(含关联方),800G OSFP-RHS DR8 LPO,UNKNOWN：概览图料号与该标签未可靠配对,19 热管理,UNKNOWN：当前所用资料未给出该项型号实现；具体散热器、材料与热设计UNKNOWN,UNKNOWN,https://www.te.com/content/dam/te-com/documents/consumer-devices/global/ddn-optical-transceivers-guide-en.pdf | TE Optics Solution Guide｜产品组合概览中的LPO标签｜PDF第2页,2025-09（封底09-25）；2026-10-03回读,2026-10-03,本轮原厂产品页/指南登记；未给当前量产或订单验收,产品族披露
R100,泰科电子(含关联方),800G OSFP-RHS DR8 LPO,UNKNOWN：概览图料号与该标签未可靠配对,20 总体封装,OSFP-RHS,厂商直接披露,https://www.te.com/content/dam/te-com/documents/consumer-devices/global/ddn-optical-transceivers-guide-en.pdf | TE Optics Solution Guide｜产品组合概览中的LPO标签｜PDF第2页,2025-09（封底09-25）；2026-10-03回读,2026-10-03,本轮原厂产品页/指南登记；未给当前量产或订单验收,产品族披露
R101,Applied Optoelectronics(AAOI),800G OSFP DR8,A8SMANQ8EDLA1677,01 主机电接口,8×100G；3.3V供电；电接口内部处理未列。,部分披露/有保留,"https://ao-inc.com/assets/resources-element-files/English/800G_OSFP_DR8_datasheet.pdf | AOI 800G OSFP DR8 datasheet，RD-4039A / 80-21-1629 A001
https://ao-inc.com/products/optical-transceivers/ | AOI Optical Transceivers（当前公开目录）",UNKNOWN（PDF未列发布日期）；UNKNOWN,2026-10-03,公开datasheet/可订型号；该型号具体出货阶段未披露。,产品族披露
R101,Applied Optoelectronics(AAOI),800G OSFP DR8,A8SMANQ8EDLA1677,02 PCB与电连接,待提取：本稿尚未取得该环节专项资料；不能据此断言厂商未披露,未提取/待检索,,UNKNOWN（PDF未列发布日期）；UNKNOWN,2026-10-03,公开datasheet/可订型号；该型号具体出货阶段未披露。,产品族披露
R101,Applied Optoelectronics(AAOI),800G OSFP DR8,A8SMANQ8EDLA1677,03 电处理,UNKNOWN（本次所核来源未披露）,UNKNOWN,"https://ao-inc.com/assets/resources-element-files/English/800G_OSFP_DR8_datasheet.pdf | AOI 800G OSFP DR8 datasheet，RD-4039A / 80-21-1629 A001
https://ao-inc.com/products/optical-transceivers/ | AOI Optical Transceivers（当前公开目录）",UNKNOWN（PDF未列发布日期）；UNKNOWN,2026-10-03,公开datasheet/可订型号；该型号具体出货阶段未披露。,产品族披露
R101,Applied Optoelectronics(AAOI),800G OSFP DR8,A8SMANQ8EDLA1677,04 驱动,待提取：本稿尚未取得该环节专项资料；不能据此断言厂商未披露,未提取/待检索,,UNKNOWN（PDF未列发布日期）；UNKNOWN,2026-10-03,公开datasheet/可订型号；该型号具体出货阶段未披露。,产品族披露
R101,Applied Optoelectronics(AAOI),800G OSFP DR8,A8SMANQ8EDLA1677,05 发光与调制,发射波段1304.5–1317.5nm；EML/DFB/CW+SiPh实现UNKNOWN。,部分披露/有保留,"https://ao-inc.com/assets/resources-element-files/English/800G_OSFP_DR8_datasheet.pdf | AOI 800G OSFP DR8 datasheet，RD-4039A / 80-21-1629 A001
https://ao-inc.com/products/optical-transceivers/ | AOI Optical Transceivers（当前公开目录）",UNKNOWN（PDF未列发布日期）；UNKNOWN,2026-10-03,公开datasheet/可订型号；该型号具体出货阶段未披露。,产品族披露
R101,Applied Optoelectronics(AAOI),800G OSFP DR8,A8SMANQ8EDLA1677,06 载体与芯片互连,待提取：本稿尚未取得该环节专项资料；不能据此断言厂商未披露,未提取/待检索,,UNKNOWN（PDF未列发布日期）；UNKNOWN,2026-10-03,公开datasheet/可订型号；该型号具体出货阶段未披露。,产品族披露
R101,Applied Optoelectronics(AAOI),800G OSFP DR8,A8SMANQ8EDLA1677,07 发射耦合,待提取：本稿尚未取得该环节专项资料；不能据此断言厂商未披露,未提取/待检索,,UNKNOWN（PDF未列发布日期）；UNKNOWN,2026-10-03,公开datasheet/可订型号；该型号具体出货阶段未披露。,产品族披露
R101,Applied Optoelectronics(AAOI),800G OSFP DR8,A8SMANQ8EDLA1677,08 合波,并行光接口；内部合分波实现未披露。,部分披露/有保留,"https://ao-inc.com/assets/resources-element-files/English/800G_OSFP_DR8_datasheet.pdf | AOI 800G OSFP DR8 datasheet，RD-4039A / 80-21-1629 A001
https://ao-inc.com/products/optical-transceivers/ | AOI Optical Transceivers（当前公开目录）",UNKNOWN（PDF未列发布日期）；UNKNOWN,2026-10-03,公开datasheet/可订型号；该型号具体出货阶段未披露。,产品族披露
R101,Applied Optoelectronics(AAOI),800G OSFP DR8,A8SMANQ8EDLA1677,09 外部光接口,8路PAM4，53.125GBd；同波长并行SMF。；距离：500m。；光纤接口见封装字段：OSFP，双MPO-12 APC，0–70°C。,厂商直接披露,"https://ao-inc.com/assets/resources-element-files/English/800G_OSFP_DR8_datasheet.pdf | AOI 800G OSFP DR8 datasheet，RD-4039A / 80-21-1629 A001
https://ao-inc.com/products/optical-transceivers/ | AOI Optical Transceivers（当前公开目录）",UNKNOWN（PDF未列发布日期）；UNKNOWN,2026-10-03,公开datasheet/可订型号；该型号具体出货阶段未披露。,产品族披露
R101,Applied Optoelectronics(AAOI),800G OSFP DR8,A8SMANQ8EDLA1677,10 分波,并行光接口；内部合分波实现未披露。,部分披露/有保留,"https://ao-inc.com/assets/resources-element-files/English/800G_OSFP_DR8_datasheet.pdf | AOI 800G OSFP DR8 datasheet，RD-4039A / 80-21-1629 A001
https://ao-inc.com/products/optical-transceivers/ | AOI Optical Transceivers（当前公开目录）",UNKNOWN（PDF未列发布日期）；UNKNOWN,2026-10-03,公开datasheet/可订型号；该型号具体出货阶段未披露。,产品族披露
R101,Applied Optoelectronics(AAOI),800G OSFP DR8,A8SMANQ8EDLA1677,11 接收耦合,待提取：本稿尚未取得该环节专项资料；不能据此断言厂商未披露,未提取/待检索,,UNKNOWN（PDF未列发布日期）；UNKNOWN,2026-10-03,公开datasheet/可订型号；该型号具体出货阶段未披露。,产品族披露
R101,Applied Optoelectronics(AAOI),800G OSFP DR8,A8SMANQ8EDLA1677,12 探测器,PAM4接收规格；PD类型和TIA UNKNOWN。（探测器与接收放大联合披露，未给出部分保持UNKNOWN）,部分披露/有保留,"https://ao-inc.com/assets/resources-element-files/English/800G_OSFP_DR8_datasheet.pdf | AOI 800G OSFP DR8 datasheet，RD-4039A / 80-21-1629 A001
https://ao-inc.com/products/optical-transceivers/ | AOI Optical Transceivers（当前公开目录）",UNKNOWN（PDF未列发布日期）；UNKNOWN,2026-10-03,公开datasheet/可订型号；该型号具体出货阶段未披露。,产品族披露
R101,Applied Optoelectronics(AAOI),800G OSFP DR8,A8SMANQ8EDLA1677,13 接收放大,PAM4接收规格；PD类型和TIA UNKNOWN。（探测器与接收放大联合披露，未给出部分保持UNKNOWN）,部分披露/有保留,"https://ao-inc.com/assets/resources-element-files/English/800G_OSFP_DR8_datasheet.pdf | AOI 800G OSFP DR8 datasheet，RD-4039A / 80-21-1629 A001
https://ao-inc.com/products/optical-transceivers/ | AOI Optical Transceivers（当前公开目录）",UNKNOWN（PDF未列发布日期）；UNKNOWN,2026-10-03,公开datasheet/可订型号；该型号具体出货阶段未披露。,产品族披露
R101,Applied Optoelectronics(AAOI),800G OSFP DR8,A8SMANQ8EDLA1677,14 控制,待提取：本稿尚未取得该环节专项资料；不能据此断言厂商未披露,未提取/待检索,,UNKNOWN（PDF未列发布日期）；UNKNOWN,2026-10-03,公开datasheet/可订型号；该型号具体出货阶段未披露。,产品族披露
R101,Applied Optoelectronics(AAOI),800G OSFP DR8,A8SMANQ8EDLA1677,15 非易失存储,待提取：本稿尚未取得该环节专项资料；不能据此断言厂商未披露,未提取/待检索,,UNKNOWN（PDF未列发布日期）；UNKNOWN,2026-10-03,公开datasheet/可订型号；该型号具体出货阶段未披露。,产品族披露
R101,Applied Optoelectronics(AAOI),800G OSFP DR8,A8SMANQ8EDLA1677,16 电源,待提取：本稿尚未取得该环节专项资料；不能据此断言厂商未披露,未提取/待检索,,UNKNOWN（PDF未列发布日期）；UNKNOWN,2026-10-03,公开datasheet/可订型号；该型号具体出货阶段未披露。,产品族披露
R101,Applied Optoelectronics(AAOI),800G OSFP DR8,A8SMANQ8EDLA1677,17 时钟,待提取：本稿尚未取得该环节专项资料；不能据此断言厂商未披露,未提取/待检索,,UNKNOWN（PDF未列发布日期）；UNKNOWN,2026-10-03,公开datasheet/可订型号；该型号具体出货阶段未披露。,产品族披露
R101,Applied Optoelectronics(AAOI),800G OSFP DR8,A8SMANQ8EDLA1677,18 无源电子件,待提取：本稿尚未取得该环节专项资料；不能据此断言厂商未披露,未提取/待检索,,UNKNOWN（PDF未列发布日期）；UNKNOWN,2026-10-03,公开datasheet/可订型号；该型号具体出货阶段未披露。,产品族披露
R101,Applied Optoelectronics(AAOI),800G OSFP DR8,A8SMANQ8EDLA1677,19 热管理,15W max表值；封面写<15W。；具体散热器、材料与热设计UNKNOWN,部分披露/有保留,"https://ao-inc.com/assets/resources-element-files/English/800G_OSFP_DR8_datasheet.pdf | AOI 800G OSFP DR8 datasheet，RD-4039A / 80-21-1629 A001
https://ao-inc.com/products/optical-transceivers/ | AOI Optical Transceivers（当前公开目录）",UNKNOWN（PDF未列发布日期）；UNKNOWN,2026-10-03,公开datasheet/可订型号；该型号具体出货阶段未披露。,产品族披露
R101,Applied Optoelectronics(AAOI),800G OSFP DR8,A8SMANQ8EDLA1677,20 总体封装,OSFP，双MPO-12 APC，0–70°C。,厂商直接披露,"https://ao-inc.com/assets/resources-element-files/English/800G_OSFP_DR8_datasheet.pdf | AOI 800G OSFP DR8 datasheet，RD-4039A / 80-21-1629 A001
https://ao-inc.com/products/optical-transceivers/ | AOI Optical Transceivers（当前公开目录）",UNKNOWN（PDF未列发布日期）；UNKNOWN,2026-10-03,公开datasheet/可订型号；该型号具体出货阶段未披露。,产品族披露
R102,Applied Optoelectronics(AAOI),1.6T 数据中心收发模块产品族,UNKNOWN（订单公告未列SKU）,01 主机电接口,1.6T总速率；通道配置未列。,部分披露/有保留,"https://newsroom.ao-inc.com/news-releases/aoi-receives-first-volume-order-of-1-6t-data-center-transceivers-from-major-hyperscale-customer/ | AOI Receives First Volume Order of 1.6T Data Center Transceivers
https://ao-inc.com/products/optical-transceivers/ | AOI Optical Transceivers（当前公开目录）",2026-03-09；UNKNOWN,2026-10-03,2026-03-09公司称收到首个批量订单；不等于已完成发货。,产品族披露
R102,Applied Optoelectronics(AAOI),1.6T 数据中心收发模块产品族,UNKNOWN（订单公告未列SKU）,02 PCB与电连接,待提取：本稿尚未取得该环节专项资料；不能据此断言厂商未披露,未提取/待检索,,2026-03-09；UNKNOWN,2026-10-03,2026-03-09公司称收到首个批量订单；不等于已完成发货。,产品族披露
R102,Applied Optoelectronics(AAOI),1.6T 数据中心收发模块产品族,UNKNOWN（订单公告未列SKU）,03 电处理,UNKNOWN（本次所核来源未披露）,UNKNOWN,"https://newsroom.ao-inc.com/news-releases/aoi-receives-first-volume-order-of-1-6t-data-center-transceivers-from-major-hyperscale-customer/ | AOI Receives First Volume Order of 1.6T Data Center Transceivers
https://ao-inc.com/products/optical-transceivers/ | AOI Optical Transceivers（当前公开目录）",2026-03-09；UNKNOWN,2026-10-03,2026-03-09公司称收到首个批量订单；不等于已完成发货。,产品族披露
R102,Applied Optoelectronics(AAOI),1.6T 数据中心收发模块产品族,UNKNOWN（订单公告未列SKU）,04 驱动,待提取：本稿尚未取得该环节专项资料；不能据此断言厂商未披露,未提取/待检索,,2026-03-09；UNKNOWN,2026-10-03,2026-03-09公司称收到首个批量订单；不等于已完成发货。,产品族披露
R102,Applied Optoelectronics(AAOI),1.6T 数据中心收发模块产品族,UNKNOWN（订单公告未列SKU）,05 发光与调制,UNKNOWN（本次所核来源未披露）,UNKNOWN,"https://newsroom.ao-inc.com/news-releases/aoi-receives-first-volume-order-of-1-6t-data-center-transceivers-from-major-hyperscale-customer/ | AOI Receives First Volume Order of 1.6T Data Center Transceivers
https://ao-inc.com/products/optical-transceivers/ | AOI Optical Transceivers（当前公开目录）",2026-03-09；UNKNOWN,2026-10-03,2026-03-09公司称收到首个批量订单；不等于已完成发货。,产品族披露
R102,Applied Optoelectronics(AAOI),1.6T 数据中心收发模块产品族,UNKNOWN（订单公告未列SKU）,06 载体与芯片互连,待提取：本稿尚未取得该环节专项资料；不能据此断言厂商未披露,未提取/待检索,,2026-03-09；UNKNOWN,2026-10-03,2026-03-09公司称收到首个批量订单；不等于已完成发货。,产品族披露
R102,Applied Optoelectronics(AAOI),1.6T 数据中心收发模块产品族,UNKNOWN（订单公告未列SKU）,07 发射耦合,待提取：本稿尚未取得该环节专项资料；不能据此断言厂商未披露,未提取/待检索,,2026-03-09；UNKNOWN,2026-10-03,2026-03-09公司称收到首个批量订单；不等于已完成发货。,产品族披露
R102,Applied Optoelectronics(AAOI),1.6T 数据中心收发模块产品族,UNKNOWN（订单公告未列SKU）,08 合波,UNKNOWN（本次所核来源未披露）,UNKNOWN,"https://newsroom.ao-inc.com/news-releases/aoi-receives-first-volume-order-of-1-6t-data-center-transceivers-from-major-hyperscale-customer/ | AOI Receives First Volume Order of 1.6T Data Center Transceivers
https://ao-inc.com/products/optical-transceivers/ | AOI Optical Transceivers（当前公开目录）",2026-03-09；UNKNOWN,2026-10-03,2026-03-09公司称收到首个批量订单；不等于已完成发货。,产品族披露
R102,Applied Optoelectronics(AAOI),1.6T 数据中心收发模块产品族,UNKNOWN（订单公告未列SKU）,09 外部光接口,1.6T总速率；DR/FR、光学通道未列。；距离：UNKNOWN（本次所核来源未披露）；光纤接口见封装字段：UNKNOWN（本次所核来源未披露）,部分披露/有保留,"https://newsroom.ao-inc.com/news-releases/aoi-receives-first-volume-order-of-1-6t-data-center-transceivers-from-major-hyperscale-customer/ | AOI Receives First Volume Order of 1.6T Data Center Transceivers
https://ao-inc.com/products/optical-transceivers/ | AOI Optical Transceivers（当前公开目录）",2026-03-09；UNKNOWN,2026-10-03,2026-03-09公司称收到首个批量订单；不等于已完成发货。,产品族披露
R102,Applied Optoelectronics(AAOI),1.6T 数据中心收发模块产品族,UNKNOWN（订单公告未列SKU）,10 分波,UNKNOWN（本次所核来源未披露）,UNKNOWN,"https://newsroom.ao-inc.com/news-releases/aoi-receives-first-volume-order-of-1-6t-data-center-transceivers-from-major-hyperscale-customer/ | AOI Receives First Volume Order of 1.6T Data Center Transceivers
https://ao-inc.com/products/optical-transceivers/ | AOI Optical Transceivers（当前公开目录）",2026-03-09；UNKNOWN,2026-10-03,2026-03-09公司称收到首个批量订单；不等于已完成发货。,产品族披露
R102,Applied Optoelectronics(AAOI),1.6T 数据中心收发模块产品族,UNKNOWN（订单公告未列SKU）,11 接收耦合,待提取：本稿尚未取得该环节专项资料；不能据此断言厂商未披露,未提取/待检索,,2026-03-09；UNKNOWN,2026-10-03,2026-03-09公司称收到首个批量订单；不等于已完成发货。,产品族披露
R102,Applied Optoelectronics(AAOI),1.6T 数据中心收发模块产品族,UNKNOWN（订单公告未列SKU）,12 探测器,UNKNOWN（本次所核来源未披露）（探测器与接收放大联合披露，未给出部分保持UNKNOWN）,UNKNOWN,"https://newsroom.ao-inc.com/news-releases/aoi-receives-first-volume-order-of-1-6t-data-center-transceivers-from-major-hyperscale-customer/ | AOI Receives First Volume Order of 1.6T Data Center Transceivers
https://ao-inc.com/products/optical-transceivers/ | AOI Optical Transceivers（当前公开目录）",2026-03-09；UNKNOWN,2026-10-03,2026-03-09公司称收到首个批量订单；不等于已完成发货。,产品族披露
R102,Applied Optoelectronics(AAOI),1.6T 数据中心收发模块产品族,UNKNOWN（订单公告未列SKU）,13 接收放大,UNKNOWN（本次所核来源未披露）（探测器与接收放大联合披露，未给出部分保持UNKNOWN）,UNKNOWN,"https://newsroom.ao-inc.com/news-releases/aoi-receives-first-volume-order-of-1-6t-data-center-transceivers-from-major-hyperscale-customer/ | AOI Receives First Volume Order of 1.6T Data Center Transceivers
https://ao-inc.com/products/optical-transceivers/ | AOI Optical Transceivers（当前公开目录）",2026-03-09；UNKNOWN,2026-10-03,2026-03-09公司称收到首个批量订单；不等于已完成发货。,产品族披露
R102,Applied Optoelectronics(AAOI),1.6T 数据中心收发模块产品族,UNKNOWN（订单公告未列SKU）,14 控制,待提取：本稿尚未取得该环节专项资料；不能据此断言厂商未披露,未提取/待检索,,2026-03-09；UNKNOWN,2026-10-03,2026-03-09公司称收到首个批量订单；不等于已完成发货。,产品族披露
R102,Applied Optoelectronics(AAOI),1.6T 数据中心收发模块产品族,UNKNOWN（订单公告未列SKU）,15 非易失存储,待提取：本稿尚未取得该环节专项资料；不能据此断言厂商未披露,未提取/待检索,,2026-03-09；UNKNOWN,2026-10-03,2026-03-09公司称收到首个批量订单；不等于已完成发货。,产品族披露
R102,Applied Optoelectronics(AAOI),1.6T 数据中心收发模块产品族,UNKNOWN（订单公告未列SKU）,16 电源,待提取：本稿尚未取得该环节专项资料；不能据此断言厂商未披露,未提取/待检索,,2026-03-09；UNKNOWN,2026-10-03,2026-03-09公司称收到首个批量订单；不等于已完成发货。,产品族披露
R102,Applied Optoelectronics(AAOI),1.6T 数据中心收发模块产品族,UNKNOWN（订单公告未列SKU）,17 时钟,待提取：本稿尚未取得该环节专项资料；不能据此断言厂商未披露,未提取/待检索,,2026-03-09；UNKNOWN,2026-10-03,2026-03-09公司称收到首个批量订单；不等于已完成发货。,产品族披露
R102,Applied Optoelectronics(AAOI),1.6T 数据中心收发模块产品族,UNKNOWN（订单公告未列SKU）,18 无源电子件,待提取：本稿尚未取得该环节专项资料；不能据此断言厂商未披露,未提取/待检索,,2026-03-09；UNKNOWN,2026-10-03,2026-03-09公司称收到首个批量订单；不等于已完成发货。,产品族披露
R102,Applied Optoelectronics(AAOI),1.6T 数据中心收发模块产品族,UNKNOWN（订单公告未列SKU）,19 热管理,UNKNOWN（本次所核来源未披露）；具体散热器、材料与热设计UNKNOWN,UNKNOWN,"https://newsroom.ao-inc.com/news-releases/aoi-receives-first-volume-order-of-1-6t-data-center-transceivers-from-major-hyperscale-customer/ | AOI Receives First Volume Order of 1.6T Data Center Transceivers
https://ao-inc.com/products/optical-transceivers/ | AOI Optical Transceivers（当前公开目录）",2026-03-09；UNKNOWN,2026-10-03,2026-03-09公司称收到首个批量订单；不等于已完成发货。,产品族披露
R102,Applied Optoelectronics(AAOI),1.6T 数据中心收发模块产品族,UNKNOWN（订单公告未列SKU）,20 总体封装,UNKNOWN（本次所核来源未披露）,UNKNOWN,"https://newsroom.ao-inc.com/news-releases/aoi-receives-first-volume-order-of-1-6t-data-center-transceivers-from-major-hyperscale-customer/ | AOI Receives First Volume Order of 1.6T Data Center Transceivers
https://ao-inc.com/products/optical-transceivers/ | AOI Optical Transceivers（当前公开目录）",2026-03-09；UNKNOWN,2026-10-03,2026-03-09公司称收到首个批量订单；不等于已完成发货。,产品族披露
R103,Cisco,800G OSFP DR8,OSFP-800G-DR8,01 主机电接口,800GAUI-8；支持800GE及2×400/4×200/8×100 breakout。,厂商直接披露,"https://www.cisco.com/c/en/us/products/collateral/interfaces-modules/transceiver-modules/osfp-800g-transceiver-modules-ds.html | Cisco OSFP 800G Transceiver Modules Data Sheet
https://www.cisco.com/c/en/us/products/interfaces-modules/transceiver-modules/datasheet-listing.html | Cisco Transceiver Modules — Data Sheets",2026-01-05；UNKNOWN（目录列各文档更新日期）,2026-10-03,公开产品及订购表、Cisco平台支持；本轮未核实际出货量。,产品族披露
R103,Cisco,800G OSFP DR8,OSFP-800G-DR8,02 PCB与电连接,待提取：本稿尚未取得该环节专项资料；不能据此断言厂商未披露,未提取/待检索,,2026-01-05；UNKNOWN（目录列各文档更新日期）,2026-10-03,公开产品及订购表、Cisco平台支持；本轮未核实际出货量。,产品族披露
R103,Cisco,800G OSFP DR8,OSFP-800G-DR8,03 电处理,DSP/retimer型号UNKNOWN；FEC由主机完成不等于无DSP。,部分披露/有保留,"https://www.cisco.com/c/en/us/products/collateral/interfaces-modules/transceiver-modules/osfp-800g-transceiver-modules-ds.html | Cisco OSFP 800G Transceiver Modules Data Sheet
https://www.cisco.com/c/en/us/products/interfaces-modules/transceiver-modules/datasheet-listing.html | Cisco Transceiver Modules — Data Sheets",2026-01-05；UNKNOWN（目录列各文档更新日期）,2026-10-03,公开产品及订购表、Cisco平台支持；本轮未核实际出货量。,产品族披露
R103,Cisco,800G OSFP DR8,OSFP-800G-DR8,04 驱动,待提取：本稿尚未取得该环节专项资料；不能据此断言厂商未披露,未提取/待检索,,2026-01-05；UNKNOWN（目录列各文档更新日期）,2026-10-03,公开产品及订购表、Cisco平台支持；本轮未核实际出货量。,产品族披露
R103,Cisco,800G OSFP DR8,OSFP-800G-DR8,05 发光与调制,1310nm；激光/调制平台UNKNOWN。,部分披露/有保留,"https://www.cisco.com/c/en/us/products/collateral/interfaces-modules/transceiver-modules/osfp-800g-transceiver-modules-ds.html | Cisco OSFP 800G Transceiver Modules Data Sheet
https://www.cisco.com/c/en/us/products/interfaces-modules/transceiver-modules/datasheet-listing.html | Cisco Transceiver Modules — Data Sheets",2026-01-05；UNKNOWN（目录列各文档更新日期）,2026-10-03,公开产品及订购表、Cisco平台支持；本轮未核实际出货量。,产品族披露
R103,Cisco,800G OSFP DR8,OSFP-800G-DR8,06 载体与芯片互连,待提取：本稿尚未取得该环节专项资料；不能据此断言厂商未披露,未提取/待检索,,2026-01-05；UNKNOWN（目录列各文档更新日期）,2026-10-03,公开产品及订购表、Cisco平台支持；本轮未核实际出货量。,产品族披露
R103,Cisco,800G OSFP DR8,OSFP-800G-DR8,07 发射耦合,待提取：本稿尚未取得该环节专项资料；不能据此断言厂商未披露,未提取/待检索,,2026-01-05；UNKNOWN（目录列各文档更新日期）,2026-10-03,公开产品及订购表、Cisco平台支持；本轮未核实际出货量。,产品族披露
R103,Cisco,800G OSFP DR8,OSFP-800G-DR8,08 合波,并行接口；内部实现UNKNOWN。,部分披露/有保留,"https://www.cisco.com/c/en/us/products/collateral/interfaces-modules/transceiver-modules/osfp-800g-transceiver-modules-ds.html | Cisco OSFP 800G Transceiver Modules Data Sheet
https://www.cisco.com/c/en/us/products/interfaces-modules/transceiver-modules/datasheet-listing.html | Cisco Transceiver Modules — Data Sheets",2026-01-05；UNKNOWN（目录列各文档更新日期）,2026-10-03,公开产品及订购表、Cisco平台支持；本轮未核实际出货量。,产品族披露
R103,Cisco,800G OSFP DR8,OSFP-800G-DR8,09 外部光接口,8对并行SMF，每路单波长1310nm。；距离：500m。；光纤接口见封装字段：OSFP IHS；双MPO-12 APC；CMIS5.3、VDM。,厂商直接披露,"https://www.cisco.com/c/en/us/products/collateral/interfaces-modules/transceiver-modules/osfp-800g-transceiver-modules-ds.html | Cisco OSFP 800G Transceiver Modules Data Sheet
https://www.cisco.com/c/en/us/products/interfaces-modules/transceiver-modules/datasheet-listing.html | Cisco Transceiver Modules — Data Sheets",2026-01-05；UNKNOWN（目录列各文档更新日期）,2026-10-03,公开产品及订购表、Cisco平台支持；本轮未核实际出货量。,产品族披露
R103,Cisco,800G OSFP DR8,OSFP-800G-DR8,10 分波,并行接口；内部实现UNKNOWN。,部分披露/有保留,"https://www.cisco.com/c/en/us/products/collateral/interfaces-modules/transceiver-modules/osfp-800g-transceiver-modules-ds.html | Cisco OSFP 800G Transceiver Modules Data Sheet
https://www.cisco.com/c/en/us/products/interfaces-modules/transceiver-modules/datasheet-listing.html | Cisco Transceiver Modules — Data Sheets",2026-01-05；UNKNOWN（目录列各文档更新日期）,2026-10-03,公开产品及订购表、Cisco平台支持；本轮未核实际出货量。,产品族披露
R103,Cisco,800G OSFP DR8,OSFP-800G-DR8,11 接收耦合,待提取：本稿尚未取得该环节专项资料；不能据此断言厂商未披露,未提取/待检索,,2026-01-05；UNKNOWN（目录列各文档更新日期）,2026-10-03,公开产品及订购表、Cisco平台支持；本轮未核实际出货量。,产品族披露
R103,Cisco,800G OSFP DR8,OSFP-800G-DR8,12 探测器,PD/TIA UNKNOWN。（探测器与接收放大联合披露，未给出部分保持UNKNOWN）,部分披露/有保留,"https://www.cisco.com/c/en/us/products/collateral/interfaces-modules/transceiver-modules/osfp-800g-transceiver-modules-ds.html | Cisco OSFP 800G Transceiver Modules Data Sheet
https://www.cisco.com/c/en/us/products/interfaces-modules/transceiver-modules/datasheet-listing.html | Cisco Transceiver Modules — Data Sheets",2026-01-05；UNKNOWN（目录列各文档更新日期）,2026-10-03,公开产品及订购表、Cisco平台支持；本轮未核实际出货量。,产品族披露
R103,Cisco,800G OSFP DR8,OSFP-800G-DR8,13 接收放大,PD/TIA UNKNOWN。（探测器与接收放大联合披露，未给出部分保持UNKNOWN）,部分披露/有保留,"https://www.cisco.com/c/en/us/products/collateral/interfaces-modules/transceiver-modules/osfp-800g-transceiver-modules-ds.html | Cisco OSFP 800G Transceiver Modules Data Sheet
https://www.cisco.com/c/en/us/products/interfaces-modules/transceiver-modules/datasheet-listing.html | Cisco Transceiver Modules — Data Sheets",2026-01-05；UNKNOWN（目录列各文档更新日期）,2026-10-03,公开产品及订购表、Cisco平台支持；本轮未核实际出货量。,产品族披露
R103,Cisco,800G OSFP DR8,OSFP-800G-DR8,14 控制,管理接口：CMIS5.3；MCU型号和集成位置UNKNOWN,部分披露/有保留,"https://www.cisco.com/c/en/us/products/collateral/interfaces-modules/transceiver-modules/osfp-800g-transceiver-modules-ds.html | Cisco OSFP 800G Transceiver Modules Data Sheet
https://www.cisco.com/c/en/us/products/interfaces-modules/transceiver-modules/datasheet-listing.html | Cisco Transceiver Modules — Data Sheets",2026-01-05；UNKNOWN（目录列各文档更新日期）,2026-10-03,公开产品及订购表、Cisco平台支持；本轮未核实际出货量。,产品族披露
R103,Cisco,800G OSFP DR8,OSFP-800G-DR8,15 非易失存储,待提取：本稿尚未取得该环节专项资料；不能据此断言厂商未披露,未提取/待检索,,2026-01-05；UNKNOWN（目录列各文档更新日期）,2026-10-03,公开产品及订购表、Cisco平台支持；本轮未核实际出货量。,产品族披露
R103,Cisco,800G OSFP DR8,OSFP-800G-DR8,16 电源,待提取：本稿尚未取得该环节专项资料；不能据此断言厂商未披露,未提取/待检索,,2026-01-05；UNKNOWN（目录列各文档更新日期）,2026-10-03,公开产品及订购表、Cisco平台支持；本轮未核实际出货量。,产品族披露
R103,Cisco,800G OSFP DR8,OSFP-800G-DR8,17 时钟,待提取：本稿尚未取得该环节专项资料；不能据此断言厂商未披露,未提取/待检索,,2026-01-05；UNKNOWN（目录列各文档更新日期）,2026-10-03,公开产品及订购表、Cisco平台支持；本轮未核实际出货量。,产品族披露
R103,Cisco,800G OSFP DR8,OSFP-800G-DR8,18 无源电子件,待提取：本稿尚未取得该环节专项资料；不能据此断言厂商未披露,未提取/待检索,,2026-01-05；UNKNOWN（目录列各文档更新日期）,2026-10-03,公开产品及订购表、Cisco平台支持；本轮未核实际出货量。,产品族披露
R103,Cisco,800G OSFP DR8,OSFP-800G-DR8,19 热管理,14.2W typ；16W/17W max，VDM条件见表脚注。；具体散热器、材料与热设计UNKNOWN,部分披露/有保留,"https://www.cisco.com/c/en/us/products/collateral/interfaces-modules/transceiver-modules/osfp-800g-transceiver-modules-ds.html | Cisco OSFP 800G Transceiver Modules Data Sheet
https://www.cisco.com/c/en/us/products/interfaces-modules/transceiver-modules/datasheet-listing.html | Cisco Transceiver Modules — Data Sheets",2026-01-05；UNKNOWN（目录列各文档更新日期）,2026-10-03,公开产品及订购表、Cisco平台支持；本轮未核实际出货量。,产品族披露
R103,Cisco,800G OSFP DR8,OSFP-800G-DR8,20 总体封装,OSFP IHS；双MPO-12 APC；CMIS5.3、VDM。,厂商直接披露,"https://www.cisco.com/c/en/us/products/collateral/interfaces-modules/transceiver-modules/osfp-800g-transceiver-modules-ds.html | Cisco OSFP 800G Transceiver Modules Data Sheet
https://www.cisco.com/c/en/us/products/interfaces-modules/transceiver-modules/datasheet-listing.html | Cisco Transceiver Modules — Data Sheets",2026-01-05；UNKNOWN（目录列各文档更新日期）,2026-10-03,公开产品及订购表、Cisco平台支持；本轮未核实际出货量。,产品族披露
R104,Cisco,800G ZR+ OSFP DCO C-band,DP08SFP8-ZRB-A2,01 主机电接口,100/200/400/800GE client；电通道数量未列。,部分披露/有保留,"https://www.cisco.com/c/en/us/products/collateral/interfaces-modules/transceiver-modules/qsfp-dd-osfp-800g-zr-zr-plus-coherent-optics.html | Cisco QSFP-DD and OSFP 800G ZR/ZR+ Coherent Optics Modules Data Sheet
https://www.cisco.com/c/en/us/products/interfaces-modules/transceiver-modules/datasheet-listing.html | Cisco Transceiver Modules — Data Sheets",2026-07-13；UNKNOWN（目录列各文档更新日期）,2026-10-03,2026-07-13 datasheet及订购表可见；未以目录证明批量交付。,产品族披露
R104,Cisco,800G ZR+ OSFP DCO C-band,DP08SFP8-ZRB-A2,02 PCB与电连接,待提取：本稿尚未取得该环节专项资料；不能据此断言厂商未披露,未提取/待检索,,2026-07-13；UNKNOWN（目录列各文档更新日期）,2026-10-03,2026-07-13 datasheet及订购表可见；未以目录证明批量交付。,产品族披露
R104,Cisco,800G ZR+ OSFP DCO C-band,DP08SFP8-ZRB-A2,03 电处理,相干DCO；DSP型号/制程UNKNOWN。,部分披露/有保留,"https://www.cisco.com/c/en/us/products/collateral/interfaces-modules/transceiver-modules/qsfp-dd-osfp-800g-zr-zr-plus-coherent-optics.html | Cisco QSFP-DD and OSFP 800G ZR/ZR+ Coherent Optics Modules Data Sheet
https://www.cisco.com/c/en/us/products/interfaces-modules/transceiver-modules/datasheet-listing.html | Cisco Transceiver Modules — Data Sheets",2026-07-13；UNKNOWN（目录列各文档更新日期）,2026-10-03,2026-07-13 datasheet及订购表可见；未以目录证明批量交付。,产品族披露
R104,Cisco,800G ZR+ OSFP DCO C-band,DP08SFP8-ZRB-A2,04 驱动,待提取：本稿尚未取得该环节专项资料；不能据此断言厂商未披露,未提取/待检索,,2026-07-13；UNKNOWN（目录列各文档更新日期）,2026-10-03,2026-07-13 datasheet及订购表可见；未以目录证明批量交付。,产品族披露
R104,Cisco,800G ZR+ OSFP DCO C-band,DP08SFP8-ZRB-A2,05 发光与调制,可调谐C-band光学；具体激光和PIC材料UNKNOWN。,部分披露/有保留,"https://www.cisco.com/c/en/us/products/collateral/interfaces-modules/transceiver-modules/qsfp-dd-osfp-800g-zr-zr-plus-coherent-optics.html | Cisco QSFP-DD and OSFP 800G ZR/ZR+ Coherent Optics Modules Data Sheet
https://www.cisco.com/c/en/us/products/interfaces-modules/transceiver-modules/datasheet-listing.html | Cisco Transceiver Modules — Data Sheets",2026-07-13；UNKNOWN（目录列各文档更新日期）,2026-10-03,2026-07-13 datasheet及订购表可见；未以目录证明批量交付。,产品族披露
R104,Cisco,800G ZR+ OSFP DCO C-band,DP08SFP8-ZRB-A2,06 载体与芯片互连,待提取：本稿尚未取得该环节专项资料；不能据此断言厂商未披露,未提取/待检索,,2026-07-13；UNKNOWN（目录列各文档更新日期）,2026-10-03,2026-07-13 datasheet及订购表可见；未以目录证明批量交付。,产品族披露
R104,Cisco,800G ZR+ OSFP DCO C-band,DP08SFP8-ZRB-A2,07 发射耦合,待提取：本稿尚未取得该环节专项资料；不能据此断言厂商未披露,未提取/待检索,,2026-07-13；UNKNOWN（目录列各文档更新日期）,2026-10-03,2026-07-13 datasheet及订购表可见；未以目录证明批量交付。,产品族披露
R104,Cisco,800G ZR+ OSFP DCO C-band,DP08SFP8-ZRB-A2,08 合波,单载波入DWDM线系统；模块内合分波器件UNKNOWN。,部分披露/有保留,"https://www.cisco.com/c/en/us/products/collateral/interfaces-modules/transceiver-modules/qsfp-dd-osfp-800g-zr-zr-plus-coherent-optics.html | Cisco QSFP-DD and OSFP 800G ZR/ZR+ Coherent Optics Modules Data Sheet
https://www.cisco.com/c/en/us/products/interfaces-modules/transceiver-modules/datasheet-listing.html | Cisco Transceiver Modules — Data Sheets",2026-07-13；UNKNOWN（目录列各文档更新日期）,2026-10-03,2026-07-13 datasheet及订购表可见；未以目录证明批量交付。,产品族披露
R104,Cisco,800G ZR+ OSFP DCO C-band,DP08SFP8-ZRB-A2,09 外部光接口,可调C-band单光载波；800G OpenROADM PCS/16QAM。；距离：800G ZR+ >1000km放大DWDM；依赖线系统及损耗。；光纤接口见封装字段：OSFP，duplex LC，-5–75°C。,厂商直接披露,"https://www.cisco.com/c/en/us/products/collateral/interfaces-modules/transceiver-modules/qsfp-dd-osfp-800g-zr-zr-plus-coherent-optics.html | Cisco QSFP-DD and OSFP 800G ZR/ZR+ Coherent Optics Modules Data Sheet
https://www.cisco.com/c/en/us/products/interfaces-modules/transceiver-modules/datasheet-listing.html | Cisco Transceiver Modules — Data Sheets",2026-07-13；UNKNOWN（目录列各文档更新日期）,2026-10-03,2026-07-13 datasheet及订购表可见；未以目录证明批量交付。,产品族披露
R104,Cisco,800G ZR+ OSFP DCO C-band,DP08SFP8-ZRB-A2,10 分波,单载波入DWDM线系统；模块内合分波器件UNKNOWN。,部分披露/有保留,"https://www.cisco.com/c/en/us/products/collateral/interfaces-modules/transceiver-modules/qsfp-dd-osfp-800g-zr-zr-plus-coherent-optics.html | Cisco QSFP-DD and OSFP 800G ZR/ZR+ Coherent Optics Modules Data Sheet
https://www.cisco.com/c/en/us/products/interfaces-modules/transceiver-modules/datasheet-listing.html | Cisco Transceiver Modules — Data Sheets",2026-07-13；UNKNOWN（目录列各文档更新日期）,2026-10-03,2026-07-13 datasheet及订购表可见；未以目录证明批量交付。,产品族披露
R104,Cisco,800G ZR+ OSFP DCO C-band,DP08SFP8-ZRB-A2,11 接收耦合,待提取：本稿尚未取得该环节专项资料；不能据此断言厂商未披露,未提取/待检索,,2026-07-13；UNKNOWN（目录列各文档更新日期）,2026-10-03,2026-07-13 datasheet及订购表可见；未以目录证明批量交付。,产品族披露
R104,Cisco,800G ZR+ OSFP DCO C-band,DP08SFP8-ZRB-A2,12 探测器,相干接收；PD/TIA/混频器细节UNKNOWN。（探测器与接收放大联合披露，未给出部分保持UNKNOWN）,部分披露/有保留,"https://www.cisco.com/c/en/us/products/collateral/interfaces-modules/transceiver-modules/qsfp-dd-osfp-800g-zr-zr-plus-coherent-optics.html | Cisco QSFP-DD and OSFP 800G ZR/ZR+ Coherent Optics Modules Data Sheet
https://www.cisco.com/c/en/us/products/interfaces-modules/transceiver-modules/datasheet-listing.html | Cisco Transceiver Modules — Data Sheets",2026-07-13；UNKNOWN（目录列各文档更新日期）,2026-10-03,2026-07-13 datasheet及订购表可见；未以目录证明批量交付。,产品族披露
R104,Cisco,800G ZR+ OSFP DCO C-band,DP08SFP8-ZRB-A2,13 接收放大,相干接收；PD/TIA/混频器细节UNKNOWN。（探测器与接收放大联合披露，未给出部分保持UNKNOWN）,部分披露/有保留,"https://www.cisco.com/c/en/us/products/collateral/interfaces-modules/transceiver-modules/qsfp-dd-osfp-800g-zr-zr-plus-coherent-optics.html | Cisco QSFP-DD and OSFP 800G ZR/ZR+ Coherent Optics Modules Data Sheet
https://www.cisco.com/c/en/us/products/interfaces-modules/transceiver-modules/datasheet-listing.html | Cisco Transceiver Modules — Data Sheets",2026-07-13；UNKNOWN（目录列各文档更新日期）,2026-10-03,2026-07-13 datasheet及订购表可见；未以目录证明批量交付。,产品族披露
R104,Cisco,800G ZR+ OSFP DCO C-band,DP08SFP8-ZRB-A2,14 控制,待提取：本稿尚未取得该环节专项资料；不能据此断言厂商未披露,未提取/待检索,,2026-07-13；UNKNOWN（目录列各文档更新日期）,2026-10-03,2026-07-13 datasheet及订购表可见；未以目录证明批量交付。,产品族披露
R104,Cisco,800G ZR+ OSFP DCO C-band,DP08SFP8-ZRB-A2,15 非易失存储,待提取：本稿尚未取得该环节专项资料；不能据此断言厂商未披露,未提取/待检索,,2026-07-13；UNKNOWN（目录列各文档更新日期）,2026-10-03,2026-07-13 datasheet及订购表可见；未以目录证明批量交付。,产品族披露
R104,Cisco,800G ZR+ OSFP DCO C-band,DP08SFP8-ZRB-A2,16 电源,待提取：本稿尚未取得该环节专项资料；不能据此断言厂商未披露,未提取/待检索,,2026-07-13；UNKNOWN（目录列各文档更新日期）,2026-10-03,2026-07-13 datasheet及订购表可见；未以目录证明批量交付。,产品族披露
R104,Cisco,800G ZR+ OSFP DCO C-band,DP08SFP8-ZRB-A2,17 时钟,待提取：本稿尚未取得该环节专项资料；不能据此断言厂商未披露,未提取/待检索,,2026-07-13；UNKNOWN（目录列各文档更新日期）,2026-10-03,2026-07-13 datasheet及订购表可见；未以目录证明批量交付。,产品族披露
R104,Cisco,800G ZR+ OSFP DCO C-band,DP08SFP8-ZRB-A2,18 无源电子件,待提取：本稿尚未取得该环节专项资料；不能据此断言厂商未披露,未提取/待检索,,2026-07-13；UNKNOWN（目录列各文档更新日期）,2026-10-03,2026-07-13 datasheet及订购表可见；未以目录证明批量交付。,产品族披露
R104,Cisco,800G ZR+ OSFP DCO C-band,DP08SFP8-ZRB-A2,19 热管理,OSFP power class 8；未给此SKU具体W值。；具体散热器、材料与热设计UNKNOWN,部分披露/有保留,"https://www.cisco.com/c/en/us/products/collateral/interfaces-modules/transceiver-modules/qsfp-dd-osfp-800g-zr-zr-plus-coherent-optics.html | Cisco QSFP-DD and OSFP 800G ZR/ZR+ Coherent Optics Modules Data Sheet
https://www.cisco.com/c/en/us/products/interfaces-modules/transceiver-modules/datasheet-listing.html | Cisco Transceiver Modules — Data Sheets",2026-07-13；UNKNOWN（目录列各文档更新日期）,2026-10-03,2026-07-13 datasheet及订购表可见；未以目录证明批量交付。,产品族披露
R104,Cisco,800G ZR+ OSFP DCO C-band,DP08SFP8-ZRB-A2,20 总体封装,OSFP，duplex LC，-5–75°C。,厂商直接披露,"https://www.cisco.com/c/en/us/products/collateral/interfaces-modules/transceiver-modules/qsfp-dd-osfp-800g-zr-zr-plus-coherent-optics.html | Cisco QSFP-DD and OSFP 800G ZR/ZR+ Coherent Optics Modules Data Sheet
https://www.cisco.com/c/en/us/products/interfaces-modules/transceiver-modules/datasheet-listing.html | Cisco Transceiver Modules — Data Sheets",2026-07-13；UNKNOWN（目录列各文档更新日期）,2026-10-03,2026-07-13 datasheet及订购表可见；未以目录证明批量交付。,产品族披露
R105,Cisco,800G LPO 与1.6T OSFP新产品族,UNKNOWN（本次IR材料未列SKU）,01 主机电接口,800G/1.6T总速率；电通道未列。,部分披露/有保留,https://investor.cisco.com/files/doc_financials/2026/q2/Q2-26-Earnings-Slides.pdf | Cisco Q2 FY2026 Summary — new 1.6T OSFP and 800G LPO,2026-02-11,2026-10-03,2026-02-11财报材料称新发布。,产品族披露
R105,Cisco,800G LPO 与1.6T OSFP新产品族,UNKNOWN（本次IR材料未列SKU）,02 PCB与电连接,待提取：本稿尚未取得该环节专项资料；不能据此断言厂商未披露,未提取/待检索,,2026-02-11,2026-10-03,2026-02-11财报材料称新发布。,产品族披露
R105,Cisco,800G LPO 与1.6T OSFP新产品族,UNKNOWN（本次IR材料未列SKU）,03 电处理,800G为LPO；1.6T电处理细节未列。,部分披露/有保留,https://investor.cisco.com/files/doc_financials/2026/q2/Q2-26-Earnings-Slides.pdf | Cisco Q2 FY2026 Summary — new 1.6T OSFP and 800G LPO,2026-02-11,2026-10-03,2026-02-11财报材料称新发布。,产品族披露
R105,Cisco,800G LPO 与1.6T OSFP新产品族,UNKNOWN（本次IR材料未列SKU）,04 驱动,待提取：本稿尚未取得该环节专项资料；不能据此断言厂商未披露,未提取/待检索,,2026-02-11,2026-10-03,2026-02-11财报材料称新发布。,产品族披露
R105,Cisco,800G LPO 与1.6T OSFP新产品族,UNKNOWN（本次IR材料未列SKU）,05 发光与调制,Cisco Silicon Photonics；激光结构与颗数UNKNOWN。,部分披露/有保留,https://investor.cisco.com/files/doc_financials/2026/q2/Q2-26-Earnings-Slides.pdf | Cisco Q2 FY2026 Summary — new 1.6T OSFP and 800G LPO,2026-02-11,2026-10-03,2026-02-11财报材料称新发布。,产品族披露
R105,Cisco,800G LPO 与1.6T OSFP新产品族,UNKNOWN（本次IR材料未列SKU）,06 载体与芯片互连,待提取：本稿尚未取得该环节专项资料；不能据此断言厂商未披露,未提取/待检索,,2026-02-11,2026-10-03,2026-02-11财报材料称新发布。,产品族披露
R105,Cisco,800G LPO 与1.6T OSFP新产品族,UNKNOWN（本次IR材料未列SKU）,07 发射耦合,待提取：本稿尚未取得该环节专项资料；不能据此断言厂商未披露,未提取/待检索,,2026-02-11,2026-10-03,2026-02-11财报材料称新发布。,产品族披露
R105,Cisco,800G LPO 与1.6T OSFP新产品族,UNKNOWN（本次IR材料未列SKU）,08 合波,UNKNOWN（本次所核来源未披露）,UNKNOWN,https://investor.cisco.com/files/doc_financials/2026/q2/Q2-26-Earnings-Slides.pdf | Cisco Q2 FY2026 Summary — new 1.6T OSFP and 800G LPO,2026-02-11,2026-10-03,2026-02-11财报材料称新发布。,产品族披露
R105,Cisco,800G LPO 与1.6T OSFP新产品族,UNKNOWN（本次IR材料未列SKU）,09 外部光接口,SiPh硅光平台；光PMD未列。；距离：UNKNOWN（本次所核来源未披露）；光纤接口见封装字段：1.6T明确OSFP；800G LPO封装未在IR摘要列。,部分披露/有保留,https://investor.cisco.com/files/doc_financials/2026/q2/Q2-26-Earnings-Slides.pdf | Cisco Q2 FY2026 Summary — new 1.6T OSFP and 800G LPO,2026-02-11,2026-10-03,2026-02-11财报材料称新发布。,产品族披露
R105,Cisco,800G LPO 与1.6T OSFP新产品族,UNKNOWN（本次IR材料未列SKU）,10 分波,UNKNOWN（本次所核来源未披露）,UNKNOWN,https://investor.cisco.com/files/doc_financials/2026/q2/Q2-26-Earnings-Slides.pdf | Cisco Q2 FY2026 Summary — new 1.6T OSFP and 800G LPO,2026-02-11,2026-10-03,2026-02-11财报材料称新发布。,产品族披露
R105,Cisco,800G LPO 与1.6T OSFP新产品族,UNKNOWN（本次IR材料未列SKU）,11 接收耦合,待提取：本稿尚未取得该环节专项资料；不能据此断言厂商未披露,未提取/待检索,,2026-02-11,2026-10-03,2026-02-11财报材料称新发布。,产品族披露
R105,Cisco,800G LPO 与1.6T OSFP新产品族,UNKNOWN（本次IR材料未列SKU）,12 探测器,UNKNOWN（本次所核来源未披露）（探测器与接收放大联合披露，未给出部分保持UNKNOWN）,UNKNOWN,https://investor.cisco.com/files/doc_financials/2026/q2/Q2-26-Earnings-Slides.pdf | Cisco Q2 FY2026 Summary — new 1.6T OSFP and 800G LPO,2026-02-11,2026-10-03,2026-02-11财报材料称新发布。,产品族披露
R105,Cisco,800G LPO 与1.6T OSFP新产品族,UNKNOWN（本次IR材料未列SKU）,13 接收放大,UNKNOWN（本次所核来源未披露）（探测器与接收放大联合披露，未给出部分保持UNKNOWN）,UNKNOWN,https://investor.cisco.com/files/doc_financials/2026/q2/Q2-26-Earnings-Slides.pdf | Cisco Q2 FY2026 Summary — new 1.6T OSFP and 800G LPO,2026-02-11,2026-10-03,2026-02-11财报材料称新发布。,产品族披露
R105,Cisco,800G LPO 与1.6T OSFP新产品族,UNKNOWN（本次IR材料未列SKU）,14 控制,待提取：本稿尚未取得该环节专项资料；不能据此断言厂商未披露,未提取/待检索,,2026-02-11,2026-10-03,2026-02-11财报材料称新发布。,产品族披露
R105,Cisco,800G LPO 与1.6T OSFP新产品族,UNKNOWN（本次IR材料未列SKU）,15 非易失存储,待提取：本稿尚未取得该环节专项资料；不能据此断言厂商未披露,未提取/待检索,,2026-02-11,2026-10-03,2026-02-11财报材料称新发布。,产品族披露
R105,Cisco,800G LPO 与1.6T OSFP新产品族,UNKNOWN（本次IR材料未列SKU）,16 电源,待提取：本稿尚未取得该环节专项资料；不能据此断言厂商未披露,未提取/待检索,,2026-02-11,2026-10-03,2026-02-11财报材料称新发布。,产品族披露
R105,Cisco,800G LPO 与1.6T OSFP新产品族,UNKNOWN（本次IR材料未列SKU）,17 时钟,待提取：本稿尚未取得该环节专项资料；不能据此断言厂商未披露,未提取/待检索,,2026-02-11,2026-10-03,2026-02-11财报材料称新发布。,产品族披露
R105,Cisco,800G LPO 与1.6T OSFP新产品族,UNKNOWN（本次IR材料未列SKU）,18 无源电子件,待提取：本稿尚未取得该环节专项资料；不能据此断言厂商未披露,未提取/待检索,,2026-02-11,2026-10-03,2026-02-11财报材料称新发布。,产品族披露
R105,Cisco,800G LPO 与1.6T OSFP新产品族,UNKNOWN（本次IR材料未列SKU）,19 热管理,UNKNOWN（本次所核来源未披露）；具体散热器、材料与热设计UNKNOWN,UNKNOWN,https://investor.cisco.com/files/doc_financials/2026/q2/Q2-26-Earnings-Slides.pdf | Cisco Q2 FY2026 Summary — new 1.6T OSFP and 800G LPO,2026-02-11,2026-10-03,2026-02-11财报材料称新发布。,产品族披露
R105,Cisco,800G LPO 与1.6T OSFP新产品族,UNKNOWN（本次IR材料未列SKU）,20 总体封装,1.6T明确OSFP；800G LPO封装未在IR摘要列。,厂商直接披露,https://investor.cisco.com/files/doc_financials/2026/q2/Q2-26-Earnings-Slides.pdf | Cisco Q2 FY2026 Summary — new 1.6T OSFP and 800G LPO,2026-02-11,2026-10-03,2026-02-11财报材料称新发布。,产品族披露
R106,Ciena,WL6n Enhanced OSFP800 C-band,176-639x-9xx（族号；完整SKU未定）,01 主机电接口,面向400/800GbE；电通道数量未列。,部分披露/有保留,"https://www.ciena.com/__data/assets/pdf_file/0033/164499/wavelogic-6-nano-400g800g-enhanced-pluggable-transceivers_IB.pdf | WL6n 400G–800G Enhanced Pluggable Transceivers，IB232
https://www.ciena.com/products/wavelogic/wavelogic-6/wavelogic-6-nano | Ciena WaveLogic 6 Nano（当前产品族）
https://s25.q4cdn.com/550667411/files/doc_financials/2025/q4/Cienas-Fiscal-4th-Quarter-and-Year-End-2025-Financial-Results-Conference-Call.pdf | Ciena FY2025 Q4 earnings call；现有CL065原锚，未本轮重开",2026-01；UNKNOWN；2025-12-11,2026-10-03,现有CL065：2025-12-11管理层称WL6n 800G初始收入出货；不等于此族号逐SKU确认。,产品族披露
R106,Ciena,WL6n Enhanced OSFP800 C-band,176-639x-9xx（族号；完整SKU未定）,02 PCB与电连接,待提取：本稿尚未取得该环节专项资料；不能据此断言厂商未披露,未提取/待检索,,2026-01；UNKNOWN；2025-12-11,2026-10-03,现有CL065：2025-12-11管理层称WL6n 800G初始收入出货；不等于此族号逐SKU确认。,产品族披露
R106,Ciena,WL6n Enhanced OSFP800 C-band,176-639x-9xx（族号；完整SKU未定）,03 电处理,WL6n，3nm CMOS coherent DSP；OFEC/SFEC按模式。,厂商直接披露,"https://www.ciena.com/__data/assets/pdf_file/0033/164499/wavelogic-6-nano-400g800g-enhanced-pluggable-transceivers_IB.pdf | WL6n 400G–800G Enhanced Pluggable Transceivers，IB232
https://www.ciena.com/products/wavelogic/wavelogic-6/wavelogic-6-nano | Ciena WaveLogic 6 Nano（当前产品族）
https://s25.q4cdn.com/550667411/files/doc_financials/2025/q4/Cienas-Fiscal-4th-Quarter-and-Year-End-2025-Financial-Results-Conference-Call.pdf | Ciena FY2025 Q4 earnings call；现有CL065原锚，未本轮重开",2026-01；UNKNOWN；2025-12-11,2026-10-03,现有CL065：2025-12-11管理层称WL6n 800G初始收入出货；不等于此族号逐SKU确认。,产品族披露
R106,Ciena,WL6n Enhanced OSFP800 C-band,176-639x-9xx（族号；完整SKU未定）,04 驱动,待提取：本稿尚未取得该环节专项资料；不能据此断言厂商未披露,未提取/待检索,,2026-01；UNKNOWN；2025-12-11,2026-10-03,现有CL065：2025-12-11管理层称WL6n 800G初始收入出货；不等于此族号逐SKU确认。,产品族披露
R106,Ciena,WL6n Enhanced OSFP800 C-band,176-639x-9xx（族号；完整SKU未定）,05 发光与调制,SOA-on-SiP异质集成；独立激光类型/颗数未列。,部分披露/有保留,"https://www.ciena.com/__data/assets/pdf_file/0033/164499/wavelogic-6-nano-400g800g-enhanced-pluggable-transceivers_IB.pdf | WL6n 400G–800G Enhanced Pluggable Transceivers，IB232
https://www.ciena.com/products/wavelogic/wavelogic-6/wavelogic-6-nano | Ciena WaveLogic 6 Nano（当前产品族）
https://s25.q4cdn.com/550667411/files/doc_financials/2025/q4/Cienas-Fiscal-4th-Quarter-and-Year-End-2025-Financial-Results-Conference-Call.pdf | Ciena FY2025 Q4 earnings call；现有CL065原锚，未本轮重开",2026-01；UNKNOWN；2025-12-11,2026-10-03,现有CL065：2025-12-11管理层称WL6n 800G初始收入出货；不等于此族号逐SKU确认。,产品族披露
R106,Ciena,WL6n Enhanced OSFP800 C-band,176-639x-9xx（族号；完整SKU未定）,06 载体与芯片互连,待提取：本稿尚未取得该环节专项资料；不能据此断言厂商未披露,未提取/待检索,,2026-01；UNKNOWN；2025-12-11,2026-10-03,现有CL065：2025-12-11管理层称WL6n 800G初始收入出货；不等于此族号逐SKU确认。,产品族披露
R106,Ciena,WL6n Enhanced OSFP800 C-band,176-639x-9xx（族号；完整SKU未定）,07 发射耦合,待提取：本稿尚未取得该环节专项资料；不能据此断言厂商未披露,未提取/待检索,,2026-01；UNKNOWN；2025-12-11,2026-10-03,现有CL065：2025-12-11管理层称WL6n 800G初始收入出货；不等于此族号逐SKU确认。,产品族披露
R106,Ciena,WL6n Enhanced OSFP800 C-band,176-639x-9xx（族号；完整SKU未定）,08 合波,C-band DWDM；模块内合分波工艺未列。,部分披露/有保留,"https://www.ciena.com/__data/assets/pdf_file/0033/164499/wavelogic-6-nano-400g800g-enhanced-pluggable-transceivers_IB.pdf | WL6n 400G–800G Enhanced Pluggable Transceivers，IB232
https://www.ciena.com/products/wavelogic/wavelogic-6/wavelogic-6-nano | Ciena WaveLogic 6 Nano（当前产品族）
https://s25.q4cdn.com/550667411/files/doc_financials/2025/q4/Cienas-Fiscal-4th-Quarter-and-Year-End-2025-Financial-Results-Conference-Call.pdf | Ciena FY2025 Q4 earnings call；现有CL065原锚，未本轮重开",2026-01；UNKNOWN；2025-12-11,2026-10-03,现有CL065：2025-12-11管理层称WL6n 800G初始收入出货；不等于此族号逐SKU确认。,产品族披露
R106,Ciena,WL6n Enhanced OSFP800 C-band,176-639x-9xx（族号；完整SKU未定）,09 外部光接口,800ZR 118GBd16QAM；ZR+ 131GBd PCS；PKT-MAX135GBd。；距离：800ZR120km；16QAM模式500km；PCS模式800G1000km，模式不可混用。；光纤接口见封装字段：OSFP800，CMIS；连接器未在本infobrief列。,厂商直接披露,"https://www.ciena.com/__data/assets/pdf_file/0033/164499/wavelogic-6-nano-400g800g-enhanced-pluggable-transceivers_IB.pdf | WL6n 400G–800G Enhanced Pluggable Transceivers，IB232
https://www.ciena.com/products/wavelogic/wavelogic-6/wavelogic-6-nano | Ciena WaveLogic 6 Nano（当前产品族）
https://s25.q4cdn.com/550667411/files/doc_financials/2025/q4/Cienas-Fiscal-4th-Quarter-and-Year-End-2025-Financial-Results-Conference-Call.pdf | Ciena FY2025 Q4 earnings call；现有CL065原锚，未本轮重开",2026-01；UNKNOWN；2025-12-11,2026-10-03,现有CL065：2025-12-11管理层称WL6n 800G初始收入出货；不等于此族号逐SKU确认。,产品族披露
R106,Ciena,WL6n Enhanced OSFP800 C-band,176-639x-9xx（族号；完整SKU未定）,10 分波,C-band DWDM；模块内合分波工艺未列。,部分披露/有保留,"https://www.ciena.com/__data/assets/pdf_file/0033/164499/wavelogic-6-nano-400g800g-enhanced-pluggable-transceivers_IB.pdf | WL6n 400G–800G Enhanced Pluggable Transceivers，IB232
https://www.ciena.com/products/wavelogic/wavelogic-6/wavelogic-6-nano | Ciena WaveLogic 6 Nano（当前产品族）
https://s25.q4cdn.com/550667411/files/doc_financials/2025/q4/Cienas-Fiscal-4th-Quarter-and-Year-End-2025-Financial-Results-Conference-Call.pdf | Ciena FY2025 Q4 earnings call；现有CL065原锚，未本轮重开",2026-01；UNKNOWN；2025-12-11,2026-10-03,现有CL065：2025-12-11管理层称WL6n 800G初始收入出货；不等于此族号逐SKU确认。,产品族披露
R106,Ciena,WL6n Enhanced OSFP800 C-band,176-639x-9xx（族号；完整SKU未定）,11 接收耦合,待提取：本稿尚未取得该环节专项资料；不能据此断言厂商未披露,未提取/待检索,,2026-01；UNKNOWN；2025-12-11,2026-10-03,现有CL065：2025-12-11管理层称WL6n 800G初始收入出货；不等于此族号逐SKU确认。,产品族披露
R106,Ciena,WL6n Enhanced OSFP800 C-band,176-639x-9xx（族号；完整SKU未定）,12 探测器,相干接收；独立PD/TIA细节未列。（探测器与接收放大联合披露，未给出部分保持UNKNOWN）,部分披露/有保留,"https://www.ciena.com/__data/assets/pdf_file/0033/164499/wavelogic-6-nano-400g800g-enhanced-pluggable-transceivers_IB.pdf | WL6n 400G–800G Enhanced Pluggable Transceivers，IB232
https://www.ciena.com/products/wavelogic/wavelogic-6/wavelogic-6-nano | Ciena WaveLogic 6 Nano（当前产品族）
https://s25.q4cdn.com/550667411/files/doc_financials/2025/q4/Cienas-Fiscal-4th-Quarter-and-Year-End-2025-Financial-Results-Conference-Call.pdf | Ciena FY2025 Q4 earnings call；现有CL065原锚，未本轮重开",2026-01；UNKNOWN；2025-12-11,2026-10-03,现有CL065：2025-12-11管理层称WL6n 800G初始收入出货；不等于此族号逐SKU确认。,产品族披露
R106,Ciena,WL6n Enhanced OSFP800 C-band,176-639x-9xx（族号；完整SKU未定）,13 接收放大,相干接收；独立PD/TIA细节未列。（探测器与接收放大联合披露，未给出部分保持UNKNOWN）,部分披露/有保留,"https://www.ciena.com/__data/assets/pdf_file/0033/164499/wavelogic-6-nano-400g800g-enhanced-pluggable-transceivers_IB.pdf | WL6n 400G–800G Enhanced Pluggable Transceivers，IB232
https://www.ciena.com/products/wavelogic/wavelogic-6/wavelogic-6-nano | Ciena WaveLogic 6 Nano（当前产品族）
https://s25.q4cdn.com/550667411/files/doc_financials/2025/q4/Cienas-Fiscal-4th-Quarter-and-Year-End-2025-Financial-Results-Conference-Call.pdf | Ciena FY2025 Q4 earnings call；现有CL065原锚，未本轮重开",2026-01；UNKNOWN；2025-12-11,2026-10-03,现有CL065：2025-12-11管理层称WL6n 800G初始收入出货；不等于此族号逐SKU确认。,产品族披露
R106,Ciena,WL6n Enhanced OSFP800 C-band,176-639x-9xx（族号；完整SKU未定）,14 控制,待提取：本稿尚未取得该环节专项资料；不能据此断言厂商未披露,未提取/待检索,,2026-01；UNKNOWN；2025-12-11,2026-10-03,现有CL065：2025-12-11管理层称WL6n 800G初始收入出货；不等于此族号逐SKU确认。,产品族披露
R106,Ciena,WL6n Enhanced OSFP800 C-band,176-639x-9xx（族号；完整SKU未定）,15 非易失存储,待提取：本稿尚未取得该环节专项资料；不能据此断言厂商未披露,未提取/待检索,,2026-01；UNKNOWN；2025-12-11,2026-10-03,现有CL065：2025-12-11管理层称WL6n 800G初始收入出货；不等于此族号逐SKU确认。,产品族披露
R106,Ciena,WL6n Enhanced OSFP800 C-band,176-639x-9xx（族号；完整SKU未定）,16 电源,待提取：本稿尚未取得该环节专项资料；不能据此断言厂商未披露,未提取/待检索,,2026-01；UNKNOWN；2025-12-11,2026-10-03,现有CL065：2025-12-11管理层称WL6n 800G初始收入出货；不等于此族号逐SKU确认。,产品族披露
R106,Ciena,WL6n Enhanced OSFP800 C-band,176-639x-9xx（族号；完整SKU未定）,17 时钟,待提取：本稿尚未取得该环节专项资料；不能据此断言厂商未披露,未提取/待检索,,2026-01；UNKNOWN；2025-12-11,2026-10-03,现有CL065：2025-12-11管理层称WL6n 800G初始收入出货；不等于此族号逐SKU确认。,产品族披露
R106,Ciena,WL6n Enhanced OSFP800 C-band,176-639x-9xx（族号；完整SKU未定）,18 无源电子件,待提取：本稿尚未取得该环节专项资料；不能据此断言厂商未披露,未提取/待检索,,2026-01；UNKNOWN；2025-12-11,2026-10-03,现有CL065：2025-12-11管理层称WL6n 800G初始收入出货；不等于此族号逐SKU确认。,产品族披露
R106,Ciena,WL6n Enhanced OSFP800 C-band,176-639x-9xx（族号；完整SKU未定）,19 热管理,UNKNOWN（本次所核来源未披露）；具体散热器、材料与热设计UNKNOWN,UNKNOWN,"https://www.ciena.com/__data/assets/pdf_file/0033/164499/wavelogic-6-nano-400g800g-enhanced-pluggable-transceivers_IB.pdf | WL6n 400G–800G Enhanced Pluggable Transceivers，IB232
https://www.ciena.com/products/wavelogic/wavelogic-6/wavelogic-6-nano | Ciena WaveLogic 6 Nano（当前产品族）
https://s25.q4cdn.com/550667411/files/doc_financials/2025/q4/Cienas-Fiscal-4th-Quarter-and-Year-End-2025-Financial-Results-Conference-Call.pdf | Ciena FY2025 Q4 earnings call；现有CL065原锚，未本轮重开",2026-01；UNKNOWN；2025-12-11,2026-10-03,现有CL065：2025-12-11管理层称WL6n 800G初始收入出货；不等于此族号逐SKU确认。,产品族披露
R106,Ciena,WL6n Enhanced OSFP800 C-band,176-639x-9xx（族号；完整SKU未定）,20 总体封装,OSFP800，CMIS；连接器未在本infobrief列。,厂商直接披露,"https://www.ciena.com/__data/assets/pdf_file/0033/164499/wavelogic-6-nano-400g800g-enhanced-pluggable-transceivers_IB.pdf | WL6n 400G–800G Enhanced Pluggable Transceivers，IB232
https://www.ciena.com/products/wavelogic/wavelogic-6/wavelogic-6-nano | Ciena WaveLogic 6 Nano（当前产品族）
https://s25.q4cdn.com/550667411/files/doc_financials/2025/q4/Cienas-Fiscal-4th-Quarter-and-Year-End-2025-Financial-Results-Conference-Call.pdf | Ciena FY2025 Q4 earnings call；现有CL065原锚，未本轮重开",2026-01；UNKNOWN；2025-12-11,2026-10-03,现有CL065：2025-12-11管理层称WL6n 800G初始收入出货；不等于此族号逐SKU确认。,产品族披露
R107,Ciena,WL6n 1.6T Coherent-Lite,UNKNOWN（产品族，无精确订购号）,01 主机电接口,8×224G SerDes；400/800/1.6TbE clients。,厂商直接披露,"https://www.ciena.com/__data/assets/pdf_file/0038/159878/WaveLogic_6_Nano_1.6T_Coherent-Lite_Pluggable_Transceiver_IB.pdf | WL6n 1.6T Coherent-Lite Pluggable Transceiver，IB222
https://www.ciena.com/products/wavelogic/wavelogic-6/wavelogic-6-nano | Ciena WaveLogic 6 Nano（当前产品族）",2025-03；UNKNOWN,2026-10-03,2025-03 infobrief计划2026H1可用；当前产品页列出，兑现阶段UNKNOWN。,产品族披露
R107,Ciena,WL6n 1.6T Coherent-Lite,UNKNOWN（产品族，无精确订购号）,02 PCB与电连接,待提取：本稿尚未取得该环节专项资料；不能据此断言厂商未披露,未提取/待检索,,2025-03；UNKNOWN,2026-10-03,2025-03 infobrief计划2026H1可用；当前产品页列出，兑现阶段UNKNOWN。,产品族披露
R107,Ciena,WL6n 1.6T Coherent-Lite,UNKNOWN（产品族，无精确订购号）,03 电处理,3nm单DSP集成双800LR数据路径。,厂商直接披露,"https://www.ciena.com/__data/assets/pdf_file/0038/159878/WaveLogic_6_Nano_1.6T_Coherent-Lite_Pluggable_Transceiver_IB.pdf | WL6n 1.6T Coherent-Lite Pluggable Transceiver，IB222
https://www.ciena.com/products/wavelogic/wavelogic-6/wavelogic-6-nano | Ciena WaveLogic 6 Nano（当前产品族）",2025-03；UNKNOWN,2026-10-03,2025-03 infobrief计划2026H1可用；当前产品页列出，兑现阶段UNKNOWN。,产品族披露
R107,Ciena,WL6n 1.6T Coherent-Lite,UNKNOWN（产品族，无精确订购号）,04 驱动,待提取：本稿尚未取得该环节专项资料；不能据此断言厂商未披露,未提取/待检索,,2025-03；UNKNOWN,2026-10-03,2025-03 infobrief计划2026H1可用；当前产品页列出，兑现阶段UNKNOWN。,产品族披露
R107,Ciena,WL6n 1.6T Coherent-Lite,UNKNOWN（产品族，无精确订购号）,05 发光与调制,双PIC；PIC材料和激光类型/颗数未列。,部分披露/有保留,"https://www.ciena.com/__data/assets/pdf_file/0038/159878/WaveLogic_6_Nano_1.6T_Coherent-Lite_Pluggable_Transceiver_IB.pdf | WL6n 1.6T Coherent-Lite Pluggable Transceiver，IB222
https://www.ciena.com/products/wavelogic/wavelogic-6/wavelogic-6-nano | Ciena WaveLogic 6 Nano（当前产品族）",2025-03；UNKNOWN,2026-10-03,2025-03 infobrief计划2026H1可用；当前产品页列出，兑现阶段UNKNOWN。,产品族披露
R107,Ciena,WL6n 1.6T Coherent-Lite,UNKNOWN（产品族，无精确订购号）,06 载体与芯片互连,待提取：本稿尚未取得该环节专项资料；不能据此断言厂商未披露,未提取/待检索,,2025-03；UNKNOWN,2026-10-03,2025-03 infobrief计划2026H1可用；当前产品页列出，兑现阶段UNKNOWN。,产品族披露
R107,Ciena,WL6n 1.6T Coherent-Lite,UNKNOWN（产品族，无精确订购号）,07 发射耦合,待提取：本稿尚未取得该环节专项资料；不能据此断言厂商未披露,未提取/待检索,,2025-03；UNKNOWN,2026-10-03,2025-03 infobrief计划2026H1可用；当前产品页列出，兑现阶段UNKNOWN。,产品族披露
R107,Ciena,WL6n 1.6T Coherent-Lite,UNKNOWN（产品族，无精确订购号）,08 合波,双波长；支持O/C带WDM，内部MUX工艺未列。,部分披露/有保留,"https://www.ciena.com/__data/assets/pdf_file/0038/159878/WaveLogic_6_Nano_1.6T_Coherent-Lite_Pluggable_Transceiver_IB.pdf | WL6n 1.6T Coherent-Lite Pluggable Transceiver，IB222
https://www.ciena.com/products/wavelogic/wavelogic-6/wavelogic-6-nano | Ciena WaveLogic 6 Nano（当前产品族）",2025-03；UNKNOWN,2026-10-03,2025-03 infobrief计划2026H1可用；当前产品页列出，兑现阶段UNKNOWN。,产品族披露
R107,Ciena,WL6n 1.6T Coherent-Lite,UNKNOWN（产品族，无精确订购号）,09 外部光接口,双800LR载波，合计1.6T；124GBd16QAM、BCH2。；距离：O-band20km、C-band最高300km；2km fabric亦为设计用途。；光纤接口见封装字段：OSFP；具体连接器未列。,部分披露/有保留,"https://www.ciena.com/__data/assets/pdf_file/0038/159878/WaveLogic_6_Nano_1.6T_Coherent-Lite_Pluggable_Transceiver_IB.pdf | WL6n 1.6T Coherent-Lite Pluggable Transceiver，IB222
https://www.ciena.com/products/wavelogic/wavelogic-6/wavelogic-6-nano | Ciena WaveLogic 6 Nano（当前产品族）",2025-03；UNKNOWN,2026-10-03,2025-03 infobrief计划2026H1可用；当前产品页列出，兑现阶段UNKNOWN。,产品族披露
R107,Ciena,WL6n 1.6T Coherent-Lite,UNKNOWN（产品族，无精确订购号）,10 分波,双波长；支持O/C带WDM，内部MUX工艺未列。,部分披露/有保留,"https://www.ciena.com/__data/assets/pdf_file/0038/159878/WaveLogic_6_Nano_1.6T_Coherent-Lite_Pluggable_Transceiver_IB.pdf | WL6n 1.6T Coherent-Lite Pluggable Transceiver，IB222
https://www.ciena.com/products/wavelogic/wavelogic-6/wavelogic-6-nano | Ciena WaveLogic 6 Nano（当前产品族）",2025-03；UNKNOWN,2026-10-03,2025-03 infobrief计划2026H1可用；当前产品页列出，兑现阶段UNKNOWN。,产品族披露
R107,Ciena,WL6n 1.6T Coherent-Lite,UNKNOWN（产品族，无精确订购号）,11 接收耦合,待提取：本稿尚未取得该环节专项资料；不能据此断言厂商未披露,未提取/待检索,,2025-03；UNKNOWN,2026-10-03,2025-03 infobrief计划2026H1可用；当前产品页列出，兑现阶段UNKNOWN。,产品族披露
R107,Ciena,WL6n 1.6T Coherent-Lite,UNKNOWN（产品族，无精确订购号）,12 探测器,双相干路径；PD/TIA细节未列。（探测器与接收放大联合披露，未给出部分保持UNKNOWN）,部分披露/有保留,"https://www.ciena.com/__data/assets/pdf_file/0038/159878/WaveLogic_6_Nano_1.6T_Coherent-Lite_Pluggable_Transceiver_IB.pdf | WL6n 1.6T Coherent-Lite Pluggable Transceiver，IB222
https://www.ciena.com/products/wavelogic/wavelogic-6/wavelogic-6-nano | Ciena WaveLogic 6 Nano（当前产品族）",2025-03；UNKNOWN,2026-10-03,2025-03 infobrief计划2026H1可用；当前产品页列出，兑现阶段UNKNOWN。,产品族披露
R107,Ciena,WL6n 1.6T Coherent-Lite,UNKNOWN（产品族，无精确订购号）,13 接收放大,双相干路径；PD/TIA细节未列。（探测器与接收放大联合披露，未给出部分保持UNKNOWN）,部分披露/有保留,"https://www.ciena.com/__data/assets/pdf_file/0038/159878/WaveLogic_6_Nano_1.6T_Coherent-Lite_Pluggable_Transceiver_IB.pdf | WL6n 1.6T Coherent-Lite Pluggable Transceiver，IB222
https://www.ciena.com/products/wavelogic/wavelogic-6/wavelogic-6-nano | Ciena WaveLogic 6 Nano（当前产品族）",2025-03；UNKNOWN,2026-10-03,2025-03 infobrief计划2026H1可用；当前产品页列出，兑现阶段UNKNOWN。,产品族披露
R107,Ciena,WL6n 1.6T Coherent-Lite,UNKNOWN（产品族，无精确订购号）,14 控制,待提取：本稿尚未取得该环节专项资料；不能据此断言厂商未披露,未提取/待检索,,2025-03；UNKNOWN,2026-10-03,2025-03 infobrief计划2026H1可用；当前产品页列出，兑现阶段UNKNOWN。,产品族披露
R107,Ciena,WL6n 1.6T Coherent-Lite,UNKNOWN（产品族，无精确订购号）,15 非易失存储,待提取：本稿尚未取得该环节专项资料；不能据此断言厂商未披露,未提取/待检索,,2025-03；UNKNOWN,2026-10-03,2025-03 infobrief计划2026H1可用；当前产品页列出，兑现阶段UNKNOWN。,产品族披露
R107,Ciena,WL6n 1.6T Coherent-Lite,UNKNOWN（产品族，无精确订购号）,16 电源,待提取：本稿尚未取得该环节专项资料；不能据此断言厂商未披露,未提取/待检索,,2025-03；UNKNOWN,2026-10-03,2025-03 infobrief计划2026H1可用；当前产品页列出，兑现阶段UNKNOWN。,产品族披露
R107,Ciena,WL6n 1.6T Coherent-Lite,UNKNOWN（产品族，无精确订购号）,17 时钟,待提取：本稿尚未取得该环节专项资料；不能据此断言厂商未披露,未提取/待检索,,2025-03；UNKNOWN,2026-10-03,2025-03 infobrief计划2026H1可用；当前产品页列出，兑现阶段UNKNOWN。,产品族披露
R107,Ciena,WL6n 1.6T Coherent-Lite,UNKNOWN（产品族，无精确订购号）,18 无源电子件,待提取：本稿尚未取得该环节专项资料；不能据此断言厂商未披露,未提取/待检索,,2025-03；UNKNOWN,2026-10-03,2025-03 infobrief计划2026H1可用；当前产品页列出，兑现阶段UNKNOWN。,产品族披露
R107,Ciena,WL6n 1.6T Coherent-Lite,UNKNOWN（产品族，无精确订购号）,19 热管理,仅称与IM-DD相当，无可核W值。；具体散热器、材料与热设计UNKNOWN,部分披露/有保留,"https://www.ciena.com/__data/assets/pdf_file/0038/159878/WaveLogic_6_Nano_1.6T_Coherent-Lite_Pluggable_Transceiver_IB.pdf | WL6n 1.6T Coherent-Lite Pluggable Transceiver，IB222
https://www.ciena.com/products/wavelogic/wavelogic-6/wavelogic-6-nano | Ciena WaveLogic 6 Nano（当前产品族）",2025-03；UNKNOWN,2026-10-03,2025-03 infobrief计划2026H1可用；当前产品页列出，兑现阶段UNKNOWN。,产品族披露
R107,Ciena,WL6n 1.6T Coherent-Lite,UNKNOWN（产品族，无精确订购号）,20 总体封装,OSFP；具体连接器未列。,部分披露/有保留,"https://www.ciena.com/__data/assets/pdf_file/0038/159878/WaveLogic_6_Nano_1.6T_Coherent-Lite_Pluggable_Transceiver_IB.pdf | WL6n 1.6T Coherent-Lite Pluggable Transceiver，IB222
https://www.ciena.com/products/wavelogic/wavelogic-6/wavelogic-6-nano | Ciena WaveLogic 6 Nano（当前产品族）",2025-03；UNKNOWN,2026-10-03,2025-03 infobrief计划2026H1可用；当前产品页列出，兑现阶段UNKNOWN。,产品族披露
R108,Nokia,ICE-X 800G ZR/ZR+,ICE-X 800G（族；精确PN UNKNOWN）,01 主机电接口,800GAUI-8；支持100/200/400/800GE clients。,厂商直接披露,"https://www.nokia.com/asset/f/214587/ | ICE-X 800G ZR/ZR+ OSFP/QSFP-DD800，CID214587
https://www.nokia.com/optical-networks/icex-800g-zr-zr-plus/ | Nokia ICE-X 800G ZR/ZR+
https://www.nokia.com/optical-networks/pse-100-400-800g-pluggable-coherent-optics/ | Nokia PSE 100G/400G coherent pluggables（含当前光引擎目录）
https://www.nokia.com/newsroom/nokia-corporation-interim-report-for-q3-2025-789295/ | Nokia Q3 2025 report；现有CL051原锚，未本轮重开",2025-12；UNKNOWN；2025-10-23,2026-10-03,现有CL051：2025Q3称800G相干可插拔GA并开始向美国客户发货；未逐ICE-X SKU对齐。,产品族披露
R108,Nokia,ICE-X 800G ZR/ZR+,ICE-X 800G（族；精确PN UNKNOWN）,02 PCB与电连接,待提取：本稿尚未取得该环节专项资料；不能据此断言厂商未披露,未提取/待检索,,2025-12；UNKNOWN；2025-10-23,2026-10-03,现有CL051：2025Q3称800G相干可插拔GA并开始向美国客户发货；未逐ICE-X SKU对齐。,产品族披露
R108,Nokia,ICE-X 800G ZR/ZR+,ICE-X 800G（族；精确PN UNKNOWN）,03 电处理,Nokia自研3nm CMOS DSP，DAC/ADC。,厂商直接披露,"https://www.nokia.com/asset/f/214587/ | ICE-X 800G ZR/ZR+ OSFP/QSFP-DD800，CID214587
https://www.nokia.com/optical-networks/icex-800g-zr-zr-plus/ | Nokia ICE-X 800G ZR/ZR+
https://www.nokia.com/optical-networks/pse-100-400-800g-pluggable-coherent-optics/ | Nokia PSE 100G/400G coherent pluggables（含当前光引擎目录）
https://www.nokia.com/newsroom/nokia-corporation-interim-report-for-q3-2025-789295/ | Nokia Q3 2025 report；现有CL051原锚，未本轮重开",2025-12；UNKNOWN；2025-10-23,2026-10-03,现有CL051：2025Q3称800G相干可插拔GA并开始向美国客户发货；未逐ICE-X SKU对齐。,产品族披露
R108,Nokia,ICE-X 800G ZR/ZR+,ICE-X 800G（族；精确PN UNKNOWN）,04 驱动,待提取：本稿尚未取得该环节专项资料；不能据此断言厂商未披露,未提取/待检索,,2025-12；UNKNOWN；2025-10-23,2026-10-03,现有CL051：2025Q3称800G相干可插拔GA并开始向美国客户发货；未逐ICE-X SKU对齐。,产品族披露
R108,Nokia,ICE-X 800G ZR/ZR+,ICE-X 800G（族；精确PN UNKNOWN）,05 发光与调制,自研ICTR140 TROSA，InP单片集成；激光结构未列。,部分披露/有保留,"https://www.nokia.com/asset/f/214587/ | ICE-X 800G ZR/ZR+ OSFP/QSFP-DD800，CID214587
https://www.nokia.com/optical-networks/icex-800g-zr-zr-plus/ | Nokia ICE-X 800G ZR/ZR+
https://www.nokia.com/optical-networks/pse-100-400-800g-pluggable-coherent-optics/ | Nokia PSE 100G/400G coherent pluggables（含当前光引擎目录）
https://www.nokia.com/newsroom/nokia-corporation-interim-report-for-q3-2025-789295/ | Nokia Q3 2025 report；现有CL051原锚，未本轮重开",2025-12；UNKNOWN；2025-10-23,2026-10-03,现有CL051：2025Q3称800G相干可插拔GA并开始向美国客户发货；未逐ICE-X SKU对齐。,产品族披露
R108,Nokia,ICE-X 800G ZR/ZR+,ICE-X 800G（族；精确PN UNKNOWN）,06 载体与芯片互连,待提取：本稿尚未取得该环节专项资料；不能据此断言厂商未披露,未提取/待检索,,2025-12；UNKNOWN；2025-10-23,2026-10-03,现有CL051：2025Q3称800G相干可插拔GA并开始向美国客户发货；未逐ICE-X SKU对齐。,产品族披露
R108,Nokia,ICE-X 800G ZR/ZR+,ICE-X 800G（族；精确PN UNKNOWN）,07 发射耦合,待提取：本稿尚未取得该环节专项资料；不能据此断言厂商未披露,未提取/待检索,,2025-12；UNKNOWN；2025-10-23,2026-10-03,现有CL051：2025Q3称800G相干可插拔GA并开始向美国客户发货；未逐ICE-X SKU对齐。,产品族披露
R108,Nokia,ICE-X 800G ZR/ZR+,ICE-X 800G（族；精确PN UNKNOWN）,08 合波,C/L带可调单载波；线路DWDM不等于内部多波长MUX。,厂商直接披露,"https://www.nokia.com/asset/f/214587/ | ICE-X 800G ZR/ZR+ OSFP/QSFP-DD800，CID214587
https://www.nokia.com/optical-networks/icex-800g-zr-zr-plus/ | Nokia ICE-X 800G ZR/ZR+
https://www.nokia.com/optical-networks/pse-100-400-800g-pluggable-coherent-optics/ | Nokia PSE 100G/400G coherent pluggables（含当前光引擎目录）
https://www.nokia.com/newsroom/nokia-corporation-interim-report-for-q3-2025-789295/ | Nokia Q3 2025 report；现有CL051原锚，未本轮重开",2025-12；UNKNOWN；2025-10-23,2026-10-03,现有CL051：2025Q3称800G相干可插拔GA并开始向美国客户发货；未逐ICE-X SKU对齐。,产品族披露
R108,Nokia,ICE-X 800G ZR/ZR+,ICE-X 800G（族；精确PN UNKNOWN）,09 外部光接口,200–800G；16QAM/PCS/QPSK，60–135GBd按模式。；距离：产品页称800G1700+km；各模式/CD reach表另有不同距离，不能合并为统一保证。；光纤接口见封装字段：QSFP-DD800或OSFP；CMIS5.2/C-CMIS1.3；连接器未在本表明确。,厂商直接披露,"https://www.nokia.com/asset/f/214587/ | ICE-X 800G ZR/ZR+ OSFP/QSFP-DD800，CID214587
https://www.nokia.com/optical-networks/icex-800g-zr-zr-plus/ | Nokia ICE-X 800G ZR/ZR+
https://www.nokia.com/optical-networks/pse-100-400-800g-pluggable-coherent-optics/ | Nokia PSE 100G/400G coherent pluggables（含当前光引擎目录）
https://www.nokia.com/newsroom/nokia-corporation-interim-report-for-q3-2025-789295/ | Nokia Q3 2025 report；现有CL051原锚，未本轮重开",2025-12；UNKNOWN；2025-10-23,2026-10-03,现有CL051：2025Q3称800G相干可插拔GA并开始向美国客户发货；未逐ICE-X SKU对齐。,产品族披露
R108,Nokia,ICE-X 800G ZR/ZR+,ICE-X 800G（族；精确PN UNKNOWN）,10 分波,C/L带可调单载波；线路DWDM不等于内部多波长MUX。,厂商直接披露,"https://www.nokia.com/asset/f/214587/ | ICE-X 800G ZR/ZR+ OSFP/QSFP-DD800，CID214587
https://www.nokia.com/optical-networks/icex-800g-zr-zr-plus/ | Nokia ICE-X 800G ZR/ZR+
https://www.nokia.com/optical-networks/pse-100-400-800g-pluggable-coherent-optics/ | Nokia PSE 100G/400G coherent pluggables（含当前光引擎目录）
https://www.nokia.com/newsroom/nokia-corporation-interim-report-for-q3-2025-789295/ | Nokia Q3 2025 report；现有CL051原锚，未本轮重开",2025-12；UNKNOWN；2025-10-23,2026-10-03,现有CL051：2025Q3称800G相干可插拔GA并开始向美国客户发货；未逐ICE-X SKU对齐。,产品族披露
R108,Nokia,ICE-X 800G ZR/ZR+,ICE-X 800G（族；精确PN UNKNOWN）,11 接收耦合,待提取：本稿尚未取得该环节专项资料；不能据此断言厂商未披露,未提取/待检索,,2025-12；UNKNOWN；2025-10-23,2026-10-03,现有CL051：2025Q3称800G相干可插拔GA并开始向美国客户发货；未逐ICE-X SKU对齐。,产品族披露
R108,Nokia,ICE-X 800G ZR/ZR+,ICE-X 800G（族；精确PN UNKNOWN）,12 探测器,ICTR140相干收发组件；PD/TIA细分UNKNOWN。（探测器与接收放大联合披露，未给出部分保持UNKNOWN）,部分披露/有保留,"https://www.nokia.com/asset/f/214587/ | ICE-X 800G ZR/ZR+ OSFP/QSFP-DD800，CID214587
https://www.nokia.com/optical-networks/icex-800g-zr-zr-plus/ | Nokia ICE-X 800G ZR/ZR+
https://www.nokia.com/optical-networks/pse-100-400-800g-pluggable-coherent-optics/ | Nokia PSE 100G/400G coherent pluggables（含当前光引擎目录）
https://www.nokia.com/newsroom/nokia-corporation-interim-report-for-q3-2025-789295/ | Nokia Q3 2025 report；现有CL051原锚，未本轮重开",2025-12；UNKNOWN；2025-10-23,2026-10-03,现有CL051：2025Q3称800G相干可插拔GA并开始向美国客户发货；未逐ICE-X SKU对齐。,产品族披露
R108,Nokia,ICE-X 800G ZR/ZR+,ICE-X 800G（族；精确PN UNKNOWN）,13 接收放大,ICTR140相干收发组件；PD/TIA细分UNKNOWN。（探测器与接收放大联合披露，未给出部分保持UNKNOWN）,部分披露/有保留,"https://www.nokia.com/asset/f/214587/ | ICE-X 800G ZR/ZR+ OSFP/QSFP-DD800，CID214587
https://www.nokia.com/optical-networks/icex-800g-zr-zr-plus/ | Nokia ICE-X 800G ZR/ZR+
https://www.nokia.com/optical-networks/pse-100-400-800g-pluggable-coherent-optics/ | Nokia PSE 100G/400G coherent pluggables（含当前光引擎目录）
https://www.nokia.com/newsroom/nokia-corporation-interim-report-for-q3-2025-789295/ | Nokia Q3 2025 report；现有CL051原锚，未本轮重开",2025-12；UNKNOWN；2025-10-23,2026-10-03,现有CL051：2025Q3称800G相干可插拔GA并开始向美国客户发货；未逐ICE-X SKU对齐。,产品族披露
R108,Nokia,ICE-X 800G ZR/ZR+,ICE-X 800G（族；精确PN UNKNOWN）,14 控制,管理接口：CMIS5.2；MCU型号和集成位置UNKNOWN,部分披露/有保留,"https://www.nokia.com/asset/f/214587/ | ICE-X 800G ZR/ZR+ OSFP/QSFP-DD800，CID214587
https://www.nokia.com/optical-networks/icex-800g-zr-zr-plus/ | Nokia ICE-X 800G ZR/ZR+
https://www.nokia.com/optical-networks/pse-100-400-800g-pluggable-coherent-optics/ | Nokia PSE 100G/400G coherent pluggables（含当前光引擎目录）
https://www.nokia.com/newsroom/nokia-corporation-interim-report-for-q3-2025-789295/ | Nokia Q3 2025 report；现有CL051原锚，未本轮重开",2025-12；UNKNOWN；2025-10-23,2026-10-03,现有CL051：2025Q3称800G相干可插拔GA并开始向美国客户发货；未逐ICE-X SKU对齐。,产品族披露
R108,Nokia,ICE-X 800G ZR/ZR+,ICE-X 800G（族；精确PN UNKNOWN）,15 非易失存储,待提取：本稿尚未取得该环节专项资料；不能据此断言厂商未披露,未提取/待检索,,2025-12；UNKNOWN；2025-10-23,2026-10-03,现有CL051：2025Q3称800G相干可插拔GA并开始向美国客户发货；未逐ICE-X SKU对齐。,产品族披露
R108,Nokia,ICE-X 800G ZR/ZR+,ICE-X 800G（族；精确PN UNKNOWN）,16 电源,待提取：本稿尚未取得该环节专项资料；不能据此断言厂商未披露,未提取/待检索,,2025-12；UNKNOWN；2025-10-23,2026-10-03,现有CL051：2025Q3称800G相干可插拔GA并开始向美国客户发货；未逐ICE-X SKU对齐。,产品族披露
R108,Nokia,ICE-X 800G ZR/ZR+,ICE-X 800G（族；精确PN UNKNOWN）,17 时钟,待提取：本稿尚未取得该环节专项资料；不能据此断言厂商未披露,未提取/待检索,,2025-12；UNKNOWN；2025-10-23,2026-10-03,现有CL051：2025Q3称800G相干可插拔GA并开始向美国客户发货；未逐ICE-X SKU对齐。,产品族披露
R108,Nokia,ICE-X 800G ZR/ZR+,ICE-X 800G（族；精确PN UNKNOWN）,18 无源电子件,待提取：本稿尚未取得该环节专项资料；不能据此断言厂商未披露,未提取/待检索,,2025-12；UNKNOWN；2025-10-23,2026-10-03,现有CL051：2025Q3称800G相干可插拔GA并开始向美国客户发货；未逐ICE-X SKU对齐。,产品族披露
R108,Nokia,ICE-X 800G ZR/ZR+,ICE-X 800G（族；精确PN UNKNOWN）,19 热管理,OSFP C-temp稳态表列30W；规格标Preliminary。；具体散热器、材料与热设计UNKNOWN,部分披露/有保留,"https://www.nokia.com/asset/f/214587/ | ICE-X 800G ZR/ZR+ OSFP/QSFP-DD800，CID214587
https://www.nokia.com/optical-networks/icex-800g-zr-zr-plus/ | Nokia ICE-X 800G ZR/ZR+
https://www.nokia.com/optical-networks/pse-100-400-800g-pluggable-coherent-optics/ | Nokia PSE 100G/400G coherent pluggables（含当前光引擎目录）
https://www.nokia.com/newsroom/nokia-corporation-interim-report-for-q3-2025-789295/ | Nokia Q3 2025 report；现有CL051原锚，未本轮重开",2025-12；UNKNOWN；2025-10-23,2026-10-03,现有CL051：2025Q3称800G相干可插拔GA并开始向美国客户发货；未逐ICE-X SKU对齐。,产品族披露
R108,Nokia,ICE-X 800G ZR/ZR+,ICE-X 800G（族；精确PN UNKNOWN）,20 总体封装,QSFP-DD800或OSFP；CMIS5.2/C-CMIS1.3；连接器未在本表明确。,厂商直接披露,"https://www.nokia.com/asset/f/214587/ | ICE-X 800G ZR/ZR+ OSFP/QSFP-DD800，CID214587
https://www.nokia.com/optical-networks/icex-800g-zr-zr-plus/ | Nokia ICE-X 800G ZR/ZR+
https://www.nokia.com/optical-networks/pse-100-400-800g-pluggable-coherent-optics/ | Nokia PSE 100G/400G coherent pluggables（含当前光引擎目录）
https://www.nokia.com/newsroom/nokia-corporation-interim-report-for-q3-2025-789295/ | Nokia Q3 2025 report；现有CL051原锚，未本轮重开",2025-12；UNKNOWN；2025-10-23,2026-10-03,现有CL051：2025Q3称800G相干可插拔GA并开始向美国客户发货；未逐ICE-X SKU对齐。,产品族披露
R109,Nokia,PSE 100G ZR,QDCO1,01 主机电接口,100GE/OTN；电通道细分未列。,部分披露/有保留,https://www.nokia.com/optical-networks/pse-100-400-800g-pluggable-coherent-optics/ | Nokia PSE 100G/400G coherent pluggables（含当前光引擎目录）,UNKNOWN,2026-10-03,当前官网产品目录可见；实际销量未核。,产品族披露
R109,Nokia,PSE 100G ZR,QDCO1,02 PCB与电连接,待提取：本稿尚未取得该环节专项资料；不能据此断言厂商未披露,未提取/待检索,,UNKNOWN,2026-10-03,当前官网产品目录可见；实际销量未核。,产品族披露
R109,Nokia,PSE 100G ZR,QDCO1,03 电处理,DCO；具体DSP型号未列。,部分披露/有保留,https://www.nokia.com/optical-networks/pse-100-400-800g-pluggable-coherent-optics/ | Nokia PSE 100G/400G coherent pluggables（含当前光引擎目录）,UNKNOWN,2026-10-03,当前官网产品目录可见；实际销量未核。,产品族披露
R109,Nokia,PSE 100G ZR,QDCO1,04 驱动,待提取：本稿尚未取得该环节专项资料；不能据此断言厂商未披露,未提取/待检索,,UNKNOWN,2026-10-03,当前官网产品目录可见；实际销量未核。,产品族披露
R109,Nokia,PSE 100G ZR,QDCO1,05 发光与调制,UNKNOWN（本次所核来源未披露）,UNKNOWN,https://www.nokia.com/optical-networks/pse-100-400-800g-pluggable-coherent-optics/ | Nokia PSE 100G/400G coherent pluggables（含当前光引擎目录）,UNKNOWN,2026-10-03,当前官网产品目录可见；实际销量未核。,产品族披露
R109,Nokia,PSE 100G ZR,QDCO1,06 载体与芯片互连,待提取：本稿尚未取得该环节专项资料；不能据此断言厂商未披露,未提取/待检索,,UNKNOWN,2026-10-03,当前官网产品目录可见；实际销量未核。,产品族披露
R109,Nokia,PSE 100G ZR,QDCO1,07 发射耦合,待提取：本稿尚未取得该环节专项资料；不能据此断言厂商未披露,未提取/待检索,,UNKNOWN,2026-10-03,当前官网产品目录可见；实际销量未核。,产品族披露
R109,Nokia,PSE 100G ZR,QDCO1,08 合波,UNKNOWN（本次所核来源未披露）,UNKNOWN,https://www.nokia.com/optical-networks/pse-100-400-800g-pluggable-coherent-optics/ | Nokia PSE 100G/400G coherent pluggables（含当前光引擎目录）,UNKNOWN,2026-10-03,当前官网产品目录可见；实际销量未核。,产品族披露
R109,Nokia,PSE 100G ZR,QDCO1,09 外部光接口,100G可调WDM，28GBd。；距离：无放大80km；单跨放大120km；多跨放大300km。；光纤接口见封装字段：QSFP28。,厂商直接披露,https://www.nokia.com/optical-networks/pse-100-400-800g-pluggable-coherent-optics/ | Nokia PSE 100G/400G coherent pluggables（含当前光引擎目录）,UNKNOWN,2026-10-03,当前官网产品目录可见；实际销量未核。,产品族披露
R109,Nokia,PSE 100G ZR,QDCO1,10 分波,UNKNOWN（本次所核来源未披露）,UNKNOWN,https://www.nokia.com/optical-networks/pse-100-400-800g-pluggable-coherent-optics/ | Nokia PSE 100G/400G coherent pluggables（含当前光引擎目录）,UNKNOWN,2026-10-03,当前官网产品目录可见；实际销量未核。,产品族披露
R109,Nokia,PSE 100G ZR,QDCO1,11 接收耦合,待提取：本稿尚未取得该环节专项资料；不能据此断言厂商未披露,未提取/待检索,,UNKNOWN,2026-10-03,当前官网产品目录可见；实际销量未核。,产品族披露
R109,Nokia,PSE 100G ZR,QDCO1,12 探测器,UNKNOWN（本次所核来源未披露）（探测器与接收放大联合披露，未给出部分保持UNKNOWN）,UNKNOWN,https://www.nokia.com/optical-networks/pse-100-400-800g-pluggable-coherent-optics/ | Nokia PSE 100G/400G coherent pluggables（含当前光引擎目录）,UNKNOWN,2026-10-03,当前官网产品目录可见；实际销量未核。,产品族披露
R109,Nokia,PSE 100G ZR,QDCO1,13 接收放大,UNKNOWN（本次所核来源未披露）（探测器与接收放大联合披露，未给出部分保持UNKNOWN）,UNKNOWN,https://www.nokia.com/optical-networks/pse-100-400-800g-pluggable-coherent-optics/ | Nokia PSE 100G/400G coherent pluggables（含当前光引擎目录）,UNKNOWN,2026-10-03,当前官网产品目录可见；实际销量未核。,产品族披露
R109,Nokia,PSE 100G ZR,QDCO1,14 控制,待提取：本稿尚未取得该环节专项资料；不能据此断言厂商未披露,未提取/待检索,,UNKNOWN,2026-10-03,当前官网产品目录可见；实际销量未核。,产品族披露
R109,Nokia,PSE 100G ZR,QDCO1,15 非易失存储,待提取：本稿尚未取得该环节专项资料；不能据此断言厂商未披露,未提取/待检索,,UNKNOWN,2026-10-03,当前官网产品目录可见；实际销量未核。,产品族披露
R109,Nokia,PSE 100G ZR,QDCO1,16 电源,待提取：本稿尚未取得该环节专项资料；不能据此断言厂商未披露,未提取/待检索,,UNKNOWN,2026-10-03,当前官网产品目录可见；实际销量未核。,产品族披露
R109,Nokia,PSE 100G ZR,QDCO1,17 时钟,待提取：本稿尚未取得该环节专项资料；不能据此断言厂商未披露,未提取/待检索,,UNKNOWN,2026-10-03,当前官网产品目录可见；实际销量未核。,产品族披露
R109,Nokia,PSE 100G ZR,QDCO1,18 无源电子件,待提取：本稿尚未取得该环节专项资料；不能据此断言厂商未披露,未提取/待检索,,UNKNOWN,2026-10-03,当前官网产品目录可见；实际销量未核。,产品族披露
R109,Nokia,PSE 100G ZR,QDCO1,19 热管理,<6W。；具体散热器、材料与热设计UNKNOWN,部分披露/有保留,https://www.nokia.com/optical-networks/pse-100-400-800g-pluggable-coherent-optics/ | Nokia PSE 100G/400G coherent pluggables（含当前光引擎目录）,UNKNOWN,2026-10-03,当前官网产品目录可见；实际销量未核。,产品族披露
R109,Nokia,PSE 100G ZR,QDCO1,20 总体封装,QSFP28。,厂商直接披露,https://www.nokia.com/optical-networks/pse-100-400-800g-pluggable-coherent-optics/ | Nokia PSE 100G/400G coherent pluggables（含当前光引擎目录）,UNKNOWN,2026-10-03,当前官网产品目录可见；实际销量未核。,产品族披露
R110,Credo,800G 2×DR4 ZeroFlap,UNKNOWN（按族列，未给PN）,01 主机电接口,800G；电通道未在所核目录/GA公告列。,厂商直接披露,"https://credosemi.com/products/zeroflap-optical-transceivers/ | Credo ZeroFlap Optical Transceivers（当前目录）
https://investors.credosemi.com/news-events/news/news-details/2026/Credo-Launches-800G-ZeroFlap-Optical-Transceivers-Engineered-for-AI-Networks/default.aspx | Credo Launches 800G ZeroFlap Optical Transceivers",UNKNOWN；2026-03-17,2026-10-03,2026-03-17公司宣布800G 2×DR4一般可用（GA）。,产品族披露
R110,Credo,800G 2×DR4 ZeroFlap,UNKNOWN（按族列，未给PN）,02 PCB与电连接,待提取：本稿尚未取得该环节专项资料；不能据此断言厂商未披露,未提取/待检索,,UNKNOWN；2026-03-17,2026-10-03,2026-03-17公司宣布800G 2×DR4一般可用（GA）。,产品族披露
R110,Credo,800G 2×DR4 ZeroFlap,UNKNOWN（按族列，未给PN）,03 电处理,具体DSP和retiming实现未列；ZeroFlap/PILOT遥测不等于DSP型号。,部分披露/有保留,"https://credosemi.com/products/zeroflap-optical-transceivers/ | Credo ZeroFlap Optical Transceivers（当前目录）
https://investors.credosemi.com/news-events/news/news-details/2026/Credo-Launches-800G-ZeroFlap-Optical-Transceivers-Engineered-for-AI-Networks/default.aspx | Credo Launches 800G ZeroFlap Optical Transceivers",UNKNOWN；2026-03-17,2026-10-03,2026-03-17公司宣布800G 2×DR4一般可用（GA）。,产品族披露
R110,Credo,800G 2×DR4 ZeroFlap,UNKNOWN（按族列，未给PN）,04 驱动,待提取：本稿尚未取得该环节专项资料；不能据此断言厂商未披露,未提取/待检索,,UNKNOWN；2026-03-17,2026-10-03,2026-03-17公司宣布800G 2×DR4一般可用（GA）。,产品族披露
R110,Credo,800G 2×DR4 ZeroFlap,UNKNOWN（按族列，未给PN）,05 发光与调制,UNKNOWN（本次所核来源未披露）,UNKNOWN,"https://credosemi.com/products/zeroflap-optical-transceivers/ | Credo ZeroFlap Optical Transceivers（当前目录）
https://investors.credosemi.com/news-events/news/news-details/2026/Credo-Launches-800G-ZeroFlap-Optical-Transceivers-Engineered-for-AI-Networks/default.aspx | Credo Launches 800G ZeroFlap Optical Transceivers",UNKNOWN；2026-03-17,2026-10-03,2026-03-17公司宣布800G 2×DR4一般可用（GA）。,产品族披露
R110,Credo,800G 2×DR4 ZeroFlap,UNKNOWN（按族列，未给PN）,06 载体与芯片互连,待提取：本稿尚未取得该环节专项资料；不能据此断言厂商未披露,未提取/待检索,,UNKNOWN；2026-03-17,2026-10-03,2026-03-17公司宣布800G 2×DR4一般可用（GA）。,产品族披露
R110,Credo,800G 2×DR4 ZeroFlap,UNKNOWN（按族列，未给PN）,07 发射耦合,待提取：本稿尚未取得该环节专项资料；不能据此断言厂商未披露,未提取/待检索,,UNKNOWN；2026-03-17,2026-10-03,2026-03-17公司宣布800G 2×DR4一般可用（GA）。,产品族披露
R110,Credo,800G 2×DR4 ZeroFlap,UNKNOWN（按族列，未给PN）,08 合波,并行光接口；内部实现UNKNOWN。,部分披露/有保留,"https://credosemi.com/products/zeroflap-optical-transceivers/ | Credo ZeroFlap Optical Transceivers（当前目录）
https://investors.credosemi.com/news-events/news/news-details/2026/Credo-Launches-800G-ZeroFlap-Optical-Transceivers-Engineered-for-AI-Networks/default.aspx | Credo Launches 800G ZeroFlap Optical Transceivers",UNKNOWN；2026-03-17,2026-10-03,2026-03-17公司宣布800G 2×DR4一般可用（GA）。,产品族披露
R110,Credo,800G 2×DR4 ZeroFlap,UNKNOWN（按族列，未给PN）,09 外部光接口,2×DR4，1310nm，parallel SMF。；距离：500m。；光纤接口见封装字段：OSFP RHS或IHS；双MPO-12 APC。,厂商直接披露,"https://credosemi.com/products/zeroflap-optical-transceivers/ | Credo ZeroFlap Optical Transceivers（当前目录）
https://investors.credosemi.com/news-events/news/news-details/2026/Credo-Launches-800G-ZeroFlap-Optical-Transceivers-Engineered-for-AI-Networks/default.aspx | Credo Launches 800G ZeroFlap Optical Transceivers",UNKNOWN；2026-03-17,2026-10-03,2026-03-17公司宣布800G 2×DR4一般可用（GA）。,产品族披露
R110,Credo,800G 2×DR4 ZeroFlap,UNKNOWN（按族列，未给PN）,10 分波,并行光接口；内部实现UNKNOWN。,部分披露/有保留,"https://credosemi.com/products/zeroflap-optical-transceivers/ | Credo ZeroFlap Optical Transceivers（当前目录）
https://investors.credosemi.com/news-events/news/news-details/2026/Credo-Launches-800G-ZeroFlap-Optical-Transceivers-Engineered-for-AI-Networks/default.aspx | Credo Launches 800G ZeroFlap Optical Transceivers",UNKNOWN；2026-03-17,2026-10-03,2026-03-17公司宣布800G 2×DR4一般可用（GA）。,产品族披露
R110,Credo,800G 2×DR4 ZeroFlap,UNKNOWN（按族列，未给PN）,11 接收耦合,待提取：本稿尚未取得该环节专项资料；不能据此断言厂商未披露,未提取/待检索,,UNKNOWN；2026-03-17,2026-10-03,2026-03-17公司宣布800G 2×DR4一般可用（GA）。,产品族披露
R110,Credo,800G 2×DR4 ZeroFlap,UNKNOWN（按族列，未给PN）,12 探测器,UNKNOWN（本次所核来源未披露）（探测器与接收放大联合披露，未给出部分保持UNKNOWN）,UNKNOWN,"https://credosemi.com/products/zeroflap-optical-transceivers/ | Credo ZeroFlap Optical Transceivers（当前目录）
https://investors.credosemi.com/news-events/news/news-details/2026/Credo-Launches-800G-ZeroFlap-Optical-Transceivers-Engineered-for-AI-Networks/default.aspx | Credo Launches 800G ZeroFlap Optical Transceivers",UNKNOWN；2026-03-17,2026-10-03,2026-03-17公司宣布800G 2×DR4一般可用（GA）。,产品族披露
R110,Credo,800G 2×DR4 ZeroFlap,UNKNOWN（按族列，未给PN）,13 接收放大,UNKNOWN（本次所核来源未披露）（探测器与接收放大联合披露，未给出部分保持UNKNOWN）,UNKNOWN,"https://credosemi.com/products/zeroflap-optical-transceivers/ | Credo ZeroFlap Optical Transceivers（当前目录）
https://investors.credosemi.com/news-events/news/news-details/2026/Credo-Launches-800G-ZeroFlap-Optical-Transceivers-Engineered-for-AI-Networks/default.aspx | Credo Launches 800G ZeroFlap Optical Transceivers",UNKNOWN；2026-03-17,2026-10-03,2026-03-17公司宣布800G 2×DR4一般可用（GA）。,产品族披露
R110,Credo,800G 2×DR4 ZeroFlap,UNKNOWN（按族列，未给PN）,14 控制,待提取：本稿尚未取得该环节专项资料；不能据此断言厂商未披露,未提取/待检索,,UNKNOWN；2026-03-17,2026-10-03,2026-03-17公司宣布800G 2×DR4一般可用（GA）。,产品族披露
R110,Credo,800G 2×DR4 ZeroFlap,UNKNOWN（按族列，未给PN）,15 非易失存储,待提取：本稿尚未取得该环节专项资料；不能据此断言厂商未披露,未提取/待检索,,UNKNOWN；2026-03-17,2026-10-03,2026-03-17公司宣布800G 2×DR4一般可用（GA）。,产品族披露
R110,Credo,800G 2×DR4 ZeroFlap,UNKNOWN（按族列，未给PN）,16 电源,待提取：本稿尚未取得该环节专项资料；不能据此断言厂商未披露,未提取/待检索,,UNKNOWN；2026-03-17,2026-10-03,2026-03-17公司宣布800G 2×DR4一般可用（GA）。,产品族披露
R110,Credo,800G 2×DR4 ZeroFlap,UNKNOWN（按族列，未给PN）,17 时钟,待提取：本稿尚未取得该环节专项资料；不能据此断言厂商未披露,未提取/待检索,,UNKNOWN；2026-03-17,2026-10-03,2026-03-17公司宣布800G 2×DR4一般可用（GA）。,产品族披露
R110,Credo,800G 2×DR4 ZeroFlap,UNKNOWN（按族列，未给PN）,18 无源电子件,待提取：本稿尚未取得该环节专项资料；不能据此断言厂商未披露,未提取/待检索,,UNKNOWN；2026-03-17,2026-10-03,2026-03-17公司宣布800G 2×DR4一般可用（GA）。,产品族披露
R110,Credo,800G 2×DR4 ZeroFlap,UNKNOWN（按族列，未给PN）,19 热管理,UNKNOWN（本次所核来源未披露）；具体散热器、材料与热设计UNKNOWN,UNKNOWN,"https://credosemi.com/products/zeroflap-optical-transceivers/ | Credo ZeroFlap Optical Transceivers（当前目录）
https://investors.credosemi.com/news-events/news/news-details/2026/Credo-Launches-800G-ZeroFlap-Optical-Transceivers-Engineered-for-AI-Networks/default.aspx | Credo Launches 800G ZeroFlap Optical Transceivers",UNKNOWN；2026-03-17,2026-10-03,2026-03-17公司宣布800G 2×DR4一般可用（GA）。,产品族披露
R110,Credo,800G 2×DR4 ZeroFlap,UNKNOWN（按族列，未给PN）,20 总体封装,OSFP RHS或IHS；双MPO-12 APC。,厂商直接披露,"https://credosemi.com/products/zeroflap-optical-transceivers/ | Credo ZeroFlap Optical Transceivers（当前目录）
https://investors.credosemi.com/news-events/news/news-details/2026/Credo-Launches-800G-ZeroFlap-Optical-Transceivers-Engineered-for-AI-Networks/default.aspx | Credo Launches 800G ZeroFlap Optical Transceivers",UNKNOWN；2026-03-17,2026-10-03,2026-03-17公司宣布800G 2×DR4一般可用（GA）。,产品族披露
R111,Credo,1.6T 2×FR4 ZeroFlap,UNKNOWN（目录无PN）,01 主机电接口,1.6T；lane配置未列。,部分披露/有保留,https://credosemi.com/products/zeroflap-optical-transceivers/ | Credo ZeroFlap Optical Transceivers（当前目录）,UNKNOWN,2026-10-03,当前公开目录列出；800G GA不能移给此1.6T族。,产品族披露
R111,Credo,1.6T 2×FR4 ZeroFlap,UNKNOWN（目录无PN）,02 PCB与电连接,待提取：本稿尚未取得该环节专项资料；不能据此断言厂商未披露,未提取/待检索,,UNKNOWN,2026-10-03,当前公开目录列出；800G GA不能移给此1.6T族。,产品族披露
R111,Credo,1.6T 2×FR4 ZeroFlap,UNKNOWN（目录无PN）,03 电处理,UNKNOWN（本次所核来源未披露）,UNKNOWN,https://credosemi.com/products/zeroflap-optical-transceivers/ | Credo ZeroFlap Optical Transceivers（当前目录）,UNKNOWN,2026-10-03,当前公开目录列出；800G GA不能移给此1.6T族。,产品族披露
R111,Credo,1.6T 2×FR4 ZeroFlap,UNKNOWN（目录无PN）,04 驱动,待提取：本稿尚未取得该环节专项资料；不能据此断言厂商未披露,未提取/待检索,,UNKNOWN,2026-10-03,当前公开目录列出；800G GA不能移给此1.6T族。,产品族披露
R111,Credo,1.6T 2×FR4 ZeroFlap,UNKNOWN（目录无PN）,05 发光与调制,UNKNOWN（本次所核来源未披露）,UNKNOWN,https://credosemi.com/products/zeroflap-optical-transceivers/ | Credo ZeroFlap Optical Transceivers（当前目录）,UNKNOWN,2026-10-03,当前公开目录列出；800G GA不能移给此1.6T族。,产品族披露
R111,Credo,1.6T 2×FR4 ZeroFlap,UNKNOWN（目录无PN）,06 载体与芯片互连,待提取：本稿尚未取得该环节专项资料；不能据此断言厂商未披露,未提取/待检索,,UNKNOWN,2026-10-03,当前公开目录列出；800G GA不能移给此1.6T族。,产品族披露
R111,Credo,1.6T 2×FR4 ZeroFlap,UNKNOWN（目录无PN）,07 发射耦合,待提取：本稿尚未取得该环节专项资料；不能据此断言厂商未披露,未提取/待检索,,UNKNOWN,2026-10-03,当前公开目录列出；800G GA不能移给此1.6T族。,产品族披露
R111,Credo,1.6T 2×FR4 ZeroFlap,UNKNOWN（目录无PN）,08 合波,FR4波分接口已知，内部MUX/DEMUX工艺UNKNOWN。,部分披露/有保留,https://credosemi.com/products/zeroflap-optical-transceivers/ | Credo ZeroFlap Optical Transceivers（当前目录）,UNKNOWN,2026-10-03,当前公开目录列出；800G GA不能移给此1.6T族。,产品族披露
R111,Credo,1.6T 2×FR4 ZeroFlap,UNKNOWN（目录无PN）,09 外部光接口,2×FR4；目录波长统一填1310nm，完整四波长表未给。；距离：2km。；光纤接口见封装字段：OSFP IHS/RHS；双duplex LC。,厂商直接披露,https://credosemi.com/products/zeroflap-optical-transceivers/ | Credo ZeroFlap Optical Transceivers（当前目录）,UNKNOWN,2026-10-03,当前公开目录列出；800G GA不能移给此1.6T族。,产品族披露
R111,Credo,1.6T 2×FR4 ZeroFlap,UNKNOWN（目录无PN）,10 分波,FR4波分接口已知，内部MUX/DEMUX工艺UNKNOWN。,部分披露/有保留,https://credosemi.com/products/zeroflap-optical-transceivers/ | Credo ZeroFlap Optical Transceivers（当前目录）,UNKNOWN,2026-10-03,当前公开目录列出；800G GA不能移给此1.6T族。,产品族披露
R111,Credo,1.6T 2×FR4 ZeroFlap,UNKNOWN（目录无PN）,11 接收耦合,待提取：本稿尚未取得该环节专项资料；不能据此断言厂商未披露,未提取/待检索,,UNKNOWN,2026-10-03,当前公开目录列出；800G GA不能移给此1.6T族。,产品族披露
R111,Credo,1.6T 2×FR4 ZeroFlap,UNKNOWN（目录无PN）,12 探测器,UNKNOWN（本次所核来源未披露）（探测器与接收放大联合披露，未给出部分保持UNKNOWN）,UNKNOWN,https://credosemi.com/products/zeroflap-optical-transceivers/ | Credo ZeroFlap Optical Transceivers（当前目录）,UNKNOWN,2026-10-03,当前公开目录列出；800G GA不能移给此1.6T族。,产品族披露
R111,Credo,1.6T 2×FR4 ZeroFlap,UNKNOWN（目录无PN）,13 接收放大,UNKNOWN（本次所核来源未披露）（探测器与接收放大联合披露，未给出部分保持UNKNOWN）,UNKNOWN,https://credosemi.com/products/zeroflap-optical-transceivers/ | Credo ZeroFlap Optical Transceivers（当前目录）,UNKNOWN,2026-10-03,当前公开目录列出；800G GA不能移给此1.6T族。,产品族披露
R111,Credo,1.6T 2×FR4 ZeroFlap,UNKNOWN（目录无PN）,14 控制,待提取：本稿尚未取得该环节专项资料；不能据此断言厂商未披露,未提取/待检索,,UNKNOWN,2026-10-03,当前公开目录列出；800G GA不能移给此1.6T族。,产品族披露
R111,Credo,1.6T 2×FR4 ZeroFlap,UNKNOWN（目录无PN）,15 非易失存储,待提取：本稿尚未取得该环节专项资料；不能据此断言厂商未披露,未提取/待检索,,UNKNOWN,2026-10-03,当前公开目录列出；800G GA不能移给此1.6T族。,产品族披露
R111,Credo,1.6T 2×FR4 ZeroFlap,UNKNOWN（目录无PN）,16 电源,待提取：本稿尚未取得该环节专项资料；不能据此断言厂商未披露,未提取/待检索,,UNKNOWN,2026-10-03,当前公开目录列出；800G GA不能移给此1.6T族。,产品族披露
R111,Credo,1.6T 2×FR4 ZeroFlap,UNKNOWN（目录无PN）,17 时钟,待提取：本稿尚未取得该环节专项资料；不能据此断言厂商未披露,未提取/待检索,,UNKNOWN,2026-10-03,当前公开目录列出；800G GA不能移给此1.6T族。,产品族披露
R111,Credo,1.6T 2×FR4 ZeroFlap,UNKNOWN（目录无PN）,18 无源电子件,待提取：本稿尚未取得该环节专项资料；不能据此断言厂商未披露,未提取/待检索,,UNKNOWN,2026-10-03,当前公开目录列出；800G GA不能移给此1.6T族。,产品族披露
R111,Credo,1.6T 2×FR4 ZeroFlap,UNKNOWN（目录无PN）,19 热管理,UNKNOWN（本次所核来源未披露）；具体散热器、材料与热设计UNKNOWN,UNKNOWN,https://credosemi.com/products/zeroflap-optical-transceivers/ | Credo ZeroFlap Optical Transceivers（当前目录）,UNKNOWN,2026-10-03,当前公开目录列出；800G GA不能移给此1.6T族。,产品族披露
R111,Credo,1.6T 2×FR4 ZeroFlap,UNKNOWN（目录无PN）,20 总体封装,OSFP IHS/RHS；双duplex LC。,厂商直接披露,https://credosemi.com/products/zeroflap-optical-transceivers/ | Credo ZeroFlap Optical Transceivers（当前目录）,UNKNOWN,2026-10-03,当前公开目录列出；800G GA不能移给此1.6T族。,产品族披露
R112,ADTRAN,LiteWave800,LiteWave800（具体PN UNKNOWN）,01 主机电接口,800G，依赖主机ASIC；细分电lane未列。,部分披露/有保留,"https://www.adtran.com/en/products-and-services/litewave800 | ADTRAN LiteWave800
https://www.adtran.com/-/media/adtran/resources/slides/2026/260310-litewave-800.pdf?rev=-1 | ADTRAN LiteWave800 presentation
https://www.adtran.com/de-de/newsroom/press-releases/20260310-adtran-sets-intra-data-center-benchmark-with-all-new-ultra-low-power-litewave800-lpo-module | ADTRAN announces LiteWave800
https://www.adtran.com/en/innovation/pluggable-optics | ADTRAN Pluggable Optics（当前目录）",UNKNOWN；2026-03-10,2026-10-03,2026-03-10发布并列于当前产品页；未核批量交付。,产品族披露
R112,ADTRAN,LiteWave800,LiteWave800（具体PN UNKNOWN）,02 PCB与电连接,待提取：本稿尚未取得该环节专项资料；不能据此断言厂商未披露,未提取/待检索,,UNKNOWN；2026-03-10,2026-10-03,2026-03-10发布并列于当前产品页；未核批量交付。,产品族披露
R112,ADTRAN,LiteWave800,LiteWave800（具体PN UNKNOWN）,03 电处理,LPO，消除模块DSP。,厂商直接披露,"https://www.adtran.com/en/products-and-services/litewave800 | ADTRAN LiteWave800
https://www.adtran.com/-/media/adtran/resources/slides/2026/260310-litewave-800.pdf?rev=-1 | ADTRAN LiteWave800 presentation
https://www.adtran.com/de-de/newsroom/press-releases/20260310-adtran-sets-intra-data-center-benchmark-with-all-new-ultra-low-power-litewave800-lpo-module | ADTRAN announces LiteWave800
https://www.adtran.com/en/innovation/pluggable-optics | ADTRAN Pluggable Optics（当前目录）",UNKNOWN；2026-03-10,2026-10-03,2026-03-10发布并列于当前产品页；未核批量交付。,产品族披露
R112,ADTRAN,LiteWave800,LiteWave800（具体PN UNKNOWN）,04 驱动,待提取：本稿尚未取得该环节专项资料；不能据此断言厂商未披露,未提取/待检索,,UNKNOWN；2026-03-10,2026-10-03,2026-03-10发布并列于当前产品页；未核批量交付。,产品族披露
R112,ADTRAN,LiteWave800,LiteWave800（具体PN UNKNOWN）,05 发光与调制,SM-VCSEL单模VCSEL＋自研低功耗电路；非通常多模850nm VCSEL定义。,厂商直接披露,"https://www.adtran.com/en/products-and-services/litewave800 | ADTRAN LiteWave800
https://www.adtran.com/-/media/adtran/resources/slides/2026/260310-litewave-800.pdf?rev=-1 | ADTRAN LiteWave800 presentation
https://www.adtran.com/de-de/newsroom/press-releases/20260310-adtran-sets-intra-data-center-benchmark-with-all-new-ultra-low-power-litewave800-lpo-module | ADTRAN announces LiteWave800
https://www.adtran.com/en/innovation/pluggable-optics | ADTRAN Pluggable Optics（当前目录）",UNKNOWN；2026-03-10,2026-10-03,2026-03-10发布并列于当前产品页；未核批量交付。,产品族披露
R112,ADTRAN,LiteWave800,LiteWave800（具体PN UNKNOWN）,06 载体与芯片互连,待提取：本稿尚未取得该环节专项资料；不能据此断言厂商未披露,未提取/待检索,,UNKNOWN；2026-03-10,2026-10-03,2026-03-10发布并列于当前产品页；未核批量交付。,产品族披露
R112,ADTRAN,LiteWave800,LiteWave800（具体PN UNKNOWN）,07 发射耦合,待提取：本稿尚未取得该环节专项资料；不能据此断言厂商未披露,未提取/待检索,,UNKNOWN；2026-03-10,2026-10-03,2026-03-10发布并列于当前产品页；未核批量交付。,产品族披露
R112,ADTRAN,LiteWave800,LiteWave800（具体PN UNKNOWN）,08 合波,DR8并行；内部光路未公开。,厂商直接披露,"https://www.adtran.com/en/products-and-services/litewave800 | ADTRAN LiteWave800
https://www.adtran.com/-/media/adtran/resources/slides/2026/260310-litewave-800.pdf?rev=-1 | ADTRAN LiteWave800 presentation
https://www.adtran.com/de-de/newsroom/press-releases/20260310-adtran-sets-intra-data-center-benchmark-with-all-new-ultra-low-power-litewave800-lpo-module | ADTRAN announces LiteWave800
https://www.adtran.com/en/innovation/pluggable-optics | ADTRAN Pluggable Optics（当前目录）",UNKNOWN；2026-03-10,2026-10-03,2026-03-10发布并列于当前产品页；未核批量交付。,产品族披露
R112,ADTRAN,LiteWave800,LiteWave800（具体PN UNKNOWN）,09 外部光接口,DR8，100G-DR-LPO光接口。；距离：本产品资料未明确保证距离；100G-DR-LPO标准的500m不自动当产品实测。；光纤接口见封装字段：OSFP；CMIS-VCS；具体光连接器未列。,部分披露/有保留,"https://www.adtran.com/en/products-and-services/litewave800 | ADTRAN LiteWave800
https://www.adtran.com/-/media/adtran/resources/slides/2026/260310-litewave-800.pdf?rev=-1 | ADTRAN LiteWave800 presentation
https://www.adtran.com/de-de/newsroom/press-releases/20260310-adtran-sets-intra-data-center-benchmark-with-all-new-ultra-low-power-litewave800-lpo-module | ADTRAN announces LiteWave800
https://www.adtran.com/en/innovation/pluggable-optics | ADTRAN Pluggable Optics（当前目录）",UNKNOWN；2026-03-10,2026-10-03,2026-03-10发布并列于当前产品页；未核批量交付。,产品族披露
R112,ADTRAN,LiteWave800,LiteWave800（具体PN UNKNOWN）,10 分波,DR8并行；内部光路未公开。,厂商直接披露,"https://www.adtran.com/en/products-and-services/litewave800 | ADTRAN LiteWave800
https://www.adtran.com/-/media/adtran/resources/slides/2026/260310-litewave-800.pdf?rev=-1 | ADTRAN LiteWave800 presentation
https://www.adtran.com/de-de/newsroom/press-releases/20260310-adtran-sets-intra-data-center-benchmark-with-all-new-ultra-low-power-litewave800-lpo-module | ADTRAN announces LiteWave800
https://www.adtran.com/en/innovation/pluggable-optics | ADTRAN Pluggable Optics（当前目录）",UNKNOWN；2026-03-10,2026-10-03,2026-03-10发布并列于当前产品页；未核批量交付。,产品族披露
R112,ADTRAN,LiteWave800,LiteWave800（具体PN UNKNOWN）,11 接收耦合,待提取：本稿尚未取得该环节专项资料；不能据此断言厂商未披露,未提取/待检索,,UNKNOWN；2026-03-10,2026-10-03,2026-03-10发布并列于当前产品页；未核批量交付。,产品族披露
R112,ADTRAN,LiteWave800,LiteWave800（具体PN UNKNOWN）,12 探测器,具体PD/TIA UNKNOWN。（探测器与接收放大联合披露，未给出部分保持UNKNOWN）,部分披露/有保留,"https://www.adtran.com/en/products-and-services/litewave800 | ADTRAN LiteWave800
https://www.adtran.com/-/media/adtran/resources/slides/2026/260310-litewave-800.pdf?rev=-1 | ADTRAN LiteWave800 presentation
https://www.adtran.com/de-de/newsroom/press-releases/20260310-adtran-sets-intra-data-center-benchmark-with-all-new-ultra-low-power-litewave800-lpo-module | ADTRAN announces LiteWave800
https://www.adtran.com/en/innovation/pluggable-optics | ADTRAN Pluggable Optics（当前目录）",UNKNOWN；2026-03-10,2026-10-03,2026-03-10发布并列于当前产品页；未核批量交付。,产品族披露
R112,ADTRAN,LiteWave800,LiteWave800（具体PN UNKNOWN）,13 接收放大,具体PD/TIA UNKNOWN。（探测器与接收放大联合披露，未给出部分保持UNKNOWN）,部分披露/有保留,"https://www.adtran.com/en/products-and-services/litewave800 | ADTRAN LiteWave800
https://www.adtran.com/-/media/adtran/resources/slides/2026/260310-litewave-800.pdf?rev=-1 | ADTRAN LiteWave800 presentation
https://www.adtran.com/de-de/newsroom/press-releases/20260310-adtran-sets-intra-data-center-benchmark-with-all-new-ultra-low-power-litewave800-lpo-module | ADTRAN announces LiteWave800
https://www.adtran.com/en/innovation/pluggable-optics | ADTRAN Pluggable Optics（当前目录）",UNKNOWN；2026-03-10,2026-10-03,2026-03-10发布并列于当前产品页；未核批量交付。,产品族披露
R112,ADTRAN,LiteWave800,LiteWave800（具体PN UNKNOWN）,14 控制,待提取：本稿尚未取得该环节专项资料；不能据此断言厂商未披露,未提取/待检索,,UNKNOWN；2026-03-10,2026-10-03,2026-03-10发布并列于当前产品页；未核批量交付。,产品族披露
R112,ADTRAN,LiteWave800,LiteWave800（具体PN UNKNOWN）,15 非易失存储,待提取：本稿尚未取得该环节专项资料；不能据此断言厂商未披露,未提取/待检索,,UNKNOWN；2026-03-10,2026-10-03,2026-03-10发布并列于当前产品页；未核批量交付。,产品族披露
R112,ADTRAN,LiteWave800,LiteWave800（具体PN UNKNOWN）,16 电源,待提取：本稿尚未取得该环节专项资料；不能据此断言厂商未披露,未提取/待检索,,UNKNOWN；2026-03-10,2026-10-03,2026-03-10发布并列于当前产品页；未核批量交付。,产品族披露
R112,ADTRAN,LiteWave800,LiteWave800（具体PN UNKNOWN）,17 时钟,待提取：本稿尚未取得该环节专项资料；不能据此断言厂商未披露,未提取/待检索,,UNKNOWN；2026-03-10,2026-10-03,2026-03-10发布并列于当前产品页；未核批量交付。,产品族披露
R112,ADTRAN,LiteWave800,LiteWave800（具体PN UNKNOWN）,18 无源电子件,待提取：本稿尚未取得该环节专项资料；不能据此断言厂商未披露,未提取/待检索,,UNKNOWN；2026-03-10,2026-10-03,2026-03-10发布并列于当前产品页；未核批量交付。,产品族披露
R112,ADTRAN,LiteWave800,LiteWave800（具体PN UNKNOWN）,19 热管理,模块级1pJ/bit为厂家主张；未以算式替代实测W值。；具体散热器、材料与热设计UNKNOWN,部分披露/有保留,"https://www.adtran.com/en/products-and-services/litewave800 | ADTRAN LiteWave800
https://www.adtran.com/-/media/adtran/resources/slides/2026/260310-litewave-800.pdf?rev=-1 | ADTRAN LiteWave800 presentation
https://www.adtran.com/de-de/newsroom/press-releases/20260310-adtran-sets-intra-data-center-benchmark-with-all-new-ultra-low-power-litewave800-lpo-module | ADTRAN announces LiteWave800
https://www.adtran.com/en/innovation/pluggable-optics | ADTRAN Pluggable Optics（当前目录）",UNKNOWN；2026-03-10,2026-10-03,2026-03-10发布并列于当前产品页；未核批量交付。,产品族披露
R112,ADTRAN,LiteWave800,LiteWave800（具体PN UNKNOWN）,20 总体封装,OSFP；CMIS-VCS；具体光连接器未列。,部分披露/有保留,"https://www.adtran.com/en/products-and-services/litewave800 | ADTRAN LiteWave800
https://www.adtran.com/-/media/adtran/resources/slides/2026/260310-litewave-800.pdf?rev=-1 | ADTRAN LiteWave800 presentation
https://www.adtran.com/de-de/newsroom/press-releases/20260310-adtran-sets-intra-data-center-benchmark-with-all-new-ultra-low-power-litewave800-lpo-module | ADTRAN announces LiteWave800
https://www.adtran.com/en/innovation/pluggable-optics | ADTRAN Pluggable Optics（当前目录）",UNKNOWN；2026-03-10,2026-10-03,2026-03-10发布并列于当前产品页；未核批量交付。,产品族披露
R113,Smartoptics,800G QSFP-DD 2×DR4,TD8002-S31C-SO,01 主机电接口,8×106.25G，800GAUI-8；2×400/8×100 breakout。,厂商直接披露,"https://smartoptics.com/wp-content/uploads/2025/02/ds-td8002-s31c-so-qsfp-dd800-800g-2xdr4-r6.1.pdf | Smartoptics TD8002-S31C-SO，R6.1
https://smartoptics.com/products/optical-transceivers/ | Smartoptics Optical Transceivers（当前目录）",UNKNOWN（路径2025-02非文内发布日期）；UNKNOWN,2026-10-03,公开datasheet/订购号；未核该SKU销量。,产品族披露
R113,Smartoptics,800G QSFP-DD 2×DR4,TD8002-S31C-SO,02 PCB与电连接,待提取：本稿尚未取得该环节专项资料；不能据此断言厂商未披露,未提取/待检索,,UNKNOWN（路径2025-02非文内发布日期）；UNKNOWN,2026-10-03,公开datasheet/订购号；未核该SKU销量。,产品族披露
R113,Smartoptics,800G QSFP-DD 2×DR4,TD8002-S31C-SO,03 电处理,DSP/retimer型号未列；host FEC不证明无DSP。,部分披露/有保留,"https://smartoptics.com/wp-content/uploads/2025/02/ds-td8002-s31c-so-qsfp-dd800-800g-2xdr4-r6.1.pdf | Smartoptics TD8002-S31C-SO，R6.1
https://smartoptics.com/products/optical-transceivers/ | Smartoptics Optical Transceivers（当前目录）",UNKNOWN（路径2025-02非文内发布日期）；UNKNOWN,2026-10-03,公开datasheet/订购号；未核该SKU销量。,产品族披露
R113,Smartoptics,800G QSFP-DD 2×DR4,TD8002-S31C-SO,04 驱动,待提取：本稿尚未取得该环节专项资料；不能据此断言厂商未披露,未提取/待检索,,UNKNOWN（路径2025-02非文内发布日期）；UNKNOWN,2026-10-03,公开datasheet/订购号；未核该SKU销量。,产品族披露
R113,Smartoptics,800G QSFP-DD 2×DR4,TD8002-S31C-SO,05 发光与调制,激光/调制器类型UNKNOWN。,部分披露/有保留,"https://smartoptics.com/wp-content/uploads/2025/02/ds-td8002-s31c-so-qsfp-dd800-800g-2xdr4-r6.1.pdf | Smartoptics TD8002-S31C-SO，R6.1
https://smartoptics.com/products/optical-transceivers/ | Smartoptics Optical Transceivers（当前目录）",UNKNOWN（路径2025-02非文内发布日期）；UNKNOWN,2026-10-03,公开datasheet/订购号；未核该SKU销量。,产品族披露
R113,Smartoptics,800G QSFP-DD 2×DR4,TD8002-S31C-SO,06 载体与芯片互连,待提取：本稿尚未取得该环节专项资料；不能据此断言厂商未披露,未提取/待检索,,UNKNOWN（路径2025-02非文内发布日期）；UNKNOWN,2026-10-03,公开datasheet/订购号；未核该SKU销量。,产品族披露
R113,Smartoptics,800G QSFP-DD 2×DR4,TD8002-S31C-SO,07 发射耦合,待提取：本稿尚未取得该环节专项资料；不能据此断言厂商未披露,未提取/待检索,,UNKNOWN（路径2025-02非文内发布日期）；UNKNOWN,2026-10-03,公开datasheet/订购号；未核该SKU销量。,产品族披露
R113,Smartoptics,800G QSFP-DD 2×DR4,TD8002-S31C-SO,08 合波,并行接口，内部实现未列。,部分披露/有保留,"https://smartoptics.com/wp-content/uploads/2025/02/ds-td8002-s31c-so-qsfp-dd800-800g-2xdr4-r6.1.pdf | Smartoptics TD8002-S31C-SO，R6.1
https://smartoptics.com/products/optical-transceivers/ | Smartoptics Optical Transceivers（当前目录）",UNKNOWN（路径2025-02非文内发布日期）；UNKNOWN,2026-10-03,公开datasheet/订购号；未核该SKU销量。,产品族披露
R113,Smartoptics,800G QSFP-DD 2×DR4,TD8002-S31C-SO,09 外部光接口,8路PAM4，53.125GBd，1311nm并行SMF。；距离：500m。；光纤接口见封装字段：QSFP-DD800；双MPO-12 APC；CMIS5.0；0–70°C。,厂商直接披露,"https://smartoptics.com/wp-content/uploads/2025/02/ds-td8002-s31c-so-qsfp-dd800-800g-2xdr4-r6.1.pdf | Smartoptics TD8002-S31C-SO，R6.1
https://smartoptics.com/products/optical-transceivers/ | Smartoptics Optical Transceivers（当前目录）",UNKNOWN（路径2025-02非文内发布日期）；UNKNOWN,2026-10-03,公开datasheet/订购号；未核该SKU销量。,产品族披露
R113,Smartoptics,800G QSFP-DD 2×DR4,TD8002-S31C-SO,10 分波,并行接口，内部实现未列。,部分披露/有保留,"https://smartoptics.com/wp-content/uploads/2025/02/ds-td8002-s31c-so-qsfp-dd800-800g-2xdr4-r6.1.pdf | Smartoptics TD8002-S31C-SO，R6.1
https://smartoptics.com/products/optical-transceivers/ | Smartoptics Optical Transceivers（当前目录）",UNKNOWN（路径2025-02非文内发布日期）；UNKNOWN,2026-10-03,公开datasheet/订购号；未核该SKU销量。,产品族披露
R113,Smartoptics,800G QSFP-DD 2×DR4,TD8002-S31C-SO,11 接收耦合,待提取：本稿尚未取得该环节专项资料；不能据此断言厂商未披露,未提取/待检索,,UNKNOWN（路径2025-02非文内发布日期）；UNKNOWN,2026-10-03,公开datasheet/订购号；未核该SKU销量。,产品族披露
R113,Smartoptics,800G QSFP-DD 2×DR4,TD8002-S31C-SO,12 探测器,PAM4接收规格；PD/TIA未列。（探测器与接收放大联合披露，未给出部分保持UNKNOWN）,部分披露/有保留,"https://smartoptics.com/wp-content/uploads/2025/02/ds-td8002-s31c-so-qsfp-dd800-800g-2xdr4-r6.1.pdf | Smartoptics TD8002-S31C-SO，R6.1
https://smartoptics.com/products/optical-transceivers/ | Smartoptics Optical Transceivers（当前目录）",UNKNOWN（路径2025-02非文内发布日期）；UNKNOWN,2026-10-03,公开datasheet/订购号；未核该SKU销量。,产品族披露
R113,Smartoptics,800G QSFP-DD 2×DR4,TD8002-S31C-SO,13 接收放大,PAM4接收规格；PD/TIA未列。（探测器与接收放大联合披露，未给出部分保持UNKNOWN）,部分披露/有保留,"https://smartoptics.com/wp-content/uploads/2025/02/ds-td8002-s31c-so-qsfp-dd800-800g-2xdr4-r6.1.pdf | Smartoptics TD8002-S31C-SO，R6.1
https://smartoptics.com/products/optical-transceivers/ | Smartoptics Optical Transceivers（当前目录）",UNKNOWN（路径2025-02非文内发布日期）；UNKNOWN,2026-10-03,公开datasheet/订购号；未核该SKU销量。,产品族披露
R113,Smartoptics,800G QSFP-DD 2×DR4,TD8002-S31C-SO,14 控制,管理接口：CMIS5.0；MCU型号和集成位置UNKNOWN,部分披露/有保留,"https://smartoptics.com/wp-content/uploads/2025/02/ds-td8002-s31c-so-qsfp-dd800-800g-2xdr4-r6.1.pdf | Smartoptics TD8002-S31C-SO，R6.1
https://smartoptics.com/products/optical-transceivers/ | Smartoptics Optical Transceivers（当前目录）",UNKNOWN（路径2025-02非文内发布日期）；UNKNOWN,2026-10-03,公开datasheet/订购号；未核该SKU销量。,产品族披露
R113,Smartoptics,800G QSFP-DD 2×DR4,TD8002-S31C-SO,15 非易失存储,待提取：本稿尚未取得该环节专项资料；不能据此断言厂商未披露,未提取/待检索,,UNKNOWN（路径2025-02非文内发布日期）；UNKNOWN,2026-10-03,公开datasheet/订购号；未核该SKU销量。,产品族披露
R113,Smartoptics,800G QSFP-DD 2×DR4,TD8002-S31C-SO,16 电源,待提取：本稿尚未取得该环节专项资料；不能据此断言厂商未披露,未提取/待检索,,UNKNOWN（路径2025-02非文内发布日期）；UNKNOWN,2026-10-03,公开datasheet/订购号；未核该SKU销量。,产品族披露
R113,Smartoptics,800G QSFP-DD 2×DR4,TD8002-S31C-SO,17 时钟,待提取：本稿尚未取得该环节专项资料；不能据此断言厂商未披露,未提取/待检索,,UNKNOWN（路径2025-02非文内发布日期）；UNKNOWN,2026-10-03,公开datasheet/订购号；未核该SKU销量。,产品族披露
R113,Smartoptics,800G QSFP-DD 2×DR4,TD8002-S31C-SO,18 无源电子件,待提取：本稿尚未取得该环节专项资料；不能据此断言厂商未披露,未提取/待检索,,UNKNOWN（路径2025-02非文内发布日期）；UNKNOWN,2026-10-03,公开datasheet/订购号；未核该SKU销量。,产品族披露
R113,Smartoptics,800G QSFP-DD 2×DR4,TD8002-S31C-SO,19 热管理,<14W（文档定义为worst case）。；具体散热器、材料与热设计UNKNOWN,部分披露/有保留,"https://smartoptics.com/wp-content/uploads/2025/02/ds-td8002-s31c-so-qsfp-dd800-800g-2xdr4-r6.1.pdf | Smartoptics TD8002-S31C-SO，R6.1
https://smartoptics.com/products/optical-transceivers/ | Smartoptics Optical Transceivers（当前目录）",UNKNOWN（路径2025-02非文内发布日期）；UNKNOWN,2026-10-03,公开datasheet/订购号；未核该SKU销量。,产品族披露
R113,Smartoptics,800G QSFP-DD 2×DR4,TD8002-S31C-SO,20 总体封装,QSFP-DD800；双MPO-12 APC；CMIS5.0；0–70°C。,厂商直接披露,"https://smartoptics.com/wp-content/uploads/2025/02/ds-td8002-s31c-so-qsfp-dd800-800g-2xdr4-r6.1.pdf | Smartoptics TD8002-S31C-SO，R6.1
https://smartoptics.com/products/optical-transceivers/ | Smartoptics Optical Transceivers（当前目录）",UNKNOWN（路径2025-02非文内发布日期）；UNKNOWN,2026-10-03,公开datasheet/订购号；未核该SKU销量。,产品族披露
R114,Smartoptics,800G OpenROADM PCS QSFP-DD,TD8006-TUNC-SO（标题；订购表另写TQD006-TUNC-SO）,01 主机电接口,800GAUI-8及400/200/100G接口；可聚合8×100/4×200/2×400。,厂商直接披露,"https://smartoptics.com/wp-content/uploads/2025/07/ds-td8006-tunc-so-qsfp-dd800-800g-openroadm-pcs-r6.0.pdf | Smartoptics TD8006-TUNC-SO，R6.0
https://smartoptics.com/products/optical-transceivers/qsfp-dd/ | Smartoptics QSFP-DD 400G/800G
https://smartoptics.com/products/optical-transceivers/ | Smartoptics Optical Transceivers（当前目录）",UNKNOWN（路径2025-07非文内发布日期）；UNKNOWN,2026-10-03,公开规格及订购表；本轮未核出货。,产品族披露
R114,Smartoptics,800G OpenROADM PCS QSFP-DD,TD8006-TUNC-SO（标题；订购表另写TQD006-TUNC-SO）,02 PCB与电连接,待提取：本稿尚未取得该环节专项资料；不能据此断言厂商未披露,未提取/待检索,,UNKNOWN（路径2025-07非文内发布日期）；UNKNOWN,2026-10-03,公开规格及订购表；本轮未核出货。,产品族披露
R114,Smartoptics,800G OpenROADM PCS QSFP-DD,TD8006-TUNC-SO（标题；订购表另写TQD006-TUNC-SO）,03 电处理,DSP framing＋相干双偏振；DSP供应商/制程未列。,部分披露/有保留,"https://smartoptics.com/wp-content/uploads/2025/07/ds-td8006-tunc-so-qsfp-dd800-800g-openroadm-pcs-r6.0.pdf | Smartoptics TD8006-TUNC-SO，R6.0
https://smartoptics.com/products/optical-transceivers/qsfp-dd/ | Smartoptics QSFP-DD 400G/800G
https://smartoptics.com/products/optical-transceivers/ | Smartoptics Optical Transceivers（当前目录）",UNKNOWN（路径2025-07非文内发布日期）；UNKNOWN,2026-10-03,公开规格及订购表；本轮未核出货。,产品族披露
R114,Smartoptics,800G OpenROADM PCS QSFP-DD,TD8006-TUNC-SO（标题；订购表另写TQD006-TUNC-SO）,04 驱动,待提取：本稿尚未取得该环节专项资料；不能据此断言厂商未披露,未提取/待检索,,UNKNOWN（路径2025-07非文内发布日期）；UNKNOWN,2026-10-03,公开规格及订购表；本轮未核出货。,产品族披露
R114,Smartoptics,800G OpenROADM PCS QSFP-DD,TD8006-TUNC-SO（标题；订购表另写TQD006-TUNC-SO）,05 发光与调制,可调谐光源/PIC材料和结构UNKNOWN。,部分披露/有保留,"https://smartoptics.com/wp-content/uploads/2025/07/ds-td8006-tunc-so-qsfp-dd800-800g-openroadm-pcs-r6.0.pdf | Smartoptics TD8006-TUNC-SO，R6.0
https://smartoptics.com/products/optical-transceivers/qsfp-dd/ | Smartoptics QSFP-DD 400G/800G
https://smartoptics.com/products/optical-transceivers/ | Smartoptics Optical Transceivers（当前目录）",UNKNOWN（路径2025-07非文内发布日期）；UNKNOWN,2026-10-03,公开规格及订购表；本轮未核出货。,产品族披露
R114,Smartoptics,800G OpenROADM PCS QSFP-DD,TD8006-TUNC-SO（标题；订购表另写TQD006-TUNC-SO）,06 载体与芯片互连,待提取：本稿尚未取得该环节专项资料；不能据此断言厂商未披露,未提取/待检索,,UNKNOWN（路径2025-07非文内发布日期）；UNKNOWN,2026-10-03,公开规格及订购表；本轮未核出货。,产品族披露
R114,Smartoptics,800G OpenROADM PCS QSFP-DD,TD8006-TUNC-SO（标题；订购表另写TQD006-TUNC-SO）,07 发射耦合,待提取：本稿尚未取得该环节专项资料；不能据此断言厂商未披露,未提取/待检索,,UNKNOWN（路径2025-07非文内发布日期）；UNKNOWN,2026-10-03,公开规格及订购表；本轮未核出货。,产品族披露
R114,Smartoptics,800G OpenROADM PCS QSFP-DD,TD8006-TUNC-SO（标题；订购表另写TQD006-TUNC-SO）,08 合波,DWDM单载波；host流聚合为电复用，不是多颗激光证明。,厂商直接披露,"https://smartoptics.com/wp-content/uploads/2025/07/ds-td8006-tunc-so-qsfp-dd800-800g-openroadm-pcs-r6.0.pdf | Smartoptics TD8006-TUNC-SO，R6.0
https://smartoptics.com/products/optical-transceivers/qsfp-dd/ | Smartoptics QSFP-DD 400G/800G
https://smartoptics.com/products/optical-transceivers/ | Smartoptics Optical Transceivers（当前目录）",UNKNOWN（路径2025-07非文内发布日期）；UNKNOWN,2026-10-03,公开规格及订购表；本轮未核出货。,产品族披露
R114,Smartoptics,800G OpenROADM PCS QSFP-DD,TD8006-TUNC-SO（标题；订购表另写TQD006-TUNC-SO）,09 外部光接口,800G PCS-131，131.3GBd；400–600G多模式；C-band可调。；距离：文档给色散补偿/OSNR，未给统一实际链路km保证。；光纤接口见封装字段：QSFP-DD type2a，LC，CMIS5.3，15–75°C。,厂商直接披露,"https://smartoptics.com/wp-content/uploads/2025/07/ds-td8006-tunc-so-qsfp-dd800-800g-openroadm-pcs-r6.0.pdf | Smartoptics TD8006-TUNC-SO，R6.0
https://smartoptics.com/products/optical-transceivers/qsfp-dd/ | Smartoptics QSFP-DD 400G/800G
https://smartoptics.com/products/optical-transceivers/ | Smartoptics Optical Transceivers（当前目录）",UNKNOWN（路径2025-07非文内发布日期）；UNKNOWN,2026-10-03,公开规格及订购表；本轮未核出货。,产品族披露
R114,Smartoptics,800G OpenROADM PCS QSFP-DD,TD8006-TUNC-SO（标题；订购表另写TQD006-TUNC-SO）,10 分波,DWDM单载波；host流聚合为电复用，不是多颗激光证明。,厂商直接披露,"https://smartoptics.com/wp-content/uploads/2025/07/ds-td8006-tunc-so-qsfp-dd800-800g-openroadm-pcs-r6.0.pdf | Smartoptics TD8006-TUNC-SO，R6.0
https://smartoptics.com/products/optical-transceivers/qsfp-dd/ | Smartoptics QSFP-DD 400G/800G
https://smartoptics.com/products/optical-transceivers/ | Smartoptics Optical Transceivers（当前目录）",UNKNOWN（路径2025-07非文内发布日期）；UNKNOWN,2026-10-03,公开规格及订购表；本轮未核出货。,产品族披露
R114,Smartoptics,800G OpenROADM PCS QSFP-DD,TD8006-TUNC-SO（标题；订购表另写TQD006-TUNC-SO）,11 接收耦合,待提取：本稿尚未取得该环节专项资料；不能据此断言厂商未披露,未提取/待检索,,UNKNOWN（路径2025-07非文内发布日期）；UNKNOWN,2026-10-03,公开规格及订购表；本轮未核出货。,产品族披露
R114,Smartoptics,800G OpenROADM PCS QSFP-DD,TD8006-TUNC-SO（标题；订购表另写TQD006-TUNC-SO）,12 探测器,相干接收；PD/TIA细分未列。（探测器与接收放大联合披露，未给出部分保持UNKNOWN）,部分披露/有保留,"https://smartoptics.com/wp-content/uploads/2025/07/ds-td8006-tunc-so-qsfp-dd800-800g-openroadm-pcs-r6.0.pdf | Smartoptics TD8006-TUNC-SO，R6.0
https://smartoptics.com/products/optical-transceivers/qsfp-dd/ | Smartoptics QSFP-DD 400G/800G
https://smartoptics.com/products/optical-transceivers/ | Smartoptics Optical Transceivers（当前目录）",UNKNOWN（路径2025-07非文内发布日期）；UNKNOWN,2026-10-03,公开规格及订购表；本轮未核出货。,产品族披露
R114,Smartoptics,800G OpenROADM PCS QSFP-DD,TD8006-TUNC-SO（标题；订购表另写TQD006-TUNC-SO）,13 接收放大,相干接收；PD/TIA细分未列。（探测器与接收放大联合披露，未给出部分保持UNKNOWN）,部分披露/有保留,"https://smartoptics.com/wp-content/uploads/2025/07/ds-td8006-tunc-so-qsfp-dd800-800g-openroadm-pcs-r6.0.pdf | Smartoptics TD8006-TUNC-SO，R6.0
https://smartoptics.com/products/optical-transceivers/qsfp-dd/ | Smartoptics QSFP-DD 400G/800G
https://smartoptics.com/products/optical-transceivers/ | Smartoptics Optical Transceivers（当前目录）",UNKNOWN（路径2025-07非文内发布日期）；UNKNOWN,2026-10-03,公开规格及订购表；本轮未核出货。,产品族披露
R114,Smartoptics,800G OpenROADM PCS QSFP-DD,TD8006-TUNC-SO（标题；订购表另写TQD006-TUNC-SO）,14 控制,管理接口：CMIS5.3；MCU型号和集成位置UNKNOWN,部分披露/有保留,"https://smartoptics.com/wp-content/uploads/2025/07/ds-td8006-tunc-so-qsfp-dd800-800g-openroadm-pcs-r6.0.pdf | Smartoptics TD8006-TUNC-SO，R6.0
https://smartoptics.com/products/optical-transceivers/qsfp-dd/ | Smartoptics QSFP-DD 400G/800G
https://smartoptics.com/products/optical-transceivers/ | Smartoptics Optical Transceivers（当前目录）",UNKNOWN（路径2025-07非文内发布日期）；UNKNOWN,2026-10-03,公开规格及订购表；本轮未核出货。,产品族披露
R114,Smartoptics,800G OpenROADM PCS QSFP-DD,TD8006-TUNC-SO（标题；订购表另写TQD006-TUNC-SO）,15 非易失存储,待提取：本稿尚未取得该环节专项资料；不能据此断言厂商未披露,未提取/待检索,,UNKNOWN（路径2025-07非文内发布日期）；UNKNOWN,2026-10-03,公开规格及订购表；本轮未核出货。,产品族披露
R114,Smartoptics,800G OpenROADM PCS QSFP-DD,TD8006-TUNC-SO（标题；订购表另写TQD006-TUNC-SO）,16 电源,待提取：本稿尚未取得该环节专项资料；不能据此断言厂商未披露,未提取/待检索,,UNKNOWN（路径2025-07非文内发布日期）；UNKNOWN,2026-10-03,公开规格及订购表；本轮未核出货。,产品族披露
R114,Smartoptics,800G OpenROADM PCS QSFP-DD,TD8006-TUNC-SO（标题；订购表另写TQD006-TUNC-SO）,17 时钟,待提取：本稿尚未取得该环节专项资料；不能据此断言厂商未披露,未提取/待检索,,UNKNOWN（路径2025-07非文内发布日期）；UNKNOWN,2026-10-03,公开规格及订购表；本轮未核出货。,产品族披露
R114,Smartoptics,800G OpenROADM PCS QSFP-DD,TD8006-TUNC-SO（标题；订购表另写TQD006-TUNC-SO）,18 无源电子件,待提取：本稿尚未取得该环节专项资料；不能据此断言厂商未披露,未提取/待检索,,UNKNOWN（路径2025-07非文内发布日期）；UNKNOWN,2026-10-03,公开规格及订购表；本轮未核出货。,产品族披露
R114,Smartoptics,800G OpenROADM PCS QSFP-DD,TD8006-TUNC-SO（标题；订购表另写TQD006-TUNC-SO）,19 热管理,800G模式30.0W worst-case，默认CD范围且Muxponder模式；不可视为typ。；具体散热器、材料与热设计UNKNOWN,部分披露/有保留,"https://smartoptics.com/wp-content/uploads/2025/07/ds-td8006-tunc-so-qsfp-dd800-800g-openroadm-pcs-r6.0.pdf | Smartoptics TD8006-TUNC-SO，R6.0
https://smartoptics.com/products/optical-transceivers/qsfp-dd/ | Smartoptics QSFP-DD 400G/800G
https://smartoptics.com/products/optical-transceivers/ | Smartoptics Optical Transceivers（当前目录）",UNKNOWN（路径2025-07非文内发布日期）；UNKNOWN,2026-10-03,公开规格及订购表；本轮未核出货。,产品族披露
R114,Smartoptics,800G OpenROADM PCS QSFP-DD,TD8006-TUNC-SO（标题；订购表另写TQD006-TUNC-SO）,20 总体封装,QSFP-DD type2a，LC，CMIS5.3，15–75°C。,厂商直接披露,"https://smartoptics.com/wp-content/uploads/2025/07/ds-td8006-tunc-so-qsfp-dd800-800g-openroadm-pcs-r6.0.pdf | Smartoptics TD8006-TUNC-SO，R6.0
https://smartoptics.com/products/optical-transceivers/qsfp-dd/ | Smartoptics QSFP-DD 400G/800G
https://smartoptics.com/products/optical-transceivers/ | Smartoptics Optical Transceivers（当前目录）",UNKNOWN（路径2025-07非文内发布日期）；UNKNOWN,2026-10-03,公开规格及订购表；本轮未核出货。,产品族披露
R115,Jabil,1.6T DR8 OSFP IHS,OS8DS3M2Cxx0PAM（订购模式，xx可配置）,01 主机电接口,8×200G；PAM4 106.25GBd。,厂商直接披露,"https://www.jabil.com/dam/jcr:cec3b44a-6968-41ef-af6e-d2b3901043f7/Jabil_1.6T%20DR8-DR8%2B-2xDR4-2xDR4%2B%20Transceiver%20Datasheet_07.pdf | Jabil 1.6T DR8/DR8+/2xDR4/2xDR4+ datasheet，1.0
https://www.jabil.com/news/jabil-launches-1.6t-pluggable-transceiver.html | Jabil Launches 1.6T Pluggable Transceiver — Intel SiPh platform
https://www.jabil.com/industries/photonics.html | Jabil Photonics（当前产品及服务目录）",2025-01-15（初版；当前PDF版权2026）；2025-04-01；UNKNOWN,2026-10-03,2025-04-01发布；当前datasheet有订购模式，未核SKU批量出货。,产品族披露
R115,Jabil,1.6T DR8 OSFP IHS,OS8DS3M2Cxx0PAM（订购模式，xx可配置）,02 PCB与电连接,待提取：本稿尚未取得该环节专项资料；不能据此断言厂商未披露,未提取/待检索,,2025-01-15（初版；当前PDF版权2026）；2025-04-01；UNKNOWN,2026-10-03,2025-04-01发布；当前datasheet有订购模式，未核SKU批量出货。,产品族披露
R115,Jabil,1.6T DR8 OSFP IHS,OS8DS3M2Cxx0PAM（订购模式，xx可配置）,03 电处理,具体DSP/retimer型号及工艺未在datasheet列。,厂商直接披露,"https://www.jabil.com/dam/jcr:cec3b44a-6968-41ef-af6e-d2b3901043f7/Jabil_1.6T%20DR8-DR8%2B-2xDR4-2xDR4%2B%20Transceiver%20Datasheet_07.pdf | Jabil 1.6T DR8/DR8+/2xDR4/2xDR4+ datasheet，1.0
https://www.jabil.com/news/jabil-launches-1.6t-pluggable-transceiver.html | Jabil Launches 1.6T Pluggable Transceiver — Intel SiPh platform
https://www.jabil.com/industries/photonics.html | Jabil Photonics（当前产品及服务目录）",2025-01-15（初版；当前PDF版权2026）；2025-04-01；UNKNOWN,2026-10-03,2025-04-01发布；当前datasheet有订购模式，未核SKU批量出货。,产品族披露
R115,Jabil,1.6T DR8 OSFP IHS,OS8DS3M2Cxx0PAM（订购模式，xx可配置）,04 驱动,待提取：本稿尚未取得该环节专项资料；不能据此断言厂商未披露,未提取/待检索,,2025-01-15（初版；当前PDF版权2026）；2025-04-01；UNKNOWN,2026-10-03,2025-04-01发布；当前datasheet有订购模式，未核SKU批量出货。,产品族披露
R115,Jabil,1.6T DR8 OSFP IHS,OS8DS3M2Cxx0PAM（订购模式，xx可配置）,05 发光与调制,2025发布平台采用Intel SiPh引擎；独立激光类型/颗数未列。,部分披露/有保留,"https://www.jabil.com/dam/jcr:cec3b44a-6968-41ef-af6e-d2b3901043f7/Jabil_1.6T%20DR8-DR8%2B-2xDR4-2xDR4%2B%20Transceiver%20Datasheet_07.pdf | Jabil 1.6T DR8/DR8+/2xDR4/2xDR4+ datasheet，1.0
https://www.jabil.com/news/jabil-launches-1.6t-pluggable-transceiver.html | Jabil Launches 1.6T Pluggable Transceiver — Intel SiPh platform
https://www.jabil.com/industries/photonics.html | Jabil Photonics（当前产品及服务目录）",2025-01-15（初版；当前PDF版权2026）；2025-04-01；UNKNOWN,2026-10-03,2025-04-01发布；当前datasheet有订购模式，未核SKU批量出货。,产品族披露
R115,Jabil,1.6T DR8 OSFP IHS,OS8DS3M2Cxx0PAM（订购模式，xx可配置）,06 载体与芯片互连,待提取：本稿尚未取得该环节专项资料；不能据此断言厂商未披露,未提取/待检索,,2025-01-15（初版；当前PDF版权2026）；2025-04-01；UNKNOWN,2026-10-03,2025-04-01发布；当前datasheet有订购模式，未核SKU批量出货。,产品族披露
R115,Jabil,1.6T DR8 OSFP IHS,OS8DS3M2Cxx0PAM（订购模式，xx可配置）,07 发射耦合,待提取：本稿尚未取得该环节专项资料；不能据此断言厂商未披露,未提取/待检索,,2025-01-15（初版；当前PDF版权2026）；2025-04-01；UNKNOWN,2026-10-03,2025-04-01发布；当前datasheet有订购模式，未核SKU批量出货。,产品族披露
R115,Jabil,1.6T DR8 OSFP IHS,OS8DS3M2Cxx0PAM（订购模式，xx可配置）,08 合波,1311nm并行接口；内部实现未列。,部分披露/有保留,"https://www.jabil.com/dam/jcr:cec3b44a-6968-41ef-af6e-d2b3901043f7/Jabil_1.6T%20DR8-DR8%2B-2xDR4-2xDR4%2B%20Transceiver%20Datasheet_07.pdf | Jabil 1.6T DR8/DR8+/2xDR4/2xDR4+ datasheet，1.0
https://www.jabil.com/news/jabil-launches-1.6t-pluggable-transceiver.html | Jabil Launches 1.6T Pluggable Transceiver — Intel SiPh platform
https://www.jabil.com/industries/photonics.html | Jabil Photonics（当前产品及服务目录）",2025-01-15（初版；当前PDF版权2026）；2025-04-01；UNKNOWN,2026-10-03,2025-04-01发布；当前datasheet有订购模式，未核SKU批量出货。,产品族披露
R115,Jabil,1.6T DR8 OSFP IHS,OS8DS3M2Cxx0PAM（订购模式，xx可配置）,09 外部光接口,8×200G PAM4，1311nm，DR8。；距离：500m；DR8+另型2km。；光纤接口见封装字段：OSFP IHS flat-top；双MPO-12 APC；RHS/MPO-16有另订购变体。,厂商直接披露,"https://www.jabil.com/dam/jcr:cec3b44a-6968-41ef-af6e-d2b3901043f7/Jabil_1.6T%20DR8-DR8%2B-2xDR4-2xDR4%2B%20Transceiver%20Datasheet_07.pdf | Jabil 1.6T DR8/DR8+/2xDR4/2xDR4+ datasheet，1.0
https://www.jabil.com/news/jabil-launches-1.6t-pluggable-transceiver.html | Jabil Launches 1.6T Pluggable Transceiver — Intel SiPh platform
https://www.jabil.com/industries/photonics.html | Jabil Photonics（当前产品及服务目录）",2025-01-15（初版；当前PDF版权2026）；2025-04-01；UNKNOWN,2026-10-03,2025-04-01发布；当前datasheet有订购模式，未核SKU批量出货。,产品族披露
R115,Jabil,1.6T DR8 OSFP IHS,OS8DS3M2Cxx0PAM（订购模式，xx可配置）,10 分波,1311nm并行接口；内部实现未列。,部分披露/有保留,"https://www.jabil.com/dam/jcr:cec3b44a-6968-41ef-af6e-d2b3901043f7/Jabil_1.6T%20DR8-DR8%2B-2xDR4-2xDR4%2B%20Transceiver%20Datasheet_07.pdf | Jabil 1.6T DR8/DR8+/2xDR4/2xDR4+ datasheet，1.0
https://www.jabil.com/news/jabil-launches-1.6t-pluggable-transceiver.html | Jabil Launches 1.6T Pluggable Transceiver — Intel SiPh platform
https://www.jabil.com/industries/photonics.html | Jabil Photonics（当前产品及服务目录）",2025-01-15（初版；当前PDF版权2026）；2025-04-01；UNKNOWN,2026-10-03,2025-04-01发布；当前datasheet有订购模式，未核SKU批量出货。,产品族披露
R115,Jabil,1.6T DR8 OSFP IHS,OS8DS3M2Cxx0PAM（订购模式，xx可配置）,11 接收耦合,待提取：本稿尚未取得该环节专项资料；不能据此断言厂商未披露,未提取/待检索,,2025-01-15（初版；当前PDF版权2026）；2025-04-01；UNKNOWN,2026-10-03,2025-04-01发布；当前datasheet有订购模式，未核SKU批量出货。,产品族披露
R115,Jabil,1.6T DR8 OSFP IHS,OS8DS3M2Cxx0PAM（订购模式，xx可配置）,12 探测器,PD/TIA未列。（探测器与接收放大联合披露，未给出部分保持UNKNOWN）,部分披露/有保留,"https://www.jabil.com/dam/jcr:cec3b44a-6968-41ef-af6e-d2b3901043f7/Jabil_1.6T%20DR8-DR8%2B-2xDR4-2xDR4%2B%20Transceiver%20Datasheet_07.pdf | Jabil 1.6T DR8/DR8+/2xDR4/2xDR4+ datasheet，1.0
https://www.jabil.com/news/jabil-launches-1.6t-pluggable-transceiver.html | Jabil Launches 1.6T Pluggable Transceiver — Intel SiPh platform
https://www.jabil.com/industries/photonics.html | Jabil Photonics（当前产品及服务目录）",2025-01-15（初版；当前PDF版权2026）；2025-04-01；UNKNOWN,2026-10-03,2025-04-01发布；当前datasheet有订购模式，未核SKU批量出货。,产品族披露
R115,Jabil,1.6T DR8 OSFP IHS,OS8DS3M2Cxx0PAM（订购模式，xx可配置）,13 接收放大,PD/TIA未列。（探测器与接收放大联合披露，未给出部分保持UNKNOWN）,部分披露/有保留,"https://www.jabil.com/dam/jcr:cec3b44a-6968-41ef-af6e-d2b3901043f7/Jabil_1.6T%20DR8-DR8%2B-2xDR4-2xDR4%2B%20Transceiver%20Datasheet_07.pdf | Jabil 1.6T DR8/DR8+/2xDR4/2xDR4+ datasheet，1.0
https://www.jabil.com/news/jabil-launches-1.6t-pluggable-transceiver.html | Jabil Launches 1.6T Pluggable Transceiver — Intel SiPh platform
https://www.jabil.com/industries/photonics.html | Jabil Photonics（当前产品及服务目录）",2025-01-15（初版；当前PDF版权2026）；2025-04-01；UNKNOWN,2026-10-03,2025-04-01发布；当前datasheet有订购模式，未核SKU批量出货。,产品族披露
R115,Jabil,1.6T DR8 OSFP IHS,OS8DS3M2Cxx0PAM（订购模式，xx可配置）,14 控制,待提取：本稿尚未取得该环节专项资料；不能据此断言厂商未披露,未提取/待检索,,2025-01-15（初版；当前PDF版权2026）；2025-04-01；UNKNOWN,2026-10-03,2025-04-01发布；当前datasheet有订购模式，未核SKU批量出货。,产品族披露
R115,Jabil,1.6T DR8 OSFP IHS,OS8DS3M2Cxx0PAM（订购模式，xx可配置）,15 非易失存储,待提取：本稿尚未取得该环节专项资料；不能据此断言厂商未披露,未提取/待检索,,2025-01-15（初版；当前PDF版权2026）；2025-04-01；UNKNOWN,2026-10-03,2025-04-01发布；当前datasheet有订购模式，未核SKU批量出货。,产品族披露
R115,Jabil,1.6T DR8 OSFP IHS,OS8DS3M2Cxx0PAM（订购模式，xx可配置）,16 电源,待提取：本稿尚未取得该环节专项资料；不能据此断言厂商未披露,未提取/待检索,,2025-01-15（初版；当前PDF版权2026）；2025-04-01；UNKNOWN,2026-10-03,2025-04-01发布；当前datasheet有订购模式，未核SKU批量出货。,产品族披露
R115,Jabil,1.6T DR8 OSFP IHS,OS8DS3M2Cxx0PAM（订购模式，xx可配置）,17 时钟,待提取：本稿尚未取得该环节专项资料；不能据此断言厂商未披露,未提取/待检索,,2025-01-15（初版；当前PDF版权2026）；2025-04-01；UNKNOWN,2026-10-03,2025-04-01发布；当前datasheet有订购模式，未核SKU批量出货。,产品族披露
R115,Jabil,1.6T DR8 OSFP IHS,OS8DS3M2Cxx0PAM（订购模式，xx可配置）,18 无源电子件,待提取：本稿尚未取得该环节专项资料；不能据此断言厂商未披露,未提取/待检索,,2025-01-15（初版；当前PDF版权2026）；2025-04-01；UNKNOWN,2026-10-03,2025-04-01发布；当前datasheet有订购模式，未核SKU批量出货。,产品族披露
R115,Jabil,1.6T DR8 OSFP IHS,OS8DS3M2Cxx0PAM（订购模式，xx可配置）,19 热管理,族规格typ <26W；精确SKU逐温度曲线未给。；具体散热器、材料与热设计UNKNOWN,部分披露/有保留,"https://www.jabil.com/dam/jcr:cec3b44a-6968-41ef-af6e-d2b3901043f7/Jabil_1.6T%20DR8-DR8%2B-2xDR4-2xDR4%2B%20Transceiver%20Datasheet_07.pdf | Jabil 1.6T DR8/DR8+/2xDR4/2xDR4+ datasheet，1.0
https://www.jabil.com/news/jabil-launches-1.6t-pluggable-transceiver.html | Jabil Launches 1.6T Pluggable Transceiver — Intel SiPh platform
https://www.jabil.com/industries/photonics.html | Jabil Photonics（当前产品及服务目录）",2025-01-15（初版；当前PDF版权2026）；2025-04-01；UNKNOWN,2026-10-03,2025-04-01发布；当前datasheet有订购模式，未核SKU批量出货。,产品族披露
R115,Jabil,1.6T DR8 OSFP IHS,OS8DS3M2Cxx0PAM（订购模式，xx可配置）,20 总体封装,OSFP IHS flat-top；双MPO-12 APC；RHS/MPO-16有另订购变体。,厂商直接披露,"https://www.jabil.com/dam/jcr:cec3b44a-6968-41ef-af6e-d2b3901043f7/Jabil_1.6T%20DR8-DR8%2B-2xDR4-2xDR4%2B%20Transceiver%20Datasheet_07.pdf | Jabil 1.6T DR8/DR8+/2xDR4/2xDR4+ datasheet，1.0
https://www.jabil.com/news/jabil-launches-1.6t-pluggable-transceiver.html | Jabil Launches 1.6T Pluggable Transceiver — Intel SiPh platform
https://www.jabil.com/industries/photonics.html | Jabil Photonics（当前产品及服务目录）",2025-01-15（初版；当前PDF版权2026）；2025-04-01；UNKNOWN,2026-10-03,2025-04-01发布；当前datasheet有订购模式，未核SKU批量出货。,产品族披露
R116,Jabil,1.6T 2×FR4 OSFP,OS8DIRLCCxx0CL4（flat-top；xx可配置）,01 主机电接口,8×200G PAM4，106.25GBd。,厂商直接披露,"https://www.jabil.com/dam/jcr:568cbd27-8187-4153-ad02-f596479762fc/Jabil_1.6T%202xFR4%20Transceiver%20Datasheet_05.pdf | Jabil 1.6T 2xFR4 datasheet，1.0
https://www.jabil.com/news/jabil-launches-1.6t-pluggable-transceiver.html | Jabil Launches 1.6T Pluggable Transceiver — Intel SiPh platform",2025-01-15；2025-04-01,2026-10-03,原厂datasheet与发布产品族可见；具体SKU交付未核。,产品族披露
R116,Jabil,1.6T 2×FR4 OSFP,OS8DIRLCCxx0CL4（flat-top；xx可配置）,02 PCB与电连接,待提取：本稿尚未取得该环节专项资料；不能据此断言厂商未披露,未提取/待检索,,2025-01-15；2025-04-01,2026-10-03,原厂datasheet与发布产品族可见；具体SKU交付未核。,产品族披露
R116,Jabil,1.6T 2×FR4 OSFP,OS8DIRLCCxx0CL4（flat-top；xx可配置）,03 电处理,具体DSP/retimer未列；电光baud不同已知，不补造转换芯片。,部分披露/有保留,"https://www.jabil.com/dam/jcr:568cbd27-8187-4153-ad02-f596479762fc/Jabil_1.6T%202xFR4%20Transceiver%20Datasheet_05.pdf | Jabil 1.6T 2xFR4 datasheet，1.0
https://www.jabil.com/news/jabil-launches-1.6t-pluggable-transceiver.html | Jabil Launches 1.6T Pluggable Transceiver — Intel SiPh platform",2025-01-15；2025-04-01,2026-10-03,原厂datasheet与发布产品族可见；具体SKU交付未核。,产品族披露
R116,Jabil,1.6T 2×FR4 OSFP,OS8DIRLCCxx0CL4（flat-top；xx可配置）,04 驱动,待提取：本稿尚未取得该环节专项资料；不能据此断言厂商未披露,未提取/待检索,,2025-01-15；2025-04-01,2026-10-03,原厂datasheet与发布产品族可见；具体SKU交付未核。,产品族披露
R116,Jabil,1.6T 2×FR4 OSFP,OS8DIRLCCxx0CL4（flat-top；xx可配置）,05 发光与调制,2025发布平台采用Intel SiPh；此SKU激光结构/颗数未列。,部分披露/有保留,"https://www.jabil.com/dam/jcr:568cbd27-8187-4153-ad02-f596479762fc/Jabil_1.6T%202xFR4%20Transceiver%20Datasheet_05.pdf | Jabil 1.6T 2xFR4 datasheet，1.0
https://www.jabil.com/news/jabil-launches-1.6t-pluggable-transceiver.html | Jabil Launches 1.6T Pluggable Transceiver — Intel SiPh platform",2025-01-15；2025-04-01,2026-10-03,原厂datasheet与发布产品族可见；具体SKU交付未核。,产品族披露
R116,Jabil,1.6T 2×FR4 OSFP,OS8DIRLCCxx0CL4（flat-top；xx可配置）,06 载体与芯片互连,待提取：本稿尚未取得该环节专项资料；不能据此断言厂商未披露,未提取/待检索,,2025-01-15；2025-04-01,2026-10-03,原厂datasheet与发布产品族可见；具体SKU交付未核。,产品族披露
R116,Jabil,1.6T 2×FR4 OSFP,OS8DIRLCCxx0CL4（flat-top；xx可配置）,07 发射耦合,待提取：本稿尚未取得该环节专项资料；不能据此断言厂商未披露,未提取/待检索,,2025-01-15；2025-04-01,2026-10-03,原厂datasheet与发布产品族可见；具体SKU交付未核。,产品族披露
R116,Jabil,1.6T 2×FR4 OSFP,OS8DIRLCCxx0CL4（flat-top；xx可配置）,08 合波,2×FR4波分；MUX/DEMUX工艺UNKNOWN。,部分披露/有保留,"https://www.jabil.com/dam/jcr:568cbd27-8187-4153-ad02-f596479762fc/Jabil_1.6T%202xFR4%20Transceiver%20Datasheet_05.pdf | Jabil 1.6T 2xFR4 datasheet，1.0
https://www.jabil.com/news/jabil-launches-1.6t-pluggable-transceiver.html | Jabil Launches 1.6T Pluggable Transceiver — Intel SiPh platform",2025-01-15；2025-04-01,2026-10-03,原厂datasheet与发布产品族可见；具体SKU交付未核。,产品族披露
R116,Jabil,1.6T 2×FR4 OSFP,OS8DIRLCCxx0CL4（flat-top；xx可配置）,09 外部光接口,两套4λWDM，1271/1291/1311/1331nm；光113.4375GBd。；距离：2km。；光纤接口见封装字段：OSFP IHS flat-top，双LC；RHS另号OS8DIRLCCxxSCL4。,厂商直接披露,"https://www.jabil.com/dam/jcr:568cbd27-8187-4153-ad02-f596479762fc/Jabil_1.6T%202xFR4%20Transceiver%20Datasheet_05.pdf | Jabil 1.6T 2xFR4 datasheet，1.0
https://www.jabil.com/news/jabil-launches-1.6t-pluggable-transceiver.html | Jabil Launches 1.6T Pluggable Transceiver — Intel SiPh platform",2025-01-15；2025-04-01,2026-10-03,原厂datasheet与发布产品族可见；具体SKU交付未核。,产品族披露
R116,Jabil,1.6T 2×FR4 OSFP,OS8DIRLCCxx0CL4（flat-top；xx可配置）,10 分波,2×FR4波分；MUX/DEMUX工艺UNKNOWN。,部分披露/有保留,"https://www.jabil.com/dam/jcr:568cbd27-8187-4153-ad02-f596479762fc/Jabil_1.6T%202xFR4%20Transceiver%20Datasheet_05.pdf | Jabil 1.6T 2xFR4 datasheet，1.0
https://www.jabil.com/news/jabil-launches-1.6t-pluggable-transceiver.html | Jabil Launches 1.6T Pluggable Transceiver — Intel SiPh platform",2025-01-15；2025-04-01,2026-10-03,原厂datasheet与发布产品族可见；具体SKU交付未核。,产品族披露
R116,Jabil,1.6T 2×FR4 OSFP,OS8DIRLCCxx0CL4（flat-top；xx可配置）,11 接收耦合,待提取：本稿尚未取得该环节专项资料；不能据此断言厂商未披露,未提取/待检索,,2025-01-15；2025-04-01,2026-10-03,原厂datasheet与发布产品族可见；具体SKU交付未核。,产品族披露
R116,Jabil,1.6T 2×FR4 OSFP,OS8DIRLCCxx0CL4（flat-top；xx可配置）,12 探测器,PD/TIA未列。（探测器与接收放大联合披露，未给出部分保持UNKNOWN）,部分披露/有保留,"https://www.jabil.com/dam/jcr:568cbd27-8187-4153-ad02-f596479762fc/Jabil_1.6T%202xFR4%20Transceiver%20Datasheet_05.pdf | Jabil 1.6T 2xFR4 datasheet，1.0
https://www.jabil.com/news/jabil-launches-1.6t-pluggable-transceiver.html | Jabil Launches 1.6T Pluggable Transceiver — Intel SiPh platform",2025-01-15；2025-04-01,2026-10-03,原厂datasheet与发布产品族可见；具体SKU交付未核。,产品族披露
R116,Jabil,1.6T 2×FR4 OSFP,OS8DIRLCCxx0CL4（flat-top；xx可配置）,13 接收放大,PD/TIA未列。（探测器与接收放大联合披露，未给出部分保持UNKNOWN）,部分披露/有保留,"https://www.jabil.com/dam/jcr:568cbd27-8187-4153-ad02-f596479762fc/Jabil_1.6T%202xFR4%20Transceiver%20Datasheet_05.pdf | Jabil 1.6T 2xFR4 datasheet，1.0
https://www.jabil.com/news/jabil-launches-1.6t-pluggable-transceiver.html | Jabil Launches 1.6T Pluggable Transceiver — Intel SiPh platform",2025-01-15；2025-04-01,2026-10-03,原厂datasheet与发布产品族可见；具体SKU交付未核。,产品族披露
R116,Jabil,1.6T 2×FR4 OSFP,OS8DIRLCCxx0CL4（flat-top；xx可配置）,14 控制,待提取：本稿尚未取得该环节专项资料；不能据此断言厂商未披露,未提取/待检索,,2025-01-15；2025-04-01,2026-10-03,原厂datasheet与发布产品族可见；具体SKU交付未核。,产品族披露
R116,Jabil,1.6T 2×FR4 OSFP,OS8DIRLCCxx0CL4（flat-top；xx可配置）,15 非易失存储,待提取：本稿尚未取得该环节专项资料；不能据此断言厂商未披露,未提取/待检索,,2025-01-15；2025-04-01,2026-10-03,原厂datasheet与发布产品族可见；具体SKU交付未核。,产品族披露
R116,Jabil,1.6T 2×FR4 OSFP,OS8DIRLCCxx0CL4（flat-top；xx可配置）,16 电源,待提取：本稿尚未取得该环节专项资料；不能据此断言厂商未披露,未提取/待检索,,2025-01-15；2025-04-01,2026-10-03,原厂datasheet与发布产品族可见；具体SKU交付未核。,产品族披露
R116,Jabil,1.6T 2×FR4 OSFP,OS8DIRLCCxx0CL4（flat-top；xx可配置）,17 时钟,待提取：本稿尚未取得该环节专项资料；不能据此断言厂商未披露,未提取/待检索,,2025-01-15；2025-04-01,2026-10-03,原厂datasheet与发布产品族可见；具体SKU交付未核。,产品族披露
R116,Jabil,1.6T 2×FR4 OSFP,OS8DIRLCCxx0CL4（flat-top；xx可配置）,18 无源电子件,待提取：本稿尚未取得该环节专项资料；不能据此断言厂商未披露,未提取/待检索,,2025-01-15；2025-04-01,2026-10-03,原厂datasheet与发布产品族可见；具体SKU交付未核。,产品族披露
R116,Jabil,1.6T 2×FR4 OSFP,OS8DIRLCCxx0CL4（flat-top；xx可配置）,19 热管理,typ <26W（产品族）。；具体散热器、材料与热设计UNKNOWN,部分披露/有保留,"https://www.jabil.com/dam/jcr:568cbd27-8187-4153-ad02-f596479762fc/Jabil_1.6T%202xFR4%20Transceiver%20Datasheet_05.pdf | Jabil 1.6T 2xFR4 datasheet，1.0
https://www.jabil.com/news/jabil-launches-1.6t-pluggable-transceiver.html | Jabil Launches 1.6T Pluggable Transceiver — Intel SiPh platform",2025-01-15；2025-04-01,2026-10-03,原厂datasheet与发布产品族可见；具体SKU交付未核。,产品族披露
R116,Jabil,1.6T 2×FR4 OSFP,OS8DIRLCCxx0CL4（flat-top；xx可配置）,20 总体封装,OSFP IHS flat-top，双LC；RHS另号OS8DIRLCCxxSCL4。,厂商直接披露,"https://www.jabil.com/dam/jcr:568cbd27-8187-4153-ad02-f596479762fc/Jabil_1.6T%202xFR4%20Transceiver%20Datasheet_05.pdf | Jabil 1.6T 2xFR4 datasheet，1.0
https://www.jabil.com/news/jabil-launches-1.6t-pluggable-transceiver.html | Jabil Launches 1.6T Pluggable Transceiver — Intel SiPh platform",2025-01-15；2025-04-01,2026-10-03,原厂datasheet与发布产品族可见；具体SKU交付未核。,产品族披露
R117,Jabil,1.6T LRO DR8 OSFP IHS,OL8DS3M2Cxx0PAM（订购模式，xx可配置）,01 主机电接口,8×200G PAM4，106.25GBd。,厂商直接披露,"https://www.jabil.com/dam/jcr:35daa182-ceec-4ce9-a961-79dbb15025db/Jabil_1.6T%20LRO%20DR8-DR8%2B%20Optical%20Transceiver%20Datasheet_04%20(1).pdf | Jabil 1.6T LRO DR8/DR8+ datasheet，1.0
https://www.jabil.com/industries/photonics.html | Jabil Photonics（当前产品及服务目录）",2026-03-20；UNKNOWN,2026-10-03,2026-03-20初版规格；当前公开目录列出，未核批量交付。,产品族披露
R117,Jabil,1.6T LRO DR8 OSFP IHS,OL8DS3M2Cxx0PAM（订购模式，xx可配置）,02 PCB与电连接,待提取：本稿尚未取得该环节专项资料；不能据此断言厂商未披露,未提取/待检索,,2026-03-20；UNKNOWN,2026-10-03,2026-03-20初版规格；当前公开目录列出，未核批量交付。,产品族披露
R117,Jabil,1.6T LRO DR8 OSFP IHS,OL8DS3M2Cxx0PAM（订购模式，xx可配置）,03 电处理,LRO/RTLR，接收线性；具体发射retimer/DSP型号未披露。,部分披露/有保留,"https://www.jabil.com/dam/jcr:35daa182-ceec-4ce9-a961-79dbb15025db/Jabil_1.6T%20LRO%20DR8-DR8%2B%20Optical%20Transceiver%20Datasheet_04%20(1).pdf | Jabil 1.6T LRO DR8/DR8+ datasheet，1.0
https://www.jabil.com/industries/photonics.html | Jabil Photonics（当前产品及服务目录）",2026-03-20；UNKNOWN,2026-10-03,2026-03-20初版规格；当前公开目录列出，未核批量交付。,产品族披露
R117,Jabil,1.6T LRO DR8 OSFP IHS,OL8DS3M2Cxx0PAM（订购模式，xx可配置）,04 驱动,待提取：本稿尚未取得该环节专项资料；不能据此断言厂商未披露,未提取/待检索,,2026-03-20；UNKNOWN,2026-10-03,2026-03-20初版规格；当前公开目录列出，未核批量交付。,产品族披露
R117,Jabil,1.6T LRO DR8 OSFP IHS,OL8DS3M2Cxx0PAM（订购模式，xx可配置）,05 发光与调制,激光/PIC平台UNKNOWN（本LRO datasheet未列）。,部分披露/有保留,"https://www.jabil.com/dam/jcr:35daa182-ceec-4ce9-a961-79dbb15025db/Jabil_1.6T%20LRO%20DR8-DR8%2B%20Optical%20Transceiver%20Datasheet_04%20(1).pdf | Jabil 1.6T LRO DR8/DR8+ datasheet，1.0
https://www.jabil.com/industries/photonics.html | Jabil Photonics（当前产品及服务目录）",2026-03-20；UNKNOWN,2026-10-03,2026-03-20初版规格；当前公开目录列出，未核批量交付。,产品族披露
R117,Jabil,1.6T LRO DR8 OSFP IHS,OL8DS3M2Cxx0PAM（订购模式，xx可配置）,06 载体与芯片互连,待提取：本稿尚未取得该环节专项资料；不能据此断言厂商未披露,未提取/待检索,,2026-03-20；UNKNOWN,2026-10-03,2026-03-20初版规格；当前公开目录列出，未核批量交付。,产品族披露
R117,Jabil,1.6T LRO DR8 OSFP IHS,OL8DS3M2Cxx0PAM（订购模式，xx可配置）,07 发射耦合,待提取：本稿尚未取得该环节专项资料；不能据此断言厂商未披露,未提取/待检索,,2026-03-20；UNKNOWN,2026-10-03,2026-03-20初版规格；当前公开目录列出，未核批量交付。,产品族披露
R117,Jabil,1.6T LRO DR8 OSFP IHS,OL8DS3M2Cxx0PAM（订购模式，xx可配置）,08 合波,并行接口；内部实现未列。,部分披露/有保留,"https://www.jabil.com/dam/jcr:35daa182-ceec-4ce9-a961-79dbb15025db/Jabil_1.6T%20LRO%20DR8-DR8%2B%20Optical%20Transceiver%20Datasheet_04%20(1).pdf | Jabil 1.6T LRO DR8/DR8+ datasheet，1.0
https://www.jabil.com/industries/photonics.html | Jabil Photonics（当前产品及服务目录）",2026-03-20；UNKNOWN,2026-10-03,2026-03-20初版规格；当前公开目录列出，未核批量交付。,产品族披露
R117,Jabil,1.6T LRO DR8 OSFP IHS,OL8DS3M2Cxx0PAM（订购模式，xx可配置）,09 外部光接口,8×200G PAM4，1311nm，DR8；DR8+光baud另值。；距离：DR8 500m；DR8+另型2km。；光纤接口见封装字段：OSFP IHS flat-top，双MPO-12 APC；MPO-16/RHS有独立订购模式。,厂商直接披露,"https://www.jabil.com/dam/jcr:35daa182-ceec-4ce9-a961-79dbb15025db/Jabil_1.6T%20LRO%20DR8-DR8%2B%20Optical%20Transceiver%20Datasheet_04%20(1).pdf | Jabil 1.6T LRO DR8/DR8+ datasheet，1.0
https://www.jabil.com/industries/photonics.html | Jabil Photonics（当前产品及服务目录）",2026-03-20；UNKNOWN,2026-10-03,2026-03-20初版规格；当前公开目录列出，未核批量交付。,产品族披露
R117,Jabil,1.6T LRO DR8 OSFP IHS,OL8DS3M2Cxx0PAM（订购模式，xx可配置）,10 分波,并行接口；内部实现未列。,部分披露/有保留,"https://www.jabil.com/dam/jcr:35daa182-ceec-4ce9-a961-79dbb15025db/Jabil_1.6T%20LRO%20DR8-DR8%2B%20Optical%20Transceiver%20Datasheet_04%20(1).pdf | Jabil 1.6T LRO DR8/DR8+ datasheet，1.0
https://www.jabil.com/industries/photonics.html | Jabil Photonics（当前产品及服务目录）",2026-03-20；UNKNOWN,2026-10-03,2026-03-20初版规格；当前公开目录列出，未核批量交付。,产品族披露
R117,Jabil,1.6T LRO DR8 OSFP IHS,OL8DS3M2Cxx0PAM（订购模式，xx可配置）,11 接收耦合,待提取：本稿尚未取得该环节专项资料；不能据此断言厂商未披露,未提取/待检索,,2026-03-20；UNKNOWN,2026-10-03,2026-03-20初版规格；当前公开目录列出，未核批量交付。,产品族披露
R117,Jabil,1.6T LRO DR8 OSFP IHS,OL8DS3M2Cxx0PAM（订购模式，xx可配置）,12 探测器,线性接收；PD/TIA细分未列。（探测器与接收放大联合披露，未给出部分保持UNKNOWN）,部分披露/有保留,"https://www.jabil.com/dam/jcr:35daa182-ceec-4ce9-a961-79dbb15025db/Jabil_1.6T%20LRO%20DR8-DR8%2B%20Optical%20Transceiver%20Datasheet_04%20(1).pdf | Jabil 1.6T LRO DR8/DR8+ datasheet，1.0
https://www.jabil.com/industries/photonics.html | Jabil Photonics（当前产品及服务目录）",2026-03-20；UNKNOWN,2026-10-03,2026-03-20初版规格；当前公开目录列出，未核批量交付。,产品族披露
R117,Jabil,1.6T LRO DR8 OSFP IHS,OL8DS3M2Cxx0PAM（订购模式，xx可配置）,13 接收放大,线性接收；PD/TIA细分未列。（探测器与接收放大联合披露，未给出部分保持UNKNOWN）,部分披露/有保留,"https://www.jabil.com/dam/jcr:35daa182-ceec-4ce9-a961-79dbb15025db/Jabil_1.6T%20LRO%20DR8-DR8%2B%20Optical%20Transceiver%20Datasheet_04%20(1).pdf | Jabil 1.6T LRO DR8/DR8+ datasheet，1.0
https://www.jabil.com/industries/photonics.html | Jabil Photonics（当前产品及服务目录）",2026-03-20；UNKNOWN,2026-10-03,2026-03-20初版规格；当前公开目录列出，未核批量交付。,产品族披露
R117,Jabil,1.6T LRO DR8 OSFP IHS,OL8DS3M2Cxx0PAM（订购模式，xx可配置）,14 控制,待提取：本稿尚未取得该环节专项资料；不能据此断言厂商未披露,未提取/待检索,,2026-03-20；UNKNOWN,2026-10-03,2026-03-20初版规格；当前公开目录列出，未核批量交付。,产品族披露
R117,Jabil,1.6T LRO DR8 OSFP IHS,OL8DS3M2Cxx0PAM（订购模式，xx可配置）,15 非易失存储,待提取：本稿尚未取得该环节专项资料；不能据此断言厂商未披露,未提取/待检索,,2026-03-20；UNKNOWN,2026-10-03,2026-03-20初版规格；当前公开目录列出，未核批量交付。,产品族披露
R117,Jabil,1.6T LRO DR8 OSFP IHS,OL8DS3M2Cxx0PAM（订购模式，xx可配置）,16 电源,待提取：本稿尚未取得该环节专项资料；不能据此断言厂商未披露,未提取/待检索,,2026-03-20；UNKNOWN,2026-10-03,2026-03-20初版规格；当前公开目录列出，未核批量交付。,产品族披露
R117,Jabil,1.6T LRO DR8 OSFP IHS,OL8DS3M2Cxx0PAM（订购模式，xx可配置）,17 时钟,待提取：本稿尚未取得该环节专项资料；不能据此断言厂商未披露,未提取/待检索,,2026-03-20；UNKNOWN,2026-10-03,2026-03-20初版规格；当前公开目录列出，未核批量交付。,产品族披露
R117,Jabil,1.6T LRO DR8 OSFP IHS,OL8DS3M2Cxx0PAM（订购模式，xx可配置）,18 无源电子件,待提取：本稿尚未取得该环节专项资料；不能据此断言厂商未披露,未提取/待检索,,2026-03-20；UNKNOWN,2026-10-03,2026-03-20初版规格；当前公开目录列出，未核批量交付。,产品族披露
R117,Jabil,1.6T LRO DR8 OSFP IHS,OL8DS3M2Cxx0PAM（订购模式，xx可配置）,19 热管理,11W typ，13W max（产品族）。；具体散热器、材料与热设计UNKNOWN,部分披露/有保留,"https://www.jabil.com/dam/jcr:35daa182-ceec-4ce9-a961-79dbb15025db/Jabil_1.6T%20LRO%20DR8-DR8%2B%20Optical%20Transceiver%20Datasheet_04%20(1).pdf | Jabil 1.6T LRO DR8/DR8+ datasheet，1.0
https://www.jabil.com/industries/photonics.html | Jabil Photonics（当前产品及服务目录）",2026-03-20；UNKNOWN,2026-10-03,2026-03-20初版规格；当前公开目录列出，未核批量交付。,产品族披露
R117,Jabil,1.6T LRO DR8 OSFP IHS,OL8DS3M2Cxx0PAM（订购模式，xx可配置）,20 总体封装,OSFP IHS flat-top，双MPO-12 APC；MPO-16/RHS有独立订购模式。,厂商直接披露,"https://www.jabil.com/dam/jcr:35daa182-ceec-4ce9-a961-79dbb15025db/Jabil_1.6T%20LRO%20DR8-DR8%2B%20Optical%20Transceiver%20Datasheet_04%20(1).pdf | Jabil 1.6T LRO DR8/DR8+ datasheet，1.0
https://www.jabil.com/industries/photonics.html | Jabil Photonics（当前产品及服务目录）",2026-03-20；UNKNOWN,2026-10-03,2026-03-20初版规格；当前公开目录列出，未核批量交付。,产品族披露
R118,Marvell,COLORZ 800,COLORZ 800（族；完整SKU UNKNOWN）,01 主机电接口,800GbE switch/router；电lane未在brief列。,厂商直接披露,"https://www.marvell.com/content/dam/marvell/en/public-collateral/optical-modules/marvell-optical-module-colorz-800-zr-zr%2B-product-brief.pdf | Marvell COLORZ 800 product brief
https://www.marvell.com/products/optical-modules.html | Marvell DCI Optical Modules（当前目录）
https://www.marvell.com/company/newsroom/marvell-doubles-reach-of-800Gbps-zr-zrplus-pluggable-modules-with-pcs.html | Marvell Doubles Reach of COLORZ 800 with PCS",2024-09；UNKNOWN；UNKNOWN（本次未回核具体发布日期）,2026-10-03,当前官方产品目录与brief可见；不据获奖或发布判实际销量。,产品族披露
R118,Marvell,COLORZ 800,COLORZ 800（族；完整SKU UNKNOWN）,02 PCB与电连接,待提取：本稿尚未取得该环节专项资料；不能据此断言厂商未披露,未提取/待检索,,2024-09；UNKNOWN；UNKNOWN（本次未回核具体发布日期）,2026-10-03,当前官方产品目录与brief可见；不据获奖或发布判实际销量。,产品族披露
R118,Marvell,COLORZ 800,COLORZ 800（族；完整SKU UNKNOWN）,03 电处理,5nm Orion coherent DSP。,厂商直接披露,"https://www.marvell.com/content/dam/marvell/en/public-collateral/optical-modules/marvell-optical-module-colorz-800-zr-zr%2B-product-brief.pdf | Marvell COLORZ 800 product brief
https://www.marvell.com/products/optical-modules.html | Marvell DCI Optical Modules（当前目录）
https://www.marvell.com/company/newsroom/marvell-doubles-reach-of-800Gbps-zr-zrplus-pluggable-modules-with-pcs.html | Marvell Doubles Reach of COLORZ 800 with PCS",2024-09；UNKNOWN；UNKNOWN（本次未回核具体发布日期）,2026-10-03,当前官方产品目录与brief可见；不据获奖或发布判实际销量。,产品族披露
R118,Marvell,COLORZ 800,COLORZ 800（族；完整SKU UNKNOWN）,04 驱动,待提取：本稿尚未取得该环节专项资料；不能据此断言厂商未披露,未提取/待检索,,2024-09；UNKNOWN；UNKNOWN（本次未回核具体发布日期）,2026-10-03,当前官方产品目录与brief可见；不据获奖或发布判实际销量。,产品族披露
R118,Marvell,COLORZ 800,COLORZ 800（族；完整SKU UNKNOWN）,05 发光与调制,窄线宽可调激光＋SiPh调制器＋driver。,厂商直接披露,"https://www.marvell.com/content/dam/marvell/en/public-collateral/optical-modules/marvell-optical-module-colorz-800-zr-zr%2B-product-brief.pdf | Marvell COLORZ 800 product brief
https://www.marvell.com/products/optical-modules.html | Marvell DCI Optical Modules（当前目录）
https://www.marvell.com/company/newsroom/marvell-doubles-reach-of-800Gbps-zr-zrplus-pluggable-modules-with-pcs.html | Marvell Doubles Reach of COLORZ 800 with PCS",2024-09；UNKNOWN；UNKNOWN（本次未回核具体发布日期）,2026-10-03,当前官方产品目录与brief可见；不据获奖或发布判实际销量。,产品族披露
R118,Marvell,COLORZ 800,COLORZ 800（族；完整SKU UNKNOWN）,06 载体与芯片互连,待提取：本稿尚未取得该环节专项资料；不能据此断言厂商未披露,未提取/待检索,,2024-09；UNKNOWN；UNKNOWN（本次未回核具体发布日期）,2026-10-03,当前官方产品目录与brief可见；不据获奖或发布判实际销量。,产品族披露
R118,Marvell,COLORZ 800,COLORZ 800（族；完整SKU UNKNOWN）,07 发射耦合,待提取：本稿尚未取得该环节专项资料；不能据此断言厂商未披露,未提取/待检索,,2024-09；UNKNOWN；UNKNOWN（本次未回核具体发布日期）,2026-10-03,当前官方产品目录与brief可见；不据获奖或发布判实际销量。,产品族披露
R118,Marvell,COLORZ 800,COLORZ 800（族；完整SKU UNKNOWN）,08 合波,单载波DWDM；内部合分波工艺未列。,部分披露/有保留,"https://www.marvell.com/content/dam/marvell/en/public-collateral/optical-modules/marvell-optical-module-colorz-800-zr-zr%2B-product-brief.pdf | Marvell COLORZ 800 product brief
https://www.marvell.com/products/optical-modules.html | Marvell DCI Optical Modules（当前目录）
https://www.marvell.com/company/newsroom/marvell-doubles-reach-of-800Gbps-zr-zrplus-pluggable-modules-with-pcs.html | Marvell Doubles Reach of COLORZ 800 with PCS",2024-09；UNKNOWN；UNKNOWN（本次未回核具体发布日期）,2026-10-03,当前官方产品目录与brief可见；不据获奖或发布判实际销量。,产品族披露
R118,Marvell,COLORZ 800,COLORZ 800（族；完整SKU UNKNOWN）,09 外部光接口,800G单载波120GBd16QAM；C或L带可调。；距离：2024-09 brief为800G最高500km；PCS/当前目录扩到1000km以上，依版本和模式。；光纤接口见封装字段：QSFP-DD或OSFP，SMF duplex LC。,厂商直接披露,"https://www.marvell.com/content/dam/marvell/en/public-collateral/optical-modules/marvell-optical-module-colorz-800-zr-zr%2B-product-brief.pdf | Marvell COLORZ 800 product brief
https://www.marvell.com/products/optical-modules.html | Marvell DCI Optical Modules（当前目录）
https://www.marvell.com/company/newsroom/marvell-doubles-reach-of-800Gbps-zr-zrplus-pluggable-modules-with-pcs.html | Marvell Doubles Reach of COLORZ 800 with PCS",2024-09；UNKNOWN；UNKNOWN（本次未回核具体发布日期）,2026-10-03,当前官方产品目录与brief可见；不据获奖或发布判实际销量。,产品族披露
R118,Marvell,COLORZ 800,COLORZ 800（族；完整SKU UNKNOWN）,10 分波,单载波DWDM；内部合分波工艺未列。,部分披露/有保留,"https://www.marvell.com/content/dam/marvell/en/public-collateral/optical-modules/marvell-optical-module-colorz-800-zr-zr%2B-product-brief.pdf | Marvell COLORZ 800 product brief
https://www.marvell.com/products/optical-modules.html | Marvell DCI Optical Modules（当前目录）
https://www.marvell.com/company/newsroom/marvell-doubles-reach-of-800Gbps-zr-zrplus-pluggable-modules-with-pcs.html | Marvell Doubles Reach of COLORZ 800 with PCS",2024-09；UNKNOWN；UNKNOWN（本次未回核具体发布日期）,2026-10-03,当前官方产品目录与brief可见；不据获奖或发布判实际销量。,产品族披露
R118,Marvell,COLORZ 800,COLORZ 800（族；完整SKU UNKNOWN）,11 接收耦合,待提取：本稿尚未取得该环节专项资料；不能据此断言厂商未披露,未提取/待检索,,2024-09；UNKNOWN；UNKNOWN（本次未回核具体发布日期）,2026-10-03,当前官方产品目录与brief可见；不据获奖或发布判实际销量。,产品族披露
R118,Marvell,COLORZ 800,COLORZ 800（族；完整SKU UNKNOWN）,12 探测器,相干接收＋TIA；PD材料/混频器未列。（探测器与接收放大联合披露，未给出部分保持UNKNOWN）,部分披露/有保留,"https://www.marvell.com/content/dam/marvell/en/public-collateral/optical-modules/marvell-optical-module-colorz-800-zr-zr%2B-product-brief.pdf | Marvell COLORZ 800 product brief
https://www.marvell.com/products/optical-modules.html | Marvell DCI Optical Modules（当前目录）
https://www.marvell.com/company/newsroom/marvell-doubles-reach-of-800Gbps-zr-zrplus-pluggable-modules-with-pcs.html | Marvell Doubles Reach of COLORZ 800 with PCS",2024-09；UNKNOWN；UNKNOWN（本次未回核具体发布日期）,2026-10-03,当前官方产品目录与brief可见；不据获奖或发布判实际销量。,产品族披露
R118,Marvell,COLORZ 800,COLORZ 800（族；完整SKU UNKNOWN）,13 接收放大,相干接收＋TIA；PD材料/混频器未列。（探测器与接收放大联合披露，未给出部分保持UNKNOWN）,部分披露/有保留,"https://www.marvell.com/content/dam/marvell/en/public-collateral/optical-modules/marvell-optical-module-colorz-800-zr-zr%2B-product-brief.pdf | Marvell COLORZ 800 product brief
https://www.marvell.com/products/optical-modules.html | Marvell DCI Optical Modules（当前目录）
https://www.marvell.com/company/newsroom/marvell-doubles-reach-of-800Gbps-zr-zrplus-pluggable-modules-with-pcs.html | Marvell Doubles Reach of COLORZ 800 with PCS",2024-09；UNKNOWN；UNKNOWN（本次未回核具体发布日期）,2026-10-03,当前官方产品目录与brief可见；不据获奖或发布判实际销量。,产品族披露
R118,Marvell,COLORZ 800,COLORZ 800（族；完整SKU UNKNOWN）,14 控制,待提取：本稿尚未取得该环节专项资料；不能据此断言厂商未披露,未提取/待检索,,2024-09；UNKNOWN；UNKNOWN（本次未回核具体发布日期）,2026-10-03,当前官方产品目录与brief可见；不据获奖或发布判实际销量。,产品族披露
R118,Marvell,COLORZ 800,COLORZ 800（族；完整SKU UNKNOWN）,15 非易失存储,待提取：本稿尚未取得该环节专项资料；不能据此断言厂商未披露,未提取/待检索,,2024-09；UNKNOWN；UNKNOWN（本次未回核具体发布日期）,2026-10-03,当前官方产品目录与brief可见；不据获奖或发布判实际销量。,产品族披露
R118,Marvell,COLORZ 800,COLORZ 800（族；完整SKU UNKNOWN）,16 电源,待提取：本稿尚未取得该环节专项资料；不能据此断言厂商未披露,未提取/待检索,,2024-09；UNKNOWN；UNKNOWN（本次未回核具体发布日期）,2026-10-03,当前官方产品目录与brief可见；不据获奖或发布判实际销量。,产品族披露
R118,Marvell,COLORZ 800,COLORZ 800（族；完整SKU UNKNOWN）,17 时钟,待提取：本稿尚未取得该环节专项资料；不能据此断言厂商未披露,未提取/待检索,,2024-09；UNKNOWN；UNKNOWN（本次未回核具体发布日期）,2026-10-03,当前官方产品目录与brief可见；不据获奖或发布判实际销量。,产品族披露
R118,Marvell,COLORZ 800,COLORZ 800（族；完整SKU UNKNOWN）,18 无源电子件,待提取：本稿尚未取得该环节专项资料；不能据此断言厂商未披露,未提取/待检索,,2024-09；UNKNOWN；UNKNOWN（本次未回核具体发布日期）,2026-10-03,当前官方产品目录与brief可见；不据获奖或发布判实际销量。,产品族披露
R118,Marvell,COLORZ 800,COLORZ 800（族；完整SKU UNKNOWN）,19 热管理,brief未列W值。；具体散热器、材料与热设计UNKNOWN,部分披露/有保留,"https://www.marvell.com/content/dam/marvell/en/public-collateral/optical-modules/marvell-optical-module-colorz-800-zr-zr%2B-product-brief.pdf | Marvell COLORZ 800 product brief
https://www.marvell.com/products/optical-modules.html | Marvell DCI Optical Modules（当前目录）
https://www.marvell.com/company/newsroom/marvell-doubles-reach-of-800Gbps-zr-zrplus-pluggable-modules-with-pcs.html | Marvell Doubles Reach of COLORZ 800 with PCS",2024-09；UNKNOWN；UNKNOWN（本次未回核具体发布日期）,2026-10-03,当前官方产品目录与brief可见；不据获奖或发布判实际销量。,产品族披露
R118,Marvell,COLORZ 800,COLORZ 800（族；完整SKU UNKNOWN）,20 总体封装,QSFP-DD或OSFP，SMF duplex LC。,厂商直接披露,"https://www.marvell.com/content/dam/marvell/en/public-collateral/optical-modules/marvell-optical-module-colorz-800-zr-zr%2B-product-brief.pdf | Marvell COLORZ 800 product brief
https://www.marvell.com/products/optical-modules.html | Marvell DCI Optical Modules（当前目录）
https://www.marvell.com/company/newsroom/marvell-doubles-reach-of-800Gbps-zr-zrplus-pluggable-modules-with-pcs.html | Marvell Doubles Reach of COLORZ 800 with PCS",2024-09；UNKNOWN；UNKNOWN（本次未回核具体发布日期）,2026-10-03,当前官方产品目录与brief可见；不据获奖或发布判实际销量。,产品族披露
